# Basket Delta surfaces — N=256, rho=0.0, domain [-6,6]^2
# sigma1=0.2 sigma2=0.2 r=0.05 T=1.0 K=100.0 Nt=500
# ~50x50 subgrid of full 256x256 mesh; 2704 rows
x1,x2,S1,S2,u_DPG,delta1,delta2
-5.9765625,-5.9765625,0.2537534091,0.2537534091,-6.543055077e-09,-3.384415023e-07,-3.379161127e-07
-5.9765625,-5.7421875,0.2537534091,0.3207743656,-1.316892023e-08,-5.603609359e-06,-2.929034039e-07
-5.9765625,-5.5078125,0.2537534091,0.4054967931,-6.179689363e-09,-9.690822997e-06,-2.072424987e-07
-5.9765625,-5.2734375,0.2537534091,0.5125959766,-4.077872818e-09,-1.356220548e-05,-1.709555294e-07
-5.9765625,-5.0390625,0.2537534091,0.6479820303,-4.176757167e-09,-1.65982361e-05,-8.722177181e-08
-5.9765625,-4.8046875,0.2537534091,0.8191260383,6.449418956e-09,-1.839660516e-05,-3.61591465e-08
-5.9765625,-4.5703125,0.2537534091,1.035472336,1.380315372e-08,-1.855014246e-05,5.660873618e-09
-5.9765625,-4.3359375,0.2537534091,1.308959682,1.51455023e-08,-1.64070619e-05,8.349270701e-08
-5.9765625,-4.1015625,0.2537534091,1.654680082,3.944538836e-08,-1.157178652e-05,1.035362752e-07
-5.9765625,-3.8671875,0.2537534091,2.091711616,6.902348464e-08,-4.371885279e-06,7.250618302e-08
-5.9765625,-3.6328125,0.2537534091,2.644171242,6.441227896e-08,4.841907444e-06,7.346652534e-08
-5.9765625,-3.3984375,0.2537534091,3.342545645,6.101167153e-08,1.594055449e-05,8.620467947e-08
-5.9765625,-3.1640625,0.2537534091,4.225373613,4.756959018e-08,2.595110233e-05,4.846347284e-08
-5.9765625,-2.9296875,0.2537534091,5.341372733,1.530738131e-07,3.180715025e-05,2.196276516e-07
-5.9765625,-2.6953125,0.2537534091,6.752127808,6.919571745e-08,5.192193415e-05,2.30158439e-08
-5.9765625,-2.4609375,0.2537534091,8.535489323,5.287230194e-08,5.953608527e-05,1.014871873e-08
-5.9765625,-2.2265625,0.2537534091,10.78986951,3.026417383e-08,6.337037823e-05,-5.393359771e-09
-5.9765625,-1.9921875,0.2537534091,13.6396731,-4.46492752e-08,6.143372442e-05,-7.775732612e-09
-5.9765625,-1.7578125,0.2537534091,17.24216239,-7.935230987e-08,5.392324098e-05,-1.408373958e-08
-5.9765625,-1.5234375,0.2537534091,21.79613556,-8.608618021e-08,3.995127895e-05,-2.390002571e-08
-5.9765625,-1.2890625,0.2537534091,27.55289705,-1.76078701e-07,1.996081414e-05,-2.268288927e-08
-5.9765625,-1.0546875,0.2537534091,34.83012544,-2.64829141e-07,-3.13208447e-06,-1.413905748e-08
-5.9765625,-0.8203125,0.2537534091,44.02940411,-2.519239724e-07,-2.755937569e-05,-1.160248912e-08
-5.9765625,-0.5859375,0.2537534091,55.65838198,-2.495500338e-07,-5.232978712e-05,-1.084532118e-08
-5.9765625,-0.3515625,0.2537534091,70.35878743,-2.991308562e-07,-7.492628083e-05,-6.3597229e-09
-5.9765625,-0.1171875,0.2537534091,88.94184116,-2.596094301e-07,-8.87878353e-05,-3.320985239e-09
-5.9765625,0.1171875,0.2537534091,112.4330222,-4.593788769e-07,-0.0001039646726,-5.846806602e-09
-5.9765625,0.3515625,0.2537534091,142.1286575,-2.265004386e-07,-0.0001178953575,-2.489952849e-10
-5.9765625,0.5859375,0.2537534091,179.6674579,-2.172000837e-07,-0.0001218782389,6.07620059e-10
-5.9765625,0.8203125,0.2537534091,227.120948,-1.287250373e-07,-0.000119603036,1.004449195e-09
-5.9765625,1.0546875,0.2537534091,287.1077802,-7.135027492e-08,-0.0001110716564,1.199061614e-09
-5.9765625,1.2890625,0.2537534091,362.9382414,-6.425149288e-08,-9.705245804e-05,1.573179388e-09
-5.9765625,1.5234375,0.2537534091,458.7969264,1.528932448e-08,-7.926545665e-05,1.373836979e-09
-5.9765625,1.7578125,0.2537534091,579.9736584,1.263281551e-07,-5.985577105e-05,8.505272728e-10
-5.9765625,1.9921875,0.2537534091,733.1554008,1.470930144e-07,-4.037160166e-05,6.791829088e-10
-5.9765625,2.2265625,0.2537534091,926.7952672,1.478560185e-07,-2.053930514e-05,6.511812348e-10
-5.9765625,2.4609375,0.2537534091,1171.578995,2.20339459e-07,-1.181702622e-06,4.670295451e-10
-5.9765625,2.6953125,0.2537534091,1481.01462,2.618684121e-07,1.576305443e-05,2.271003229e-10
-5.9765625,2.9296875,0.2537534091,1872.177903,7.150498656e-07,3.376873159e-05,2.223804576e-10
-5.9765625,3.1640625,0.2537534091,2366.654624,1.543246202e-08,4.592033014e-05,1.246372479e-10
-5.9765625,3.3984375,0.2537534091,2991.73177,3.111650024e-07,5.69067713e-05,9.191733568e-11
-5.9765625,3.6328125,0.2537534091,3781.903321,3.091649137e-07,6.559592979e-05,3.554934881e-11
-5.9765625,3.8671875,0.2537534091,4780.773756,2.804205943e-07,7.079529207e-05,1.150638353e-11
-5.9765625,4.1015625,0.2537534091,6043.464299,2.808866207e-07,7.211469314e-05,-8.35037712e-12
-5.9765625,4.3359375,0.2537534091,7639.654709,2.736613927e-07,6.975324946e-05,-1.99095925e-11
-5.9765625,4.5703125,0.2537534091,9657.428452,2.162318802e-07,6.401203628e-05,-1.867775679e-11
-5.9765625,4.8046875,0.2537534091,12208.13346,1.785938537e-07,5.601844337e-05,-1.922392346e-11
-5.9765625,5.0390625,0.2537534091,15432.52672,1.773115343e-07,4.615856454e-05,-2.0822275e-11
-5.9765625,5.2734375,0.2537534091,19508.54173,1.364012438e-07,3.48846466e-05,-1.740185721e-11
-5.9765625,5.5078125,0.2537534091,24661.10749,6.063923444e-08,2.358599106e-05,-1.079097613e-11
-5.9765625,5.7421875,0.2537534091,31174.56092,2.749761065e-08,1.25656694e-05,-8.467884348e-12
-5.9765625,5.9765625,0.2537534091,39408.33756,-2.011324589e-08,7.148254402e-07,-4.561935068e-12
-5.7421875,-5.9765625,0.3207743656,0.2537534091,-1.608806428e-08,-3.3320743e-07,-5.355333094e-06
-5.7421875,-5.7421875,0.3207743656,0.3207743656,-1.904675837e-07,-4.699848972e-06,-4.264046636e-06
-5.7421875,-5.5078125,0.3207743656,0.4054967931,-2.762010943e-07,-8.331148134e-06,-3.06728784e-06
-5.7421875,-5.2734375,0.3207743656,0.5125959766,-3.775602779e-07,-1.150952608e-05,-2.23218403e-06
-5.7421875,-5.0390625,0.3207743656,0.6479820303,-4.638268671e-07,-1.394377806e-05,-1.162514412e-06
-5.7421875,-4.8046875,0.3207743656,0.8191260383,-4.911264472e-07,-1.516167534e-05,-3.82529452e-07
-5.7421875,-4.5703125,0.3207743656,1.035472336,-4.952802578e-07,-1.49211018e-05,3.251955913e-07
-5.7421875,-4.3359375,0.3207743656,1.308959682,-4.364246997e-07,-1.277991065e-05,1.087756502e-06
-5.7421875,-4.1015625,0.3207743656,1.654680082,-2.477022035e-07,-8.520533851e-06,1.323349026e-06
-5.7421875,-3.8671875,0.3207743656,2.091711616,-3.022040963e-08,-2.443376415e-06,1.156264502e-06
-5.7421875,-3.6328125,0.3207743656,2.644171242,1.480672859e-07,5.210267932e-06,1.153154873e-06
-5.7421875,-3.3984375,0.3207743656,3.342545645,4.195003212e-07,1.408305675e-05,1.16297265e-06
-5.7421875,-3.1640625,0.3207743656,4.225373613,7.725750188e-07,2.51075895e-05,8.700301005e-07
-5.7421875,-2.9296875,0.3207743656,5.341372733,1.160438404e-06,3.35874253e-05,5.773818552e-07
-5.7421875,-2.6953125,0.3207743656,6.752127808,1.321781927e-06,4.041207623e-05,3.459741721e-07
-5.7421875,-2.4609375,0.3207743656,8.535489323,1.470668672e-06,4.549141028e-05,1.762726832e-07
-5.7421875,-2.2265625,0.3207743656,10.78986951,1.510064136e-06,4.70739762e-05,-8.55233344e-09
-5.7421875,-1.9921875,0.3207743656,13.6396731,1.371925315e-06,4.46221053e-05,-1.004737629e-07
-5.7421875,-1.7578125,0.3207743656,17.24216239,1.21700333e-06,3.769220114e-05,-1.898259807e-07
-5.7421875,-1.5234375,0.3207743656,21.79613556,8.779212283e-07,2.616253518e-05,-2.722646579e-07
-5.7421875,-1.2890625,0.3207743656,27.55289705,2.318086775e-07,1.106056126e-05,-2.563904322e-07
-5.7421875,-1.0546875,0.3207743656,34.83012544,-3.576745444e-07,-5.912213265e-06,-1.895210914e-07
-5.7421875,-0.8203125,0.3207743656,44.02940411,-7.65973041e-07,-2.331616263e-05,-1.553025757e-07
-5.7421875,-0.5859375,0.3207743656,55.65838198,-1.304563846e-06,-4.008653188e-05,-1.305829991e-07
-5.7421875,-0.3515625,0.3207743656,70.35878743,-1.888531762e-06,-5.43369723e-05,-8.531865581e-08
-5.7421875,-0.1171875,0.3207743656,88.94184116,-1.908205126e-06,-6.945783972e-05,-4.670523576e-08
-5.7421875,0.1171875,0.3207743656,112.4330222,-1.640437873e-06,-7.621388062e-05,-2.773866518e-08
-5.7421875,0.3515625,0.3207743656,142.1286575,-2.622541771e-06,-7.912783568e-05,-1.025477623e-08
-5.7421875,0.5859375,0.3207743656,179.6674579,-2.635037247e-06,-7.992894012e-05,4.173714806e-10
-5.7421875,0.8203125,0.3207743656,227.120948,-2.471271041e-06,-7.660562604e-05,7.777800212e-09
-5.7421875,1.0546875,0.3207743656,287.1077802,-2.285051926e-06,-6.928592293e-05,1.223179464e-08
-5.7421875,1.2890625,0.3207743656,362.9382414,-1.975013002e-06,-5.866287071e-05,1.471769869e-08
-5.7421875,1.5234375,0.3207743656,458.7969264,-1.438108463e-06,-4.57768122e-05,1.277438991e-08
-5.7421875,1.7578125,0.3207743656,579.9736584,-9.482444674e-07,-3.251791769e-05,9.170899944e-09
-5.7421875,1.9921875,0.3207743656,733.1554008,-6.292792447e-07,-1.920418152e-05,7.4781472e-09
-5.7421875,2.2265625,0.3207743656,926.7952672,-2.175235582e-07,-6.18878756e-06,6.532523388e-09
-5.7421875,2.4609375,0.3207743656,1171.578995,2.995323871e-07,5.852316714e-06,4.66162722e-09
-5.7421875,2.6953125,0.3207743656,1481.01462,6.394559081e-07,1.621080168e-05,2.734478455e-09
-5.7421875,2.9296875,0.3207743656,1872.177903,1.110052259e-06,2.797930914e-05,2.090108798e-09
-5.7421875,3.1640625,0.3207743656,2366.654624,8.88535301e-07,3.494554551e-05,1.595423039e-09
-5.7421875,3.3984375,0.3207743656,2991.73177,1.421636229e-06,4.058612056e-05,9.916279778e-10
-5.7421875,3.6328125,0.3207743656,3781.903321,1.558717471e-06,4.549400071e-05,4.663633842e-10
-5.7421875,3.8671875,0.3207743656,4780.773756,1.601933771e-06,4.811490226e-05,1.481137971e-10
-5.7421875,4.1015625,0.3207743656,6043.464299,1.632191247e-06,4.82266314e-05,-5.63044948e-11
-5.7421875,4.3359375,0.3207743656,7639.654709,1.550102117e-06,4.572810259e-05,-1.734752944e-10
-5.7421875,4.5703125,0.3207743656,9657.428452,1.359324283e-06,4.160394806e-05,-2.017227859e-10
-5.7421875,4.8046875,0.3207743656,12208.13346,1.200147834e-06,3.602891143e-05,-2.103368678e-10
-5.7421875,5.0390625,0.3207743656,15432.52672,1.021649976e-06,2.927661878e-05,-2.112160942e-10
-5.7421875,5.2734375,0.3207743656,19508.54173,7.263019812e-07,2.208658731e-05,-1.725664891e-10
-5.7421875,5.5078125,0.3207743656,24661.10749,4.483251622e-07,1.484380045e-05,-1.215151084e-10
-5.7421875,5.7421875,0.3207743656,31174.56092,2.894136128e-07,7.802952077e-06,-1.002898026e-10
-5.7421875,5.9765625,0.3207743656,39408.33756,-4.847369021e-08,5.507425723e-07,-6.101961698e-11
-5.5078125,-5.9765625,0.4054967931,0.2537534091,-1.912288748e-08,-2.187724987e-07,-9.380920922e-06
-5.5078125,-5.7421875,0.4054967931,0.3207743656,-3.065643911e-07,-3.263431562e-06,-7.613721464e-06
-5.5078125,-5.5078125,0.4054967931,0.4054967931,-4.323871572e-07,-5.709925749e-06,-5.423825171e-06
-5.5078125,-5.2734375,0.4054967931,0.5125959766,-5.932847196e-07,-7.779393978e-06,-3.861423305e-06
-5.5078125,-5.0390625,0.4054967931,0.6479820303,-7.235039105e-07,-9.103290119e-06,-1.925276496e-06
-5.5078125,-4.8046875,0.4054967931,0.8191260383,-7.729707727e-07,-9.523354477e-06,-5.6890303e-07
-5.5078125,-4.5703125,0.4054967931,1.035472336,-7.97730695e-07,-8.814680146e-06,7.059767957e-07
-5.5078125,-4.3359375,0.4054967931,1.308959682,-6.955689341e-07,-6.778242193e-06,2.065548237e-06
-5.5078125,-4.1015625,0.4054967931,1.654680082,-3.788961741e-07,-3.413595017e-06,2.401077196e-06
-5.5078125,-3.8671875,0.4054967931,2.091711616,-6.106954061e-08,9.974119538e-07,2.044860992e-06
-5.5078125,-3.6328125,0.4054967931,2.644171242,1.811701069e-07,6.011466964e-06,2.009209865e-06
-5.5078125,-3.3984375,0.4054967931,3.342545645,6.071830457e-07,1.142745164e-05,2.005473636e-06
-5.5078125,-3.1640625,0.4054967931,4.225373613,1.246195406e-06,1.774152885e-05,1.649886814e-06
-5.5078125,-2.9296875,0.4054967931,5.341372733,1.966184855e-06,2.133153099e-05,6.699699653e-07
-5.5078125,-2.6953125,0.4054967931,6.752127808,1.981800144e-06,2.470627892e-05,5.431074755e-07
-5.5078125,-2.4609375,0.4054967931,8.535489323,2.152761442e-06,2.591058451e-05,2.361185176e-07
-5.5078125,-2.2265625,0.4054967931,10.78986951,2.146124358e-06,2.503923866e-05,-6.293264275e-08
-5.5078125,-1.9921875,0.4054967931,13.6396731,1.961473188e-06,2.148024526e-05,-1.98556336e-07
-5.5078125,-1.7578125,0.4054967931,17.24216239,1.794849035e-06,1.561149794e-05,-3.490981373e-07
-5.5078125,-1.5234375,0.4054967931,21.79613556,1.231762073e-06,7.812474703e-06,-4.774084611e-07
-5.5078125,-1.2890625,0.4054967931,27.55289705,2.180028907e-07,-1.243000229e-06,-4.322532589e-07
-5.5078125,-1.0546875,0.4054967931,34.83012544,-5.851640722e-07,-1.017264172e-05,-3.09388973e-07
-5.5078125,-0.8203125,0.4054967931,44.02940411,-1.124002722e-06,-1.806671891e-05,-2.478469954e-07
-5.5078125,-0.5859375,0.4054967931,55.65838198,-1.870815231e-06,-2.410645948e-05,-2.010204435e-07
-5.5078125,-0.3515625,0.4054967931,70.35878743,-2.633340274e-06,-2.806798871e-05,-1.278437715e-07
-5.5078125,-0.1171875,0.4054967931,88.94184116,-2.863369327e-06,-3.268006499e-05,-8.385757287e-08
-5.5078125,0.1171875,0.4054967931,112.4330222,-2.820379065e-06,-3.085758954e-05,-2.755011064e-08
-5.5078125,0.3515625,0.4054967931,142.1286575,-3.585252985e-06,-2.940913613e-05,-1.098474173e-08
-5.5078125,0.5859375,0.4054967931,179.6674579,-3.434230757e-06,-2.709502147e-05,4.220674505e-09
-5.5078125,0.8203125,0.4054967931,227.120948,-3.243481199e-06,-2.33673567e-05,1.467627228e-08
-5.5078125,1.0546875,0.4054967931,287.1077802,-3.045764468e-06,-1.833640633e-05,2.112115955e-08
-5.5078125,1.2890625,0.4054967931,362.9382414,-2.509837148e-06,-1.246865426e-05,2.443196817e-08
-5.5078125,1.5234375,0.4054967931,458.7969264,-1.687949015e-06,-6.786549037e-06,2.028804673e-08
-5.5078125,1.7578125,0.4054967931,579.9736584,-1.091060075e-06,-1.422373487e-06,1.420188398e-08
-5.5078125,1.9921875,0.4054967931,733.1554008,-7.187584399e-07,3.181477656e-06,1.149135473e-08
-5.5078125,2.2265625,0.4054967931,926.7952672,-1.249592019e-07,6.96365477e-06,9.866643199e-09
-5.5078125,2.4609375,0.4054967931,1171.578995,5.533179383e-07,9.871582536e-06,6.816340063e-09
-5.5078125,2.6953125,0.4054967931,1481.01462,9.477134683e-07,1.208159544e-05,4.094553333e-09
-5.5078125,2.9296875,0.4054967931,1872.177903,1.685747354e-06,1.261259679e-05,3.364098472e-09
-5.5078125,3.1640625,0.4054967931,2366.654624,1.310858757e-06,1.358860855e-05,2.120355499e-09
-5.5078125,3.3984375,0.4054967931,2991.73177,1.951078518e-06,1.529589438e-05,1.414046711e-09
-5.5078125,3.6328125,0.4054967931,3781.903321,2.094410744e-06,1.582119741e-05,6.31608878e-10
-5.5078125,3.8671875,0.4054967931,4780.773756,2.186300198e-06,1.538749238e-05,1.515996558e-10
-5.5078125,4.1015625,0.4054967931,6043.464299,2.173226987e-06,1.410322443e-05,-1.439383215e-10
-5.5078125,4.3359375,0.4054967931,7639.654709,1.967670178e-06,1.24793021e-05,-2.915229949e-10
-5.5078125,4.5703125,0.4054967931,9657.428452,1.746219115e-06,1.052746508e-05,-3.201850403e-10
-5.5078125,4.8046875,0.4054967931,12208.13346,1.612792902e-06,8.407286355e-06,-3.27714255e-10
-5.5078125,5.0390625,0.4054967931,15432.52672,1.319833759e-06,6.350157315e-06,-3.213354939e-10
-5.5078125,5.2734375,0.4054967931,19508.54173,8.654653626e-07,4.501561854e-06,-2.547939969e-10
-5.5078125,5.5078125,0.4054967931,24661.10749,5.549772997e-07,2.96820172e-06,-1.760698305e-10
-5.5078125,5.7421875,0.4054967931,31174.56092,4.117677903e-07,1.551791993e-06,-1.479881023e-10
-5.5078125,5.9765625,0.4054967931,39408.33756,-5.556059443e-08,1.293765384e-07,-8.91744332e-11
-5.2734375,-5.9765625,0.5125959766,0.2537534091,-1.798068928e-08,-1.595823261e-07,-1.312785249e-05
-5.2734375,-5.7421875,0.5125959766,0.3207743656,-4.134779648e-07,-2.21778418e-06,-1.056894687e-05
-5.2734375,-5.5078125,0.5125959766,0.4054967931,-5.82672932e-07,-3.826532886e-06,-7.431508537e-06
-5.2734375,-5.2734375,0.5125959766,0.5125959766,-7.87899904e-07,-4.972630923e-06,-4.987170933e-06
-5.2734375,-5.0390625,0.5125959766,0.6479820303,-9.508225755e-07,-5.417288274e-06,-2.226765092e-06
-5.2734375,-4.8046875,0.5125959766,0.8191260383,-9.972615089e-07,-5.03301e-06,-4.224511838e-07
-5.2734375,-4.5703125,0.5125959766,1.035472336,-1.011377728e-06,-3.799490908e-06,1.325264936e-06
-5.2734375,-4.3359375,0.5125959766,1.308959682,-8.514653413e-07,-1.67330337e-06,3.117834657e-06
-5.2734375,-4.1015625,0.5125959766,1.654680082,-3.972897056e-07,1.232277461e-06,3.449689053e-06
-5.2734375,-3.8671875,0.5125959766,2.091711616,3.849842023e-08,4.431552998e-06,2.83223223e-06
-5.2734375,-3.6328125,0.5125959766,2.644171242,3.372376686e-07,7.558390048e-06,2.679388783e-06
-5.2734375,-3.3984375,0.5125959766,3.342545645,8.506954859e-07,1.028524538e-05,2.556918598e-06
-5.2734375,-3.1640625,0.5125959766,4.225373613,1.703141403e-06,1.2164792e-05,1.993083695e-06
-5.2734375,-2.9296875,0.5125959766,5.341372733,2.457658103e-06,1.168446951e-05,8.437526543e-07
-5.2734375,-2.6953125,0.5125959766,6.752127808,2.484877158e-06,1.265864082e-05,5.817591723e-07
-5.2734375,-2.4609375,0.5125959766,8.535489323,2.58202961e-06,1.090871716e-05,1.521108288e-07
-5.2734375,-2.2265625,0.5125959766,10.78986951,2.473805176e-06,7.556509789e-06,-2.077175584e-07
-5.2734375,-1.9921875,0.5125959766,13.6396731,2.186485973e-06,3.203600614e-06,-3.386982109e-07
-5.2734375,-1.7578125,0.5125959766,17.24216239,1.918943501e-06,-1.631718153e-06,-4.964311669e-07
-5.2734375,-1.5234375,0.5125959766,21.79613556,1.198035434e-06,-6.418802913e-06,-6.292462042e-07
-5.2734375,-1.2890625,0.5125959766,27.55289705,-5.674228471e-08,-1.041584802e-05,-5.41274389e-07
-5.2734375,-1.0546875,0.5125959766,34.83012544,-1.024843926e-06,-1.27178569e-05,-3.660398563e-07
-5.2734375,-0.8203125,0.5125959766,44.02940411,-1.543761675e-06,-1.290099473e-05,-2.75174996e-07
-5.2734375,-0.5859375,0.5125959766,55.65838198,-2.227675886e-06,-1.121716498e-05,-2.101819163e-07
-5.2734375,-0.3515625,0.5125959766,70.35878743,-3.003092575e-06,-7.727133567e-06,-1.225143815e-07
-5.2734375,-0.1171875,0.5125959766,88.94184116,-3.331820837e-06,-3.771353685e-06,-7.344482757e-08
-5.2734375,0.1171875,0.5125959766,112.4330222,-3.31903989e-06,2.452945701e-06,-1.752162296e-08
-5.2734375,0.3515625,0.5125959766,142.1286575,-3.584375066e-06,7.15409453e-06,-7.078050552e-10
-5.2734375,0.5859375,0.5125959766,179.6674579,-3.365565193e-06,1.141883535e-05,1.368644156e-08
-5.2734375,0.8203125,0.5125959766,227.120948,-3.110894003e-06,1.492231639e-05,2.156312293e-08
-5.2734375,1.0546875,0.5125959766,287.1077802,-2.814064793e-06,1.717539451e-05,2.675217554e-08
-5.2734375,1.2890625,0.5125959766,362.9382414,-2.188200197e-06,1.801707605e-05,2.844317415e-08
-5.2734375,1.5234375,0.5125959766,458.7969264,-1.314251514e-06,1.770252019e-05,2.255547481e-08
-5.2734375,1.7578125,0.5125959766,579.9736584,-7.142348701e-07,1.620775355e-05,1.504017493e-08
-5.2734375,1.9921875,0.5125959766,733.1554008,-3.807700081e-07,1.371436755e-05,1.172599268e-08
-5.2734375,2.2265625,0.5125959766,926.7952672,1.271810221e-07,1.050693003e-05,9.791538796e-09
-5.2734375,2.4609375,0.5125959766,1171.578995,7.755169482e-07,6.776377785e-06,6.436032679e-09
-5.2734375,2.6953125,0.5125959766,1481.01462,1.186627177e-06,2.449663321e-06,3.46113267e-09
-5.2734375,2.9296875,0.5125959766,1872.177903,1.459466477e-06,-1.125892025e-06,2.984475939e-09
-5.2734375,3.1640625,0.5125959766,2366.654624,1.82140753e-06,-5.344680241e-06,1.899043885e-09
-5.2734375,3.3984375,0.5125959766,2991.73177,1.913076832e-06,-7.707844322e-06,1.26213104e-09
-5.2734375,3.6328125,0.5125959766,3781.903321,2.059833744e-06,-1.018431878e-05,4.793028982e-10
-5.2734375,3.8671875,0.5125959766,4780.773756,2.066107365e-06,-1.21887013e-05,1.147339695e-11
-5.2734375,4.1015625,0.5125959766,6043.464299,1.951937671e-06,-1.342817259e-05,-2.320000505e-10
-5.2734375,4.3359375,0.5125959766,7639.654709,1.747204517e-06,-1.392344545e-05,-3.466113921e-10
-5.2734375,4.5703125,0.5125959766,9657.428452,1.596473821e-06,-1.373636572e-05,-3.55021034e-10
-5.2734375,4.8046875,0.5125959766,12208.13346,1.427288118e-06,-1.278649157e-05,-3.378950405e-10
-5.2734375,5.0390625,0.5125959766,15432.52672,1.095746373e-06,-1.106672292e-05,-3.150631005e-10
-5.2734375,5.2734375,0.5125959766,19508.54173,7.091007934e-07,-8.724834711e-06,-2.401582941e-10
-5.2734375,5.5078125,0.5125959766,24661.10749,4.680655962e-07,-6.060871875e-06,-1.603194277e-10
-5.2734375,5.7421875,0.5125959766,31174.56092,3.580103786e-07,-3.225389167e-06,-1.361887283e-10
-5.2734375,5.9765625,0.5125959766,39408.33756,-6.388939046e-08,-2.064818838e-07,-8.035897327e-11
-5.0390625,-5.9765625,0.6479820303,0.2537534091,-1.424276077e-08,-8.947690479e-08,-1.613724244e-05
-5.0390625,-5.7421875,0.6479820303,0.3207743656,-4.956550715e-07,-1.221528854e-06,-1.295596714e-05
-5.0390625,-5.5078125,0.6479820303,0.4054967931,-7.01561366e-07,-2.038994381e-06,-8.808666589e-06
-5.0390625,-5.2734375,0.6479820303,0.5125959766,-9.441594504e-07,-2.396235988e-06,-5.400320983e-06
-5.0390625,-5.0390625,0.6479820303,0.6479820303,-1.097232367e-06,-2.157683808e-06,-1.943846465e-06
-5.0390625,-4.8046875,0.6479820303,0.8191260383,-1.110372748e-06,-1.279459635e-06,1.694424041e-07
-5.0390625,-4.5703125,0.6479820303,1.035472336,-1.092778258e-06,1.543481575e-07,2.18651824e-06
-5.0390625,-4.3359375,0.6479820303,1.308959682,-8.446721616e-07,2.090877474e-06,4.228805617e-06
-5.0390625,-4.1015625,0.6479820303,1.654680082,-2.478719231e-07,4.222576406e-06,4.376785006e-06
-5.0390625,-3.8671875,0.6479820303,2.091711616,2.714908928e-07,6.091434376e-06,3.444446824e-06
-5.0390625,-3.6328125,0.6479820303,2.644171242,5.909239683e-07,7.428073392e-06,3.074536861e-06
-5.0390625,-3.3984375,0.6479820303,3.342545645,1.172373292e-06,7.864019126e-06,2.722559536e-06
-5.0390625,-3.1640625,0.6479820303,4.225373613,2.024833173e-06,7.244709059e-06,1.9310488e-06
-5.0390625,-2.9296875,0.6479820303,5.341372733,2.722167445e-06,5.412856515e-06,7.457715351e-07
-5.0390625,-2.6953125,0.6479820303,6.752127808,2.676819162e-06,2.367039196e-06,3.914263373e-07
-5.0390625,-2.4609375,0.6479820303,8.535489323,2.670498384e-06,-1.422558428e-06,-1.012205961e-07
-5.0390625,-2.2265625,0.6479820303,10.78986951,2.33855874e-06,-5.557802258e-06,-4.347260658e-07
-5.0390625,-1.9921875,0.6479820303,13.6396731,1.883347366e-06,-9.453459946e-06,-4.978121394e-07
-5.0390625,-1.7578125,0.6479820303,17.24216239,1.557588084e-06,-1.234674966e-05,-6.039572293e-07
-5.0390625,-1.5234375,0.6479820303,21.79613556,7.319223464e-07,-1.381239933e-05,-6.960378458e-07
-5.0390625,-1.2890625,0.6479820303,27.55289705,-6.26718182e-07,-1.315738873e-05,-5.516077655e-07
-5.0390625,-1.0546875,0.6479820303,34.83012544,-1.469311693e-06,-1.014357251e-05,-3.391605146e-07
-5.0390625,-0.8203125,0.6479820303,44.02940411,-1.745285424e-06,-5.197768064e-06,-2.28433037e-07
-5.0390625,-0.5859375,0.6479820303,55.65838198,-2.284978361e-06,1.410371021e-06,-1.527841302e-07
-5.0390625,-0.3515625,0.6479820303,70.35878743,-2.838774348e-06,8.746626971e-06,-7.111260159e-08
-5.0390625,-0.1171875,0.6479820303,88.94184116,-3.271217052e-06,1.537634289e-05,-2.238779377e-08
-5.0390625,0.1171875,0.6479820303,112.4330222,-3.442185806e-06,2.30474384e-05,1.320475958e-08
-5.0390625,0.3515625,0.6479820303,142.1286575,-2.636519603e-06,2.881575922e-05,1.883148372e-08
-5.0390625,0.5859375,0.6479820303,179.6674579,-2.291737056e-06,3.23912248e-05,2.471647432e-08
-5.0390625,0.8203125,0.6479820303,227.120948,-1.941747492e-06,3.365413e-05,2.512339266e-08
-5.0390625,1.0546875,0.6479820303,287.1077802,-1.666196796e-06,3.226955871e-05,2.537391146e-08
-5.0390625,1.2890625,0.6479820303,362.9382414,-1.160705469e-06,2.875739161e-05,2.45175192e-08
-5.0390625,1.5234375,0.6479820303,458.7969264,-4.653465029e-07,2.354136459e-05,1.774632012e-08
-5.0390625,1.7578125,0.6479820303,579.9736584,-9.118769379e-08,1.724776963e-05,1.058089324e-08
-5.0390625,1.9921875,0.6479820303,733.1554008,-1.385115338e-08,1.05228144e-05,7.751219652e-09
-5.0390625,2.2265625,0.6479820303,926.7952672,2.843346013e-07,3.570050187e-06,6.189319393e-09
-5.0390625,2.4609375,0.6479820303,1171.578995,7.308708537e-07,-3.366477922e-06,3.53815549e-09
-5.0390625,2.6953125,0.6479820303,1481.01462,8.453282062e-07,-9.720502542e-06,1.370616078e-09
-5.0390625,2.9296875,0.6479820303,1872.177903,7.129703583e-07,-1.496562101e-05,1.144625652e-09
-5.0390625,3.1640625,0.6479820303,2366.654624,1.291948832e-06,-2.051487113e-05,9.410522827e-10
-5.0390625,3.3984375,0.6479820303,2991.73177,1.092603733e-06,-2.447805036e-05,6.341675387e-10
-5.0390625,3.6328125,0.6479820303,3781.903321,1.118242752e-06,-2.749832368e-05,8.684718552e-11
-5.0390625,3.8671875,0.6479820303,4780.773756,9.996007824e-07,-2.915323596e-05,-1.388045235e-10
-5.0390625,4.1015625,0.6479820303,6043.464299,9.028353894e-07,-2.943067407e-05,-2.459263168e-10
-5.0390625,4.3359375,0.6479820303,7639.654709,8.14002801e-07,-2.845214547e-05,-2.90008706e-10
-5.0390625,4.5703125,0.6479820303,9657.428452,6.814763619e-07,-2.636869784e-05,-2.593470873e-10
-5.0390625,4.8046875,0.6479820303,12208.13346,5.534633476e-07,-2.330932883e-05,-2.205795876e-10
-5.0390625,5.0390625,0.6479820303,15432.52672,3.950444881e-07,-1.941400125e-05,-1.81846326e-10
-5.0390625,5.2734375,0.6479820303,19508.54173,2.150015227e-07,-1.495729668e-05,-1.245050262e-10
-5.0390625,5.5078125,0.6479820303,24661.10749,1.299494682e-07,-1.023694429e-05,-7.220503423e-11
-5.0390625,5.7421875,0.6479820303,31174.56092,1.457670666e-07,-5.407319544e-06,-6.189442964e-11
-5.0390625,5.9765625,0.6479820303,39408.33756,-3.129439937e-08,-3.785358107e-07,-3.31175612e-11
-4.8046875,-5.9765625,0.8191260383,0.2537534091,-2.65739313e-10,-3.011795056e-08,-1.805039676e-05
-4.8046875,-5.7421875,0.8191260383,0.3207743656,-5.315847978e-07,-3.789157087e-07,-1.436149429e-05
-4.8046875,-5.5078125,0.8191260383,0.4054967931,-7.719908868e-07,-5.475741443e-07,-9.398081247e-06
-4.8046875,-5.2734375,0.8191260383,0.5125959766,-1.019565159e-06,-3.515745709e-07,-4.943630781e-06
-4.8046875,-5.0390625,0.8191260383,0.6479820303,-1.129644588e-06,3.332207258e-07,-1.000166767e-06
-4.8046875,-4.8046875,0.8191260383,0.8191260383,-1.086444151e-06,1.39859938e-06,1.143065954e-06
-4.8046875,-4.5703125,0.8191260383,1.035472336,-1.023945431e-06,2.788993685e-06,3.275809802e-06
-4.8046875,-4.3359375,0.8191260383,1.308959682,-6.800083351e-07,4.295506597e-06,5.250727741e-06
-4.8046875,-4.1015625,0.8191260383,1.654680082,1.158428693e-08,5.534512484e-06,5.038105189e-06
-4.8046875,-3.8671875,0.8191260383,2.091711616,5.403591949e-07,6.209346601e-06,3.777336927e-06
-4.8046875,-3.6328125,0.8191260383,2.644171242,8.934775868e-07,6.089365747e-06,3.101662275e-06
-4.8046875,-3.3984375,0.8191260383,3.342545645,1.478566275e-06,4.851728614e-06,2.421008048e-06
-4.8046875,-3.1640625,0.8191260383,4.225373613,2.156896655e-06,2.182153933e-06,1.471820882e-06
-4.8046875,-2.9296875,0.8191260383,5.341372733,2.783483796e-06,-1.058022385e-06,4.056172363e-07
-4.8046875,-2.6953125,0.8191260383,6.752127808,2.518082872e-06,-5.103830667e-06,9.325524031e-09
-4.8046875,-2.4609375,0.8191260383,8.535489323,2.312470337e-06,-9.129366911e-06,-4.844093941e-07
-4.8046875,-2.2265625,0.8191260383,10.78986951,1.726261284e-06,-1.286386736e-05,-6.982209529e-07
-4.8046875,-1.9921875,0.8191260383,13.6396731,1.161748517e-06,-1.524776273e-05,-6.243344372e-07
-4.8046875,-1.7578125,0.8191260383,17.24216239,8.136010042e-07,-1.596038101e-05,-6.389982855e-07
-4.8046875,-1.5234375,0.8191260383,21.79613556,-4.215203774e-08,-1.442374952e-05,-6.42515192e-07
-4.8046875,-1.2890625,0.8191260383,27.55289705,-1.1471632e-06,-1.041505054e-05,-4.464032943e-07
-4.8046875,-1.0546875,0.8191260383,34.83012544,-1.577262164e-06,-4.521795511e-06,-2.281325734e-07
-4.8046875,-0.8203125,0.8191260383,44.02940411,-1.678174959e-06,2.732430634e-06,-1.146293449e-07
-4.8046875,-0.5859375,0.8191260383,55.65838198,-1.934403812e-06,1.069133659e-05,-4.220726492e-08
-4.8046875,-0.3515625,0.8191260383,70.35878743,-1.972681362e-06,1.830270995e-05,1.356447399e-08
-4.8046875,-0.1171875,0.8191260383,88.94184116,-1.677371911e-06,2.7161879e-05,2.828384697e-08
-4.8046875,0.1171875,0.8191260383,112.4330222,2.275774651e-07,3.147982481e-05,3.884512307e-08
-4.8046875,0.3515625,0.8191260383,142.1286575,-1.014883896e-06,3.331676959e-05,3.669251793e-08
-4.8046875,0.5859375,0.8191260383,179.6674579,-5.629569922e-07,3.423631449e-05,2.924342828e-08
-4.8046875,0.8203125,0.8191260383,227.120948,-2.869401022e-07,3.239401327e-05,1.957319744e-08
-4.8046875,1.0546875,0.8191260383,287.1077802,-1.934475992e-07,2.801706741e-05,1.498308805e-08
-4.8046875,1.2890625,0.8191260383,362.9382414,7.209783346e-08,2.164493578e-05,1.138746476e-08
-4.8046875,1.5234375,0.8191260383,458.7969264,2.975877794e-07,1.411887399e-05,5.867040708e-09
-4.8046875,1.7578125,0.8191260383,579.9736584,2.024306308e-07,6.396899885e-06,1.687992662e-09
-4.8046875,1.9921875,0.8191260383,733.1554008,6.272911819e-08,-1.056811769e-06,6.134648119e-10
-4.8046875,2.2265625,0.8191260383,926.7952672,9.880291301e-08,-8.073250205e-06,2.845242853e-10
-4.8046875,2.4609375,0.8191260383,1171.578995,8.258032551e-08,-1.428110502e-05,-6.513236281e-10
-4.8046875,2.6953125,0.8191260383,1481.01462,-1.565448535e-07,-1.94003188e-05,-1.260790858e-09
-4.8046875,2.9296875,0.8191260383,1872.177903,-4.819749224e-09,-2.445707129e-05,-1.014108199e-09
-4.8046875,3.1640625,0.8191260383,2366.654624,1.798944248e-07,-2.758369894e-05,-2.761375756e-10
-4.8046875,3.3984375,0.8191260383,2991.73177,-3.731943387e-07,-2.979901345e-05,-1.378955705e-10
-4.8046875,3.6328125,0.8191260383,3781.903321,-4.972571742e-07,-3.143854213e-05,-2.363759273e-10
-4.8046875,3.8671875,0.8191260383,4780.773756,-5.841761926e-07,-3.173195395e-05,-1.749253633e-10
-4.8046875,4.1015625,0.8191260383,6043.464299,-5.846146473e-07,-3.066640448e-05,-9.77552124e-11
-4.8046875,4.3359375,0.8191260383,7639.654709,-5.924124039e-07,-2.851686848e-05,-7.277313699e-11
-4.8046875,4.5703125,0.8191260383,9657.428452,-6.060101361e-07,-2.547058247e-05,-3.995441787e-11
-4.8046875,4.8046875,0.8191260383,12208.13346,-5.773391202e-07,-2.181019279e-05,8.435220839e-12
-4.8046875,5.0390625,0.8191260383,15432.52672,-5.207021603e-07,-1.773142546e-05,3.834815134e-11
-4.8046875,5.2734375,0.8191260383,19508.54173,-4.273958429e-07,-1.341514693e-05,5.470189533e-11
-4.8046875,5.5078125,0.8191260383,24661.10749,-2.906080861e-07,-9.086529704e-06,6.132896965e-11
-4.8046875,5.7421875,0.8191260383,31174.56092,-1.320621237e-07,-4.775870808e-06,4.843206939e-11
-4.8046875,5.9765625,0.8191260383,39408.33756,7.496424022e-10,-3.537901272e-07,3.798673019e-11
-4.5703125,-5.9765625,1.035472336,0.2537534091,2.212390896e-08,9.608997515e-09,-1.839331525e-05
-4.5703125,-5.7421875,1.035472336,0.3207743656,-5.208309234e-07,3.076535918e-07,-1.452926905e-05
-4.5703125,-5.5078125,1.035472336,0.4054967931,-7.833820094e-07,6.600096427e-07,-8.955510116e-06
-4.5703125,-5.2734375,1.035472336,0.5125959766,-1.006285936e-06,1.288132819e-06,-3.589454833e-06
-4.5703125,-5.0390625,1.035472336,0.6479820303,-1.044866669e-06,2.194990008e-06,5.262840053e-07
-4.5703125,-4.8046875,1.035472336,0.8191260383,-9.355601842e-07,3.323489358e-06,2.468626335e-06
-4.5703125,-4.5703125,1.035472336,1.035472336,-8.072370176e-07,4.476824831e-06,4.40392094e-06
-4.5703125,-4.3359375,1.035472336,1.308959682,-3.894222567e-07,5.412865885e-06,5.988992047e-06
-4.5703125,-4.1015625,1.035472336,1.654680082,3.095354811e-07,5.82362407e-06,5.306774833e-06
-4.5703125,-3.8671875,1.035472336,2.091711616,8.480174288e-07,5.516470867e-06,3.725361861e-06
-4.5703125,-3.6328125,1.035472336,2.644171242,1.233053821e-06,4.229787361e-06,2.680864912e-06
-4.5703125,-3.3984375,1.035472336,3.342545645,1.669589379e-06,1.787116965e-06,1.624419285e-06
-4.5703125,-3.1640625,1.035472336,4.225373613,2.102439878e-06,-1.58992965e-06,6.241241779e-07
-4.5703125,-2.9296875,1.035472336,5.341372733,2.433842076e-06,-5.053099365e-06,-2.039807231e-07
-4.5703125,-2.6953125,1.035472336,6.752127808,2.03015189e-06,-9.500963215e-06,-5.067617382e-07
-4.5703125,-2.4609375,1.035472336,8.535489323,1.605608194e-06,-1.302057103e-05,-8.977617356e-07
-4.5703125,-2.2265625,1.035472336,10.78986951,8.319910334e-07,-1.536909074e-05,-9.11410936e-07
-4.5703125,-1.9921875,1.035472336,13.6396731,2.176369403e-07,-1.604656849e-05,-6.723046875e-07
-4.5703125,-1.7578125,1.035472336,17.24216239,-1.693901494e-07,-1.454919536e-05,-5.55676646e-07
-4.5703125,-1.5234375,1.035472336,21.79613556,-7.902652642e-07,-1.075290454e-05,-4.532269886e-07
-4.5703125,-1.2890625,1.035472336,27.55289705,-1.335549328e-06,-5.088878789e-06,-2.380358462e-07
-4.5703125,-1.0546875,1.035472336,34.83012544,-1.42445006e-06,1.690514369e-06,-5.131693763e-08
-4.5703125,-0.8203125,1.035472336,44.02940411,-1.348322813e-06,8.864456541e-06,4.036804309e-08
-4.5703125,-0.5859375,1.035472336,55.65838198,-1.087784109e-06,1.559859581e-05,8.537937467e-08
-4.5703125,-0.3515625,1.035472336,70.35878743,-6.116262834e-07,2.093177635e-05,9.214455666e-08
-4.5703125,-0.1171875,1.035472336,88.94184116,-3.019515966e-07,2.476117997e-05,6.170587979e-08
-4.5703125,0.1171875,1.035472336,112.4330222,1.673321904e-06,2.649912115e-05,6.69571666e-08
-4.5703125,0.3515625,1.035472336,142.1286575,6.902017425e-07,2.567520713e-05,4.134399192e-08
-4.5703125,0.5859375,1.035472336,179.6674579,9.77627973e-07,2.363433488e-05,1.915199963e-08
-4.5703125,0.8203125,1.035472336,227.120948,1.019778415e-06,1.939110337e-05,2.893634715e-09
-4.5703125,1.0546875,1.035472336,287.1077802,9.661787806e-07,1.349721038e-05,-4.753264954e-09
-4.5703125,1.2890625,1.035472336,362.9382414,7.784842997e-07,6.671335263e-06,-8.440466551e-09
-4.5703125,1.5234375,1.035472336,458.7969264,3.527871082e-07,-1.947975652e-07,-9.633035325e-09
-4.5703125,1.7578125,1.035472336,579.9736584,-6.141789662e-08,-6.439312977e-06,-8.863357512e-09
-4.5703125,1.9921875,1.035472336,733.1554008,-3.423656029e-07,-1.177399669e-05,-7.045190156e-09
-4.5703125,2.2265625,1.035472336,926.7952672,-6.732619443e-07,-1.599124753e-05,-5.247336226e-09
-4.5703125,2.4609375,1.035472336,1171.578995,-1.06839842e-06,-1.902149108e-05,-4.039805522e-09
-4.5703125,2.6953125,1.035472336,1481.01462,-1.356312538e-06,-2.081359563e-05,-3.021548166e-09
-4.5703125,2.9296875,1.035472336,1872.177903,-8.261428089e-07,-2.220766879e-05,-2.341520767e-09
-4.5703125,3.1640625,1.035472336,2366.654624,-1.935177715e-06,-2.293372492e-05,-9.3085008e-10
-4.5703125,3.3984375,1.035472336,2991.73177,-1.852071341e-06,-2.298956932e-05,-5.296404669e-10
-4.5703125,3.6328125,1.035472336,3781.903321,-1.949846616e-06,-2.282988876e-05,-2.897321613e-10
-4.5703125,3.8671875,1.035472336,4780.773756,-2.010250247e-06,-2.17726917e-05,3.124410703e-11
-4.5703125,4.1015625,1.035472336,6043.464299,-1.942380604e-06,-1.993230253e-05,2.315644155e-10
-4.5703125,4.3359375,1.035472336,7639.654709,-1.751992268e-06,-1.744829415e-05,2.637994175e-10
-4.5703125,4.5703125,1.035472336,9657.428452,-1.599833705e-06,-1.471365369e-05,2.541729071e-10
-4.5703125,4.8046875,1.035472336,12208.13346,-1.470456732e-06,-1.190145802e-05,2.635817825e-10
-4.5703125,5.0390625,1.035472336,15432.52672,-1.214878835e-06,-9.16089408e-06,2.613023218e-10
-4.5703125,5.2734375,1.035472336,19508.54173,-8.642348142e-07,-6.657593942e-06,2.220695221e-10
-4.5703125,5.5078125,1.035472336,24661.10749,-5.707622264e-07,-4.357854848e-06,1.802052156e-10
-4.5703125,5.7421875,1.035472336,31174.56092,-3.52810358e-07,-2.243207907e-06,1.449001412e-10
-4.5703125,5.9765625,1.035472336,39408.33756,6.502557413e-09,-1.746068492e-07,9.993417029e-11
-4.3359375,-5.9765625,1.308959682,0.2537534091,4.150796822e-08,5.601299779e-08,-1.669525227e-05
-4.3359375,-5.7421875,1.308959682,0.3207743656,-4.481053337e-07,8.611976975e-07,-1.311556837e-05
-4.3359375,-5.5078125,1.308959682,0.4054967931,-6.991025499e-07,1.610277382e-06,-7.364397584e-06
-4.3359375,-5.2734375,1.308959682,0.5125959766,-8.66657547e-07,2.498045295e-06,-1.369534318e-06
-4.3359375,-5.0390625,1.308959682,0.6479820303,-7.925752055e-07,3.512243851e-06,2.526798302e-06
-4.3359375,-4.8046875,1.308959682,0.8191260383,-5.931616359e-07,4.47664379e-06,3.903153638e-06
-4.3359375,-4.5703125,1.308959682,1.035472336,-4.12433636e-07,5.228418175e-06,5.337666168e-06
-4.3359375,-4.3359375,1.308959682,1.308959682,2.324787248e-08,5.564684417e-06,6.249955789e-06
-4.3359375,-4.1015625,1.308959682,1.654680082,7.111387014e-07,5.228698709e-06,5.02123982e-06
-4.3359375,-3.8671875,1.308959682,2.091711616,1.207071125e-06,4.045429609e-06,3.184369879e-06
-4.3359375,-3.6328125,1.308959682,2.644171242,1.485492855e-06,1.960635646e-06,1.762737795e-06
-4.3359375,-3.3984375,1.308959682,3.342545645,1.676071259e-06,-9.159830895e-07,4.3780067e-07
-4.3359375,-3.1640625,1.308959682,4.225373613,1.698324513e-06,-4.263319342e-06,-4.005388568e-07
-4.3359375,-2.9296875,1.308959682,5.341372733,1.873888456e-06,-7.352143803e-06,-1.192960596e-06
-4.3359375,-2.6953125,1.308959682,6.752127808,1.136132044e-06,-1.131747543e-05,-1.029941524e-06
-4.3359375,-2.4609375,1.308959682,8.535489323,5.56868907e-07,-1.353061509e-05,-1.227262934e-06
-4.3359375,-2.2265625,1.308959682,10.78986951,-3.408355402e-07,-1.428514538e-05,-9.922494336e-07
-4.3359375,-1.9921875,1.308959682,13.6396731,-9.542568616e-07,-1.307309128e-05,-5.758531477e-07
-4.3359375,-1.7578125,1.308959682,17.24216239,-1.132727613e-06,-9.906180601e-06,-3.324739843e-07
-4.3359375,-1.5234375,1.308959682,21.79613556,-1.274705907e-06,-5.126863858e-06,-1.50447634e-07
-4.3359375,-1.2890625,1.308959682,27.55289705,-1.255185964e-06,6.892458395e-07,3.974548911e-08
-4.3359375,-1.0546875,1.308959682,34.83012544,-9.492391904e-07,6.657640477e-06,1.526546081e-07
-4.3359375,-0.8203125,1.308959682,44.02940411,-4.913054084e-07,1.186826831e-05,1.899207221e-07
-4.3359375,-0.5859375,1.308959682,55.65838198,1.660874999e-07,1.560031928e-05,1.827258203e-07
-4.3359375,-0.3515625,1.308959682,70.35878743,9.50939808e-07,1.743103387e-05,1.350385595e-07
-4.3359375,-0.1171875,1.308959682,88.94184116,2.144800196e-06,1.574608891e-05,1.002722009e-07
-4.3359375,0.1171875,1.308959682,112.4330222,2.06300194e-06,1.442469605e-05,4.270000143e-08
-4.3359375,0.3515625,1.308959682,142.1286575,1.945757572e-06,1.210175828e-05,1.904324282e-08
-4.3359375,0.5859375,1.308959682,179.6674579,1.932950159e-06,8.271753678e-06,-7.508696507e-09
-4.3359375,0.8203125,1.308959682,227.120948,1.680440004e-06,3.327732781e-06,-2.305480361e-08
-4.3359375,1.0546875,1.308959682,287.1077802,1.259372396e-06,-1.774697521e-06,-2.823651738e-08
-4.3359375,1.2890625,1.308959682,362.9382414,5.465330292e-07,-6.461090936e-06,-2.784119046e-08
-4.3359375,1.5234375,1.308959682,458.7969264,-2.818304697e-07,-1.029896185e-05,-2.280026669e-08
-4.3359375,1.7578125,1.308959682,579.9736584,-8.866523832e-07,-1.303184874e-05,-1.661521774e-08
-4.3359375,1.9921875,1.308959682,733.1554008,-1.353065176e-06,-1.453968288e-05,-1.142907406e-08
-4.3359375,2.2265625,1.308959682,926.7952672,-1.84264381e-06,-1.48705541e-05,-7.413904861e-09
-4.3359375,2.4609375,1.308959682,1171.578995,-2.229627313e-06,-1.415371278e-05,-4.624347842e-09
-4.3359375,2.6953125,1.308959682,1481.01462,-2.465827439e-06,-1.270218371e-05,-2.813029448e-09
-4.3359375,2.9296875,1.308959682,1872.177903,-2.034897657e-06,-1.168278182e-05,-2.22389502e-09
-4.3359375,3.1640625,1.308959682,2366.654624,-3.458247302e-06,-9.274121577e-06,-4.851354603e-10
-4.3359375,3.3984375,1.308959682,2991.73177,-2.765747594e-06,-7.801175739e-06,-2.95607327e-10
-4.3359375,3.6328125,1.308959682,3781.903321,-2.811692444e-06,-6.368166887e-06,5.509008345e-11
-4.3359375,3.8671875,1.308959682,4780.773756,-2.788317089e-06,-4.7879353e-06,4.262866945e-10
-4.3359375,4.1015625,1.308959682,6043.464299,-2.539900494e-06,-3.134573746e-06,6.299127789e-10
-4.3359375,4.3359375,1.308959682,7639.654709,-2.199531319e-06,-1.554907884e-06,5.902576413e-10
-4.3359375,4.5703125,1.308959682,9657.428452,-1.957331107e-06,-1.79962387e-07,4.882839429e-10
-4.3359375,4.8046875,1.308959682,12208.13346,-1.734230872e-06,8.256254871e-07,4.334472577e-10
-4.3359375,5.0390625,1.308959682,15432.52672,-1.352076449e-06,1.383708513e-06,3.746719791e-10
-4.3359375,5.2734375,1.308959682,19508.54173,-9.14605381e-07,1.519626599e-06,2.896617524e-10
-4.3359375,5.5078125,1.308959682,24661.10749,-6.138735193e-07,1.282215914e-06,2.193715705e-10
-4.3359375,5.7421875,1.308959682,31174.56092,-3.8002525e-07,7.532882026e-07,1.699190167e-10
-4.3359375,5.9765625,1.308959682,39408.33756,2.606613511e-08,4.776260635e-08,1.149679325e-10
-4.1015625,-5.9765625,1.654680082,0.2537534091,6.999313038e-08,8.119136539e-08,-1.260084473e-05
-4.1015625,-5.7421875,1.654680082,0.3207743656,-2.913887459e-07,1.157676819e-06,-9.879189279e-06
-4.1015625,-5.5078125,1.654680082,0.4054967931,-5.012231738e-07,2.077590525e-06,-4.600233466e-06
-4.1015625,-5.2734375,1.654680082,0.5125959766,-5.67069629e-07,3.027689758e-06,1.615088465e-06
-4.1015625,-5.0390625,1.654680082,0.6479820303,-3.562922227e-07,3.908241552e-06,4.701080659e-06
-4.1015625,-4.8046875,1.654680082,0.8191260383,-8.641247247e-08,4.566474608e-06,5.152672097e-06
-4.1015625,-4.5703125,1.654680082,1.035472336,1.079506614e-07,4.895279627e-06,5.854371534e-06
-4.1015625,-4.3359375,1.654680082,1.308959682,5.611122583e-07,4.689372457e-06,5.818414257e-06
-4.1015625,-4.1015625,1.654680082,1.654680082,1.155929106e-06,3.783667974e-06,4.034303478e-06
-4.1015625,-3.8671875,1.654680082,2.091711616,1.45308244e-06,2.145943332e-06,2.076871366e-06
-4.1015625,-3.6328125,1.654680082,2.644171242,1.544190854e-06,-8.67679161e-08,4.786733754e-07
-4.1015625,-3.3984375,1.654680082,3.342545645,1.450241924e-06,-2.824307648e-06,-1.026612414e-06
-4.1015625,-3.1640625,1.654680082,4.225373613,9.268841148e-07,-5.751371756e-06,-1.629790921e-06
-4.1015625,-2.9296875,1.654680082,5.341372733,1.058940205e-06,-8.929373562e-06,-1.953824985e-06
-4.1015625,-2.6953125,1.654680082,6.752127808,-3.255211437e-08,-1.025304729e-05,-1.412042517e-06
-4.1015625,-2.4609375,1.654680082,8.535489323,-6.986567301e-07,-1.094770336e-05,-1.350058613e-06
-4.1015625,-2.2265625,1.654680082,10.78986951,-1.612094165e-06,-1.011292793e-05,-8.510259987e-07
-4.1015625,-1.9921875,1.654680082,13.6396731,-1.916874918e-06,-7.662794437e-06,-3.098140831e-07
-4.1015625,-1.7578125,1.654680082,17.24216239,-1.707015998e-06,-4.024319867e-06,2.644738478e-09
-4.1015625,-1.5234375,1.654680082,21.79613556,-1.421019679e-06,4.005016048e-07,2.146836565e-07
-4.1015625,-1.2890625,1.654680082,27.55289705,-8.165935868e-07,4.906381861e-06,3.257077254e-07
-4.1015625,-1.0546875,1.654680082,34.83012544,8.15867357e-09,8.543009354e-06,3.20920344e-07
-4.1015625,-0.8203125,1.654680082,44.02940411,6.740829672e-07,1.07226496e-05,2.798265643e-07
-4.1015625,-0.5859375,1.654680082,55.65838198,1.441820144e-06,1.111322296e-05,2.097161128e-07
-4.1015625,-0.3515625,1.654680082,70.35878743,2.241948805e-06,9.541956545e-06,1.163354301e-07
-4.1015625,-0.1171875,1.654680082,88.94184116,2.671319622e-06,7.035821401e-06,5.024781638e-08
-4.1015625,0.1171875,1.654680082,112.4330222,2.070696107e-06,3.004250769e-06,1.725479091e-09
-4.1015625,0.3515625,1.654680082,142.1286575,2.324175676e-06,-1.07277894e-06,-2.275833727e-08
-4.1015625,0.5859375,1.654680082,179.6674579,1.849392845e-06,-5.228078268e-06,-4.341052278e-08
-4.1015625,0.8203125,1.654680082,227.120948,1.126778814e-06,-8.612620023e-06,-4.821658134e-08
-4.1015625,1.0546875,1.654680082,287.1077802,3.952537814e-07,-1.092972718e-05,-4.500666927e-08
-4.1015625,1.2890625,1.654680082,362.9382414,-4.511959481e-07,-1.200576511e-05,-3.742349602e-08
-4.1015625,1.5234375,1.654680082,458.7969264,-1.337617746e-06,-1.185932962e-05,-2.661003193e-08
-4.1015625,1.7578125,1.654680082,579.9736584,-1.966035016e-06,-1.063281324e-05,-1.677124202e-08
-4.1015625,1.9921875,1.654680082,733.1554008,-2.341405868e-06,-8.562819432e-06,-9.602511356e-09
-4.1015625,2.2265625,1.654680082,926.7952672,-2.59239783e-06,-5.859643349e-06,-4.502126181e-09
-4.1015625,2.4609375,1.654680082,1171.578995,-2.752783143e-06,-2.78610831e-06,-1.625251007e-09
-4.1015625,2.6953125,1.654680082,1481.01462,-2.778283421e-06,2.483857035e-07,-3.576492545e-10
-4.1015625,2.9296875,1.654680082,1872.177903,-2.641815811e-06,2.840559977e-06,-9.372627421e-11
-4.1015625,3.1640625,1.654680082,2366.654624,-3.282177995e-06,5.755375959e-06,7.660828215e-10
-4.1015625,3.3984375,1.654680082,2991.73177,-2.458402139e-06,7.599213145e-06,5.030153137e-10
-4.1015625,3.6328125,1.654680082,3781.903321,-2.324922993e-06,9.105702237e-06,6.166707521e-10
-4.1015625,3.8671875,1.654680082,4780.773756,-2.170355967e-06,1.014208829e-05,8.096337657e-10
-4.1015625,4.1015625,1.654680082,6043.464299,-1.887610908e-06,1.067920534e-05,8.554932058e-10
-4.1015625,4.3359375,1.654680082,7639.654709,-1.533936057e-06,1.074481782e-05,7.076538796e-10
-4.1015625,4.5703125,1.654680082,9657.428452,-1.278977564e-06,1.036874099e-05,5.282325919e-10
-4.1015625,4.8046875,1.654680082,12208.13346,-1.052462418e-06,9.564154525e-06,4.072912788e-10
-4.1015625,5.0390625,1.654680082,15432.52672,-7.410887569e-07,8.349959638e-06,3.056696013e-10
-4.1015625,5.2734375,1.654680082,19508.54173,-4.61034363e-07,6.741747262e-06,2.070480082e-10
-4.1015625,5.5078125,1.654680082,24661.10749,-2.772228425e-07,4.809106397e-06,1.416400008e-10
-4.1015625,5.7421875,1.654680082,31174.56092,-1.664104967e-07,2.614341769e-06,9.535950153e-11
-4.1015625,5.9765625,1.654680082,39408.33756,4.193336948e-09,1.981233311e-07,6.239134449e-11
-3.8671875,-5.9765625,2.091711616,0.2537534091,1.158385097e-07,8.09020134e-08,-5.971809367e-06
-3.8671875,-5.7421875,2.091711616,0.3207743656,-6.932761059e-08,1.234170349e-06,-4.851589598e-06
-3.8671875,-5.5078125,2.091711616,0.4054967931,-2.308718563e-07,2.169629616e-06,-6.948154151e-07
-3.8671875,-5.2734375,2.091711616,0.5125959766,-1.742801048e-07,3.024387881e-06,4.97823509e-06
-3.8671875,-5.0390625,2.091711616,0.6479820303,1.535586983e-07,3.674457569e-06,6.645107054e-06
-3.8671875,-4.8046875,2.091711616,0.8191260383,4.333854391e-07,4.006653214e-06,5.975948054e-06
-3.8671875,-4.5703125,2.091711616,1.035472336,6.641656865e-07,3.937746377e-06,5.676290991e-06
-3.8671875,-4.3359375,2.091711616,1.308959682,1.09534405e-06,3.325039453e-06,4.499215387e-06
-3.8671875,-4.1015625,2.091711616,1.654680082,1.443132923e-06,2.08820342e-06,2.298416991e-06
-3.8671875,-3.8671875,2.091711616,2.091711616,1.459676107e-06,4.15995171e-07,5.5632427e-07
-3.8671875,-3.6328125,2.091711616,2.644171242,1.417464371e-06,-1.596089159e-06,-1.082768711e-06
-3.8671875,-3.3984375,2.091711616,3.342545645,1.040865863e-06,-3.739570744e-06,-2.532125157e-06
-3.8671875,-3.1640625,2.091711616,4.225373613,-3.822516961e-08,-5.585350461e-06,-2.802759228e-06
-3.8671875,-2.9296875,2.091711616,5.341372733,-1.8484098e-07,-7.541611417e-06,-1.95545082e-06
-3.8671875,-2.6953125,2.091711616,6.752127808,-1.113364756e-06,-7.509677565e-06,-1.562800736e-06
-3.8671875,-2.4609375,2.091711616,8.535489323,-1.819963393e-06,-6.915098966e-06,-1.163888412e-06
-3.8671875,-2.2265625,2.091711616,10.78986951,-2.395425786e-06,-5.036737066e-06,-4.663607178e-07
-3.8671875,-1.9921875,2.091711616,13.6396731,-2.189676853e-06,-2.298527104e-06,8.392561512e-08
-3.8671875,-1.7578125,2.091711616,17.24216239,-1.773537301e-06,8.945564081e-07,3.902702547e-07
-3.8671875,-1.5234375,2.091711616,21.79613556,-1.129578076e-06,4.030648413e-06,5.574979438e-07
-3.8671875,-1.2890625,2.091711616,27.55289705,5.689915333e-08,6.361816064e-06,5.313636606e-07
-3.8671875,-1.0546875,2.091711616,34.83012544,1.048684882e-06,7.319311432e-06,3.932225708e-07
-3.8671875,-0.8203125,2.091711616,44.02940411,1.625221099e-06,6.642008575e-06,2.667968137e-07
-3.8671875,-0.5859375,2.091711616,55.65838198,2.299796827e-06,4.419025728e-06,1.432466826e-07
-3.8671875,-0.3515625,2.091711616,70.35878743,2.589925714e-06,1.050852207e-06,3.182506355e-08
-3.8671875,-0.1171875,2.091711616,88.94184116,1.829089736e-06,-2.268996885e-06,-2.394320706e-08
-3.8671875,0.1171875,2.091711616,112.4330222,1.231615735e-06,-6.271509165e-06,-6.394520101e-08
-3.8671875,0.3515625,2.091711616,142.1286575,1.552506339e-06,-9.721917025e-06,-7.182579215e-08
-3.8671875,0.5859375,2.091711616,179.6674579,5.074086523e-07,-1.192947852e-05,-7.131763312e-08
-3.8671875,0.8203125,2.091711616,227.120948,-4.341492232e-07,-1.261036091e-05,-5.891791031e-08
-3.8671875,1.0546875,2.091711616,287.1077802,-1.045217491e-06,-1.168699073e-05,-4.430052446e-08
-3.8671875,1.2890625,2.091711616,362.9382414,-1.682881809e-06,-9.394409959e-06,-2.943017952e-08
-3.8671875,1.5234375,2.091711616,458.7969264,-2.252188744e-06,-6.107804934e-06,-1.644265134e-08
-3.8671875,1.7578125,2.091711616,579.9736584,-2.464343696e-06,-2.380069011e-06,-7.541854478e-09
-3.8671875,1.9921875,2.091711616,733.1554008,-2.490295892e-06,1.430348251e-06,-1.352383761e-09
-3.8671875,2.2265625,2.091711616,926.7952672,-2.406855469e-06,5.072052847e-06,2.566259641e-09
-3.8671875,2.4609375,2.091711616,1171.578995,-2.053239146e-06,8.261524901e-06,3.541625158e-09
-3.8671875,2.6953125,2.091711616,1481.01462,-1.786653197e-06,1.081248977e-05,3.073582023e-09
-3.8671875,2.9296875,2.091711616,1872.177903,-1.226947785e-06,1.327040016e-05,2.473507489e-09
-3.8671875,3.1640625,2.091711616,2366.654624,-1.415388038e-06,1.454373421e-05,2.167463544e-09
-3.8671875,3.3984375,2.091711616,2991.73177,-8.730194596e-07,1.5658844e-05,1.312132425e-09
-3.8671875,3.6328125,2.091711616,3781.903321,-6.651026385e-07,1.608088907e-05,1.022379906e-09
-3.8671875,3.8671875,2.091711616,4780.773756,-5.222011018e-07,1.593630344e-05,8.374764986e-10
-3.8671875,4.1015625,2.091711616,6043.464299,-3.528101772e-07,1.515258008e-05,6.899341574e-10
-3.8671875,4.3359375,2.091711616,7639.654709,-1.161676405e-07,1.392930285e-05,4.831238572e-10
-3.8671875,4.5703125,2.091711616,9657.428452,5.248867405e-08,1.241974042e-05,3.034145114e-10
-3.8671875,4.8046875,2.091711616,12208.13346,1.403992829e-07,1.072587653e-05,1.805103281e-10
-3.8671875,5.0390625,2.091711616,15432.52672,2.337134609e-07,8.897116834e-06,7.469416121e-11
-3.8671875,5.2734375,2.091711616,19508.54173,2.515140958e-07,6.945780476e-06,6.448110607e-12
-3.8671875,5.5078125,2.091711616,24661.10749,2.115630628e-07,4.84825172e-06,-2.052416913e-11
-3.8671875,5.7421875,2.091711616,31174.56092,1.581259078e-07,2.603225521e-06,-5.03792159e-11
-3.8671875,5.9765625,2.091711616,39408.33756,-2.674415722e-08,2.030990311e-07,-3.869277108e-11
-3.6328125,-5.9765625,2.644171242,0.2537534091,1.498760457e-07,7.866453555e-08,2.930672602e-06
-3.6328125,-5.7421875,2.644171242,0.3207743656,1.826771158e-07,1.222010201e-06,1.861365857e-06
-3.6328125,-5.5078125,2.644171242,0.4054967931,9.298239327e-08,2.125454499e-06,4.053298946e-06
-3.6328125,-5.2734375,2.644171242,0.5125959766,2.679670654e-07,2.846278612e-06,8.299609474e-06
-3.6328125,-5.0390625,2.644171242,0.6479820303,6.514950629e-07,3.24845157e-06,8.049954886e-06
-3.6328125,-4.8046875,2.644171242,0.8191260383,9.510974845e-07,3.285050409e-06,6.065622696e-06
-3.6328125,-4.5703125,2.644171242,1.035472336,1.213168692e-06,2.86282442e-06,4.563046215e-06
-3.6328125,-4.3359375,2.644171242,1.308959682,1.490670836e-06,1.91995756e-06,2.243306181e-06
-3.6328125,-4.1015625,2.644171242,1.654680082,1.50389915e-06,5.86053874e-07,-3.643927627e-08
-3.6328125,-3.8671875,2.644171242,2.091711616,1.300121439e-06,-1.01100108e-06,-1.277570984e-06
-3.6328125,-3.6328125,2.644171242,2.644171242,1.134411037e-06,-2.632743749e-06,-2.662155902e-06
-3.6328125,-3.3984375,2.644171242,3.342545645,5.079433172e-07,-4.029566261e-06,-3.766123382e-06
-3.6328125,-3.1640625,2.644171242,4.225373613,-7.355161927e-07,-4.851632357e-06,-3.282461429e-06
-3.6328125,-2.9296875,2.644171242,5.341372733,-1.019651255e-06,-5.410761664e-06,-2.183813803e-06
-3.6328125,-2.6953125,2.644171242,6.752127808,-1.980220099e-06,-4.60310841e-06,-1.405394136e-06
-3.6328125,-2.4609375,2.644171242,8.535489323,-2.471898263e-06,-3.138802055e-06,-6.566621687e-07
-3.6328125,-2.2265625,2.644171242,10.78986951,-2.501504056e-06,-9.849379047e-07,9.299640605e-08
-3.6328125,-1.9921875,2.644171242,13.6396731,-1.992503894e-06,1.457013822e-06,5.335895487e-07
-3.6328125,-1.7578125,2.644171242,17.24216239,-1.437605318e-06,3.688974299e-06,7.382095982e-07
-3.6328125,-1.5234375,2.644171242,21.79613556,-4.188542223e-07,5.177406533e-06,7.735228452e-07
-3.6328125,-1.2890625,2.644171242,27.55289705,9.292354323e-07,5.470432138e-06,5.855414939e-07
-3.6328125,-1.0546875,2.644171242,34.83012544,1.751719047e-06,4.335848123e-06,3.292623291e-07
-3.6328125,-0.8203125,2.644171242,44.02940411,2.157145212e-06,1.862366712e-06,1.381275382e-07
-3.6328125,-0.5859375,2.644171242,55.65838198,2.329873533e-06,-1.557776201e-06,-7.014131584e-09
-3.6328125,-0.3515625,2.644171242,70.35878743,1.702522074e-06,-5.126944917e-06,-9.187972934e-08
-3.6328125,-0.1171875,2.644171242,88.94184116,3.745481988e-07,-7.990611201e-06,-1.15464965e-07
-3.6328125,0.1171875,2.644171242,112.4330222,-1.122603019e-07,-1.035026575e-05,-1.098187516e-07
-3.6328125,0.3515625,2.644171242,142.1286575,-1.500850662e-07,-1.167995327e-05,-1.011445652e-07
-3.6328125,0.5859375,2.644171242,179.6674579,-1.29281099e-06,-1.136398603e-05,-7.262961357e-08
-3.6328125,0.8203125,2.644171242,227.120948,-1.947848592e-06,-9.484470178e-06,-4.394959781e-08
-3.6328125,1.0546875,2.644171242,287.1077802,-2.292886785e-06,-6.250407193e-06,-2.095712991e-08
-3.6328125,1.2890625,2.644171242,362.9382414,-2.450435598e-06,-2.133996334e-06,-3.239368991e-09
-3.6328125,1.5234375,2.644171242,458.7969264,-2.211120021e-06,2.213322619e-06,5.669635543e-09
-3.6328125,1.7578125,2.644171242,579.9736584,-1.870666687e-06,6.207452782e-06,7.905907018e-09
-3.6328125,1.9921875,2.644171242,733.1554008,-1.678987517e-06,9.489121317e-06,9.548983916e-09
-3.6328125,2.2265625,2.644171242,926.7952672,-1.164117681e-06,1.19543765e-05,1.003414932e-08
-3.6328125,2.4609375,2.644171242,1171.578995,-3.746305202e-07,1.355747285e-05,7.849608973e-09
-3.6328125,2.6953125,2.644171242,1481.01462,-7.875775227e-09,1.427987671e-05,5.228145608e-09
-3.6328125,2.9296875,2.644171242,1872.177903,1.47611777e-06,1.320873307e-05,4.166414794e-09
-3.6328125,3.1640625,2.644171242,2366.654624,5.906996046e-07,1.407123717e-05,2.580218273e-09
-3.6328125,3.3984375,2.644171242,2991.73177,1.007497855e-06,1.382864699e-05,1.413204721e-09
-3.6328125,3.6328125,2.644171242,3781.903321,1.075965942e-06,1.306399377e-05,7.623488482e-10
-3.6328125,3.8671875,2.644171242,4780.773756,1.118572332e-06,1.179415721e-05,3.303456191e-10
-3.6328125,4.1015625,2.644171242,6043.464299,1.136333669e-06,1.025196893e-05,8.469246922e-11
-3.6328125,4.3359375,2.644171242,7639.654709,1.096261743e-06,8.612837736e-06,-2.995509794e-11
-3.6328125,4.5703125,2.644171242,9657.428452,1.04632849e-06,7.030525705e-06,-7.890444275e-11
-3.6328125,4.8046875,2.644171242,12208.13346,1.051642304e-06,5.613659261e-06,-1.290808318e-10
-3.6328125,5.0390625,2.644171242,15432.52672,9.70038577e-07,4.378499105e-06,-1.841619666e-10
-3.6328125,5.2734375,2.644171242,19508.54173,7.170564688e-07,3.255448301e-06,-1.922162608e-10
-3.6328125,5.5078125,2.644171242,24661.10749,5.11125062e-07,2.201483541e-06,-1.736858269e-10
-3.6328125,5.7421875,2.644171242,31174.56092,3.972736304e-07,1.160503657e-06,-1.808331074e-10
-3.6328125,5.9765625,2.644171242,39408.33756,-1.185914079e-08,9.107001451e-08,-1.292503968e-10
-3.3984375,-5.9765625,3.342545645,0.2537534091,1.634153435e-07,7.577163504e-08,1.358363177e-05
-3.3984375,-5.7421875,3.342545645,0.3207743656,4.722727274e-07,1.096948991e-06,9.806980636e-06
-3.3984375,-5.5078125,3.342545645,0.4054967931,4.97477504e-07,1.907726456e-06,9.434263359e-06
-3.3984375,-5.2734375,3.342545645,0.5125959766,7.844991562e-07,2.475762337e-06,1.118010742e-05
-3.3984375,-5.0390625,3.342545645,0.6479820303,1.223252029e-06,2.66146106e-06,8.550347072e-06
-3.3984375,-4.8046875,3.342545645,0.8191260383,1.52056563e-06,2.419936507e-06,5.159897249e-06
-3.3984375,-4.5703125,3.342545645,1.035472336,1.682298945e-06,1.751972829e-06,2.397885167e-06
-3.3984375,-4.3359375,3.342545645,1.308959682,1.714196802e-06,6.983707242e-07,-7.711638832e-07
-3.3984375,-4.1015625,3.342545645,1.654680082,1.385749079e-06,-6.193328077e-07,-2.803058955e-06
-3.3984375,-3.8671875,3.342545645,2.091711616,9.068463096e-07,-1.963171093e-06,-3.191965927e-06
-3.3984375,-3.6328125,3.342545645,2.644171242,5.702548127e-07,-3.076073616e-06,-3.985785496e-06
-3.3984375,-3.3984375,3.342545645,3.342545645,-2.078515365e-07,-3.760457385e-06,-4.491607689e-06
-3.3984375,-3.1640625,3.342545645,4.225373613,-1.743955157e-06,-3.811675694e-06,-3.391784959e-06
-3.3984375,-2.9296875,3.342545645,5.341372733,-2.027741405e-06,-3.656576295e-06,-1.55290114e-06
-3.3984375,-2.6953125,3.342545645,6.752127808,-2.604606107e-06,-2.007010918e-06,-8.638338019e-07
-3.3984375,-2.4609375,3.342545645,8.535489323,-2.675651878e-06,-4.102018885e-07,3.912328177e-08
-3.3984375,-2.2265625,3.342545645,10.78986951,-2.288237688e-06,1.39708886e-06,7.015585407e-07
-3.3984375,-1.9921875,3.342545645,13.6396731,-1.500007109e-06,3.005187308e-06,9.278508006e-07
-3.3984375,-1.7578125,3.342545645,17.24216239,-6.805760698e-07,4.00441629e-06,9.411998549e-07
-3.3984375,-1.5234375,3.342545645,21.79613556,4.587008727e-07,4.066308862e-06,7.976320922e-07
-3.3984375,-1.2890625,3.342545645,27.55289705,1.696698829e-06,3.026166808e-06,4.666503346e-07
-3.3984375,-1.0546875,3.342545645,34.83012544,2.28044533e-06,9.381541614e-07,1.437560122e-07
-3.3984375,-0.8203125,3.342545645,44.02940411,2.251033315e-06,-1.843319937e-06,-7.038566938e-08
-3.3984375,-0.5859375,3.342545645,55.65838198,1.702239951e-06,-4.791090145e-06,-1.897545237e-07
-3.3984375,-0.3515625,3.342545645,70.35878743,5.195416061e-07,-7.268125608e-06,-2.128493788e-07
-3.3984375,-0.1171875,3.342545645,88.94184116,-7.827410109e-07,-8.803849358e-06,-1.771354534e-07
-3.3984375,0.1171875,3.342545645,112.4330222,-2.564020581e-06,-9.038651822e-06,-1.217143558e-07
-3.3984375,0.3515625,3.342545645,142.1286575,-2.194659777e-06,-8.194561942e-06,-8.710605719e-08
-3.3984375,0.5859375,3.342545645,179.6674579,-2.827140704e-06,-5.995234513e-06,-3.755939659e-08
-3.3984375,0.8203125,3.342545645,227.120948,-2.955696153e-06,-2.719986476e-06,-3.65447331e-09
-3.3984375,1.0546875,3.342545645,287.1077802,-2.721381193e-06,1.07861568e-06,1.883257617e-08
-3.3984375,1.2890625,3.342545645,362.9382414,-2.13414085e-06,4.886793327e-06,3.224316078e-08
-3.3984375,1.5234375,3.342545645,458.7969264,-1.08484607e-06,8.082821603e-06,2.966159342e-08
-3.3984375,1.7578125,3.342545645,579.9736584,-3.13528874e-07,1.033779623e-05,2.186124375e-08
-3.3984375,1.9921875,3.342545645,733.1554008,1.181752218e-07,1.152390033e-05,1.672566639e-08
-3.3984375,2.2265625,3.342545645,926.7952672,8.421267949e-07,1.169157565e-05,1.277588873e-08
-3.3984375,2.4609375,3.342545645,1171.578995,1.585220172e-06,1.105473988e-05,8.03475393e-09
-3.3984375,2.6953125,3.342545645,1481.01462,1.895576863e-06,1.00122928e-05,4.125914048e-09
-3.3984375,2.9296875,3.342545645,1872.177903,2.960253367e-06,8.280530129e-06,3.636066486e-09
-3.3984375,3.1640625,3.342545645,2366.654624,2.842103586e-06,6.804729116e-06,1.049104383e-09
-3.3984375,3.3984375,3.342545645,2991.73177,2.27424754e-06,5.356644441e-06,2.797156645e-10
-3.3984375,3.6328125,3.342545645,3781.903321,2.058474529e-06,3.699535639e-06,-2.48210184e-10
-3.3984375,3.8671875,3.342545645,4780.773756,1.989714228e-06,2.176590119e-06,-5.982218777e-10
-3.3984375,4.1015625,3.342545645,6043.464299,1.675282489e-06,8.759124358e-07,-6.874118674e-10
-3.3984375,4.3359375,3.342545645,7639.654709,1.366574186e-06,-2.572871419e-07,-5.414820014e-10
-3.3984375,4.5703125,3.342545645,9657.428452,1.226382776e-06,-9.786163405e-07,-3.833117709e-10
-3.3984375,4.8046875,3.342545645,12208.13346,1.194070577e-06,-1.396008345e-06,-3.158136882e-10
-3.3984375,5.0390625,3.342545645,15432.52672,1.006176443e-06,-1.459809684e-06,-3.018990139e-10
-3.3984375,5.2734375,3.342545645,19508.54173,6.724623099e-07,-1.350024521e-06,-2.572234119e-10
-3.3984375,5.5078125,3.342545645,24661.10749,4.408780284e-07,-1.067143574e-06,-2.030672039e-10
-3.3984375,5.7421875,3.342545645,31174.56092,3.247720143e-07,-6.220929531e-07,-2.016058807e-10
-3.3984375,5.9765625,3.342545645,39408.33756,-7.811896381e-08,-4.784569756e-08,-1.390490785e-10
-3.1640625,-5.9765625,4.225373613,0.2537534091,1.726804779e-07,8.132271536e-08,2.549281406e-05
-3.1640625,-5.7421875,4.225373613,0.3207743656,7.603691897e-07,6.923458492e-07,1.883647854e-05
-3.1640625,-5.5078125,4.225373613,0.4054967931,9.294159182e-07,1.44210961e-06,1.520686909e-05
-3.1640625,-5.2734375,4.225373613,0.5125959766,1.460108858e-06,1.887556316e-06,1.269827344e-05
-3.1640625,-5.0390625,4.225373613,0.6479820303,1.910694362e-06,1.885108201e-06,7.962441715e-06
-3.1640625,-4.8046875,4.225373613,0.8191260383,2.101229121e-06,1.460924096e-06,3.092797983e-06
-3.1640625,-4.5703125,4.225373613,1.035472336,2.125953978e-06,7.624093304e-07,-4.783764393e-07
-3.1640625,-4.3359375,4.225373613,1.308959682,1.870778106e-06,-2.046926026e-07,-4.384468416e-06
-3.1640625,-4.1015625,4.225373613,1.654680082,9.80142599e-07,-1.303141292e-06,-4.911063064e-06
-3.1640625,-3.8671875,4.225373613,2.091711616,3.947195925e-07,-2.582694483e-06,-5.119736765e-06
-3.1640625,-3.6328125,4.225373613,2.644171242,-2.798378848e-07,-2.87081855e-06,-5.192770986e-06
-3.1640625,-3.3984375,4.225373613,3.342545645,-1.333731463e-06,-2.916281036e-06,-4.295624112e-06
-3.1640625,-3.1640625,4.225373613,4.225373613,-2.609783486e-06,-2.143921894e-06,-2.730800723e-06
-3.1640625,-2.9296875,4.225373613,5.341372733,-3.324952889e-06,-1.099949358e-06,-7.940381334e-07
-3.1640625,-2.6953125,4.225373613,6.752127808,-4.34101332e-06,1.044946842e-06,-8.886846064e-09
-3.1640625,-2.4609375,4.225373613,8.535489323,-4.133898828e-06,2.70213698e-06,7.721636897e-07
-3.1640625,-2.2265625,4.225373613,10.78986951,-2.915268797e-06,4.000046699e-06,1.19673584e-06
-3.1640625,-1.9921875,4.225373613,13.6396731,-1.474709264e-06,4.655263876e-06,1.150040467e-06
-3.1640625,-1.7578125,4.225373613,17.24216239,-2.685293036e-07,4.386193864e-06,9.378390592e-07
-3.1640625,-1.5234375,4.225373613,21.79613556,1.332395634e-06,3.003287508e-06,6.249308064e-07
-3.1640625,-1.2890625,4.225373613,27.55289705,2.854005263e-06,7.79325175e-07,2.111890168e-07
-3.1640625,-1.0546875,4.225373613,34.83012544,3.58402196e-06,-1.998687201e-06,-1.002740154e-07
-3.1640625,-0.8203125,4.225373613,44.02940411,3.387259695e-06,-4.622013807e-06,-2.782409483e-07
-3.1640625,-0.5859375,4.225373613,55.65838198,2.519698597e-06,-6.490668001e-06,-3.30235577e-07
-3.1640625,-0.3515625,4.225373613,70.35878743,1.201297605e-06,-7.345477147e-06,-2.766073613e-07
-3.1640625,-0.1171875,4.225373613,88.94184116,-1.766150503e-06,-6.345595048e-06,-1.764789963e-07
-3.1640625,0.1171875,4.225373613,112.4330222,-3.670940941e-06,-5.041486003e-06,-8.765624938e-08
-3.1640625,0.3515625,4.225373613,142.1286575,-3.271630883e-06,-2.638366271e-06,-2.702121509e-08
-3.1640625,0.5859375,4.225373613,179.6674579,-2.697540091e-06,-2.9252073e-08,2.207427552e-08
-3.1640625,0.8203125,4.225373613,227.120948,-2.059832336e-06,3.085985041e-06,4.856445502e-08
-3.1640625,1.0546875,4.225373613,287.1077802,-2.080633687e-06,5.733699741e-06,6.05402868e-08
-3.1640625,1.2890625,4.225373613,362.9382414,-8.634723102e-07,7.807160847e-06,5.760806356e-08
-3.1640625,1.5234375,4.225373613,458.7969264,5.035830037e-07,8.644664292e-06,4.062733116e-08
-3.1640625,1.7578125,4.225373613,579.9736584,1.330804701e-06,8.448367575e-06,2.409396906e-08
-3.1640625,1.9921875,4.225373613,733.1554008,1.80423395e-06,7.324746655e-06,1.371000028e-08
-3.1640625,2.2265625,4.225373613,926.7952672,2.233170662e-06,5.462748621e-06,7.416205152e-09
-3.1640625,2.4609375,4.225373613,1171.578995,2.402639692e-06,3.41055345e-06,2.88607315e-09
-3.1640625,2.6953125,4.225373613,1481.01462,2.614300563e-06,1.399075096e-06,4.573311642e-10
-3.1640625,2.9296875,4.225373613,1872.177903,2.820630831e-06,-3.219638952e-07,-6.081940012e-10
-3.1640625,3.1640625,4.225373613,2366.654624,1.938721595e-06,-2.078064716e-06,-1.777483621e-09
-3.1640625,3.3984375,4.225373613,2991.73177,1.816225356e-06,-3.699097161e-06,-1.702242006e-09
-3.1640625,3.6328125,4.225373613,3781.903321,1.283014975e-06,-4.920725055e-06,-1.459497006e-09
-3.1640625,3.8671875,4.225373613,4780.773756,1.053464342e-06,-5.807827761e-06,-1.466378365e-09
-3.1640625,4.1015625,4.225373613,6043.464299,6.029927664e-07,-6.408083429e-06,-1.007302428e-09
-3.1640625,4.3359375,4.225373613,7639.654709,2.170546722e-07,-6.200669438e-06,-6.63848053e-10
-3.1640625,4.5703125,4.225373613,9657.428452,7.95843921e-08,-5.866469234e-06,-3.6188988e-10
-3.1640625,4.8046875,4.225373613,12208.13346,2.892068275e-07,-5.327636967e-06,-2.197760447e-10
-3.1640625,5.0390625,4.225373613,15432.52672,2.686154418e-07,-4.574516336e-06,-1.532608707e-10
-3.1640625,5.2734375,4.225373613,19508.54173,6.407386101e-08,-3.650822922e-06,-1.252880258e-10
-3.1640625,5.5078125,4.225373613,24661.10749,-4.799981813e-08,-2.620780157e-06,-8.716711595e-11
-3.1640625,5.7421875,4.225373613,31174.56092,2.452341482e-08,-1.483018021e-06,-8.131336587e-11
-3.1640625,5.9765625,4.225373613,39408.33756,8.533899061e-08,-1.168031889e-07,-4.79139558e-11
-2.9296875,-5.9765625,5.341372733,0.2537534091,1.934728641e-07,4.425468956e-08,3.960144357e-05
-2.9296875,-5.7421875,5.341372733,0.3207743656,8.988244438e-07,8.886687624e-07,3.480824796e-05
-2.9296875,-5.5078125,5.341372733,0.4054967931,1.374993029e-06,1.218972573e-06,2.170663467e-05
-2.9296875,-5.2734375,5.341372733,0.5125959766,1.94296124e-06,1.012944291e-06,1.355851165e-05
-2.9296875,-5.0390625,5.341372733,0.6479820303,2.53869484e-06,8.042271374e-07,6.39097368e-06
-2.9296875,-4.8046875,5.341372733,0.8191260383,2.76202844e-06,4.851294195e-07,1.58857659e-08
-2.9296875,-4.5703125,5.341372733,1.035472336,2.344582606e-06,-2.042039759e-07,-2.939995313e-06
-2.9296875,-4.3359375,5.341372733,1.308959682,2.254752428e-06,-1.121782169e-06,-8.089869698e-06
-2.9296875,-4.1015625,5.341372733,1.654680082,1.188782352e-06,-1.974650468e-06,-7.471414365e-06
-2.9296875,-3.8671875,5.341372733,2.091711616,-3.717167891e-07,-1.77402356e-06,-5.623700847e-06
-2.9296875,-3.6328125,5.341372733,2.644171242,-1.211798765e-06,-1.963226182e-06,-4.963358744e-06
-2.9296875,-3.3984375,5.341372733,3.342545645,-1.799908376e-06,-1.558262853e-06,-3.063444331e-06
-2.9296875,-3.1640625,5.341372733,4.225373613,-2.806690311e-06,-6.603967091e-07,-1.732262063e-06
-2.9296875,-2.9296875,5.341372733,5.341372733,-4.266625684e-06,8.837065384e-07,3.976784716e-07
-2.9296875,-2.6953125,5.341372733,6.752127808,-4.313284708e-06,1.993723058e-06,8.598541667e-07
-2.9296875,-2.4609375,5.341372733,8.535489323,-3.25456952e-06,2.95900216e-06,1.438908106e-06
-2.9296875,-2.2265625,5.341372733,10.78986951,-2.0464436e-06,3.265532642e-06,1.469933442e-06
-2.9296875,-1.9921875,5.341372733,13.6396731,-9.653569467e-07,2.846493179e-06,1.083789522e-06
-2.9296875,-1.7578125,5.341372733,17.24216239,-1.311397371e-08,1.656875201e-06,6.48316434e-07
-2.9296875,-1.5234375,5.341372733,21.79613556,1.216269907e-06,-7.263821825e-08,2.319321699e-07
-2.9296875,-1.2890625,5.341372733,27.55289705,1.557501166e-06,-2.046410721e-06,-1.363227156e-07
-2.9296875,-1.0546875,5.341372733,34.83012544,1.823505367e-06,-3.828980877e-06,-3.550715959e-07
-2.9296875,-0.8203125,5.341372733,44.02940411,1.45134542e-06,-4.898297683e-06,-4.190822599e-07
-2.9296875,-0.5859375,5.341372733,55.65838198,-3.499463453e-08,-4.948369718e-06,-3.666536353e-07
-2.9296875,-0.3515625,5.341372733,70.35878743,-1.146640825e-06,-4.068968112e-06,-2.287882008e-07
-2.9296875,-0.1171875,5.341372733,88.94184116,-4.53455351e-06,-1.96484942e-06,-1.051501528e-07
-2.9296875,0.1171875,5.341372733,112.4330222,-4.801532382e-06,-1.700081354e-07,3.220034719e-09
-2.9296875,0.3515625,5.341372733,142.1286575,-3.254947824e-06,2.216259496e-06,5.697270651e-08
-2.9296875,0.5859375,5.341372733,179.6674579,-2.489027383e-06,4.301914377e-06,8.981729741e-08
-2.9296875,0.8203125,5.341372733,227.120948,-1.123728652e-06,5.580250177e-06,9.805864013e-08
-2.9296875,1.0546875,5.341372733,287.1077802,2.390156453e-07,6.069310741e-06,8.248581037e-08
-2.9296875,1.2890625,5.341372733,362.9382414,6.748874988e-07,5.445608107e-06,6.104911291e-08
-2.9296875,1.5234375,5.341372733,458.7969264,1.764450978e-06,4.235661365e-06,3.033124021e-08
-2.9296875,1.7578125,5.341372733,579.9736584,2.691037995e-06,2.305332689e-06,1.11987081e-08
-2.9296875,1.9921875,5.341372733,733.1554008,3.035707401e-06,8.330851333e-08,1.33490071e-09
-2.9296875,2.2265625,5.341372733,926.7952672,3.314333689e-06,-1.95289244e-06,-4.912036548e-09
-2.9296875,2.4609375,5.341372733,1171.578995,2.685569317e-06,-3.826423192e-06,-6.190331864e-09
-2.9296875,2.6953125,5.341372733,1481.01462,2.575531995e-06,-5.231617332e-06,-4.119646328e-09
-2.9296875,2.9296875,5.341372733,1872.177903,1.101903328e-06,-6.470209912e-06,-4.960083769e-09
-2.9296875,3.1640625,5.341372733,2366.654624,1.481013548e-06,-7.213065581e-06,-4.157781467e-09
-2.9296875,3.3984375,5.341372733,2991.73177,6.678407262e-07,-7.583753848e-06,-3.167073614e-09
-2.9296875,3.6328125,5.341372733,3781.903321,4.981953271e-07,-7.668380929e-06,-2.19118735e-09
-2.9296875,3.8671875,5.341372733,4780.773756,-3.541462715e-07,-7.392125351e-06,-1.596552972e-09
-2.9296875,4.1015625,5.341372733,6043.464299,-9.874596201e-07,-7.072458136e-06,-9.544057117e-10
-2.9296875,4.3359375,5.341372733,7639.654709,-5.989289878e-07,-5.992745199e-06,-2.868438479e-10
-2.9296875,4.5703125,5.341372733,9657.428452,-8.460100967e-07,-5.160229026e-06,-5.872956203e-11
-2.9296875,4.8046875,5.341372733,12208.13346,-7.06964279e-07,-4.254162145e-06,7.315118085e-11
-2.9296875,5.0390625,5.341372733,15432.52672,-3.407588515e-07,-3.4548588e-06,1.385023377e-10
-2.9296875,5.2734375,5.341372733,19508.54173,-3.345300355e-07,-2.648879041e-06,1.150422303e-10
-2.9296875,5.5078125,5.341372733,24661.10749,-3.336943501e-07,-1.857759421e-06,9.716883647e-11
-2.9296875,5.7421875,5.341372733,31174.56092,-2.670066933e-07,-1.02145967e-06,9.516351538e-11
-2.9296875,5.9765625,5.341372733,39408.33756,1.207388838e-07,-9.279990207e-08,9.661717919e-11
-2.6953125,-5.9765625,6.752127808,0.2537534091,1.685479619e-07,2.5280348e-08,4.793617758e-05
-2.6953125,-5.7421875,6.752127808,0.3207743656,1.376102855e-06,3.845077921e-07,3.479863406e-05
-2.6953125,-5.5078125,6.752127808,0.4054967931,1.774674359e-06,5.821150701e-07,2.246335917e-05
-2.6953125,-5.2734375,6.752127808,0.5125959766,2.336641983e-06,6.274492149e-07,1.373218314e-05
-2.6953125,-5.0390625,6.752127808,0.6479820303,2.602003701e-06,4.78783795e-07,3.222186764e-06
-2.6953125,-4.8046875,6.752127808,0.8191260383,2.392954332e-06,5.570714374e-08,-3.256030217e-06
-2.6953125,-4.5703125,6.752127808,1.035472336,2.160728488e-06,-4.898170549e-07,-7.901733119e-06
-2.6953125,-4.3359375,6.752127808,1.308959682,1.369262697e-06,-1.056718766e-06,-1.148872407e-05
-2.6953125,-4.1015625,6.752127808,1.654680082,-8.575863778e-08,-1.469732218e-06,-1.022636899e-05
-2.6953125,-3.8671875,6.752127808,2.091711616,-1.131017856e-06,-1.614607374e-06,-6.688782141e-06
-2.6953125,-3.6328125,6.752127808,2.644171242,-1.675858613e-06,-1.406740719e-06,-4.360725196e-06
-2.6953125,-3.3984375,6.752127808,3.342545645,-2.398437568e-06,-8.035123044e-07,-2.352245414e-06
-2.6953125,-3.1640625,6.752127808,4.225373613,-2.618365427e-06,1.276161908e-07,-3.598993349e-08
-2.6953125,-2.9296875,6.752127808,5.341372733,-3.436951411e-06,1.029287397e-06,1.535575843e-06
-2.6953125,-2.6953125,6.752127808,6.752127808,-1.60267259e-06,1.99777396e-06,1.65569467e-06
-2.6953125,-2.4609375,6.752127808,8.535489323,-4.61592052e-07,2.510835912e-06,1.814316468e-06
-2.6953125,-2.2265625,6.752127808,10.78986951,8.033885894e-07,2.457440846e-06,1.386648936e-06
-2.6953125,-1.9921875,6.752127808,13.6396731,1.569212652e-06,1.702552063e-06,7.075379328e-07
-2.6953125,-1.7578125,6.752127808,17.24216239,1.678396418e-06,3.734053001e-07,1.546533551e-07
-2.6953125,-1.5234375,6.752127808,21.79613556,1.317961864e-06,-1.245720169e-06,-2.619411603e-07
-2.6953125,-1.2890625,6.752127808,27.55289705,3.41737347e-07,-2.748251766e-06,-4.949324628e-07
-2.6953125,-1.0546875,6.752127808,34.83012544,-8.0684711e-07,-3.726083676e-06,-5.235705918e-07
-2.6953125,-0.8203125,6.752127808,44.02940411,-1.860109695e-06,-3.851243162e-06,-4.33002459e-07
-2.6953125,-0.5859375,6.752127808,55.65838198,-2.893736395e-06,-3.022451909e-06,-2.628827646e-07
-2.6953125,-0.3515625,6.752127808,70.35878743,-3.311597995e-06,-1.317827831e-06,-8.493177202e-08
-2.6953125,-0.1171875,6.752127808,88.94184116,-4.12474769e-06,5.931304397e-07,3.557044228e-08
-2.6953125,0.1171875,6.752127808,112.4330222,-2.943891075e-06,2.82223724e-06,1.16104308e-07
-2.6953125,0.3515625,6.752127808,142.1286575,-1.69926219e-06,4.436521613e-06,1.39325557e-07
-2.6953125,0.5859375,6.752127808,179.6674579,-4.24066078e-08,5.396611114e-06,1.337049555e-07
-2.6953125,0.8203125,6.752127808,227.120948,1.261541155e-06,5.270854176e-06,9.116401448e-08
-2.6953125,1.0546875,6.752127808,287.1077802,1.892256936e-06,4.173435556e-06,5.808320346e-08
-2.6953125,1.2890625,6.752127808,362.9382414,2.507132938e-06,2.264551371e-06,3.053412498e-08
-2.6953125,1.5234375,6.752127808,458.7969264,2.699571952e-06,-4.745714748e-09,4.431919547e-09
-2.6953125,1.7578125,6.752127808,579.9736584,2.252998787e-06,-2.203881165e-06,-9.918193923e-09
-2.6953125,1.9921875,6.752127808,733.1554008,1.892204872e-06,-4.083688503e-06,-1.527585512e-08
-2.6953125,2.2265625,6.752127808,926.7952672,1.27064662e-06,-5.46666104e-06,-1.5867929e-08
-2.6953125,2.4609375,6.752127808,1171.578995,3.078580639e-07,-6.199832147e-06,-1.185979964e-08
-2.6953125,2.6953125,6.752127808,1481.01462,-5.528947422e-07,-6.38304728e-06,-6.280047425e-09
-2.6953125,2.9296875,6.752127808,1872.177903,1.965187837e-07,-6.274126895e-06,-6.58058759e-09
-2.6953125,3.1640625,6.752127808,2366.654624,-1.609412887e-06,-5.752751139e-06,-4.629568957e-09
-2.6953125,3.3984375,6.752127808,2991.73177,-1.989126106e-06,-5.112497584e-06,-2.510820882e-09
-2.6953125,3.6328125,6.752127808,3781.903321,-2.172411741e-06,-4.28293463e-06,-1.372862867e-09
-2.6953125,3.8671875,6.752127808,4780.773756,-2.390411836e-06,-3.337219301e-06,-5.261279754e-10
-2.6953125,4.1015625,6.752127808,6043.464299,-2.250849462e-06,-2.36529027e-06,5.837278647e-11
-2.6953125,4.3359375,6.752127808,7639.654709,-2.192596605e-06,-1.576063573e-06,3.497262931e-10
-2.6953125,4.5703125,6.752127808,9657.428452,-2.023985887e-06,-9.020432975e-07,4.556658818e-10
-2.6953125,4.8046875,6.752127808,12208.13346,-1.728220234e-06,-4.30244364e-07,4.094815462e-10
-2.6953125,5.0390625,6.752127808,15432.52672,-1.419642328e-06,-1.515618532e-07,3.464028221e-10
-2.6953125,5.2734375,6.752127808,19508.54173,-1.196050281e-06,-2.050227771e-08,2.698191719e-10
-2.6953125,5.5078125,6.752127808,24661.10749,-8.954088672e-07,-3.296335757e-09,2.018211637e-10
-2.6953125,5.7421875,6.752127808,31174.56092,-6.164407434e-07,-2.132661989e-08,1.811804835e-10
-2.6953125,5.9765625,6.752127808,39408.33756,-1.448075813e-07,4.082355971e-09,1.702579129e-10
-2.4609375,-5.9765625,8.535489323,0.2537534091,1.324370744e-07,1.100333155e-08,5.548499202e-05
-2.4609375,-5.7421875,8.535489323,0.3207743656,1.530140956e-06,1.737896347e-07,3.952450681e-05
-2.4609375,-5.5078125,8.535489323,0.4054967931,1.956537216e-06,2.419328543e-07,2.374620342e-05
-2.4609375,-5.2734375,8.535489323,0.5125959766,2.461709896e-06,1.753311174e-07,1.191497434e-05
-2.4609375,-5.0390625,8.535489323,0.6479820303,2.583251924e-06,-4.966336412e-08,-4.480176519e-07
-2.4609375,-4.8046875,8.535489323,0.8191260383,2.204224562e-06,-3.962426997e-07,-7.112145969e-06
-2.4609375,-4.5703125,8.535489323,1.035472336,1.762550744e-06,-7.885399626e-07,-1.130017671e-05
-2.4609375,-4.3359375,8.535489323,1.308959682,7.709217227e-07,-1.120646688e-06,-1.38960378e-05
-2.4609375,-4.1015625,8.535489323,1.654680082,-8.04840376e-07,-1.275999247e-06,-1.106298298e-05
-2.4609375,-3.8671875,8.535489323,2.091711616,-1.830722635e-06,-1.154708236e-06,-6.210802991e-06
-2.4609375,-3.6328125,8.535489323,2.644171242,-2.159163182e-06,-7.249380404e-07,-2.977845992e-06
-2.4609375,-3.3984375,8.535489323,3.342545645,-2.354935694e-06,-4.564985539e-08,-4.588393045e-07
-2.4609375,-3.1640625,8.535489323,4.225373613,-2.017311379e-06,7.916979471e-07,1.547743863e-06
-2.4609375,-2.9296875,8.535489323,5.341372733,-2.710893075e-06,1.676596209e-06,2.98443851e-06
-2.4609375,-2.6953125,8.535489323,6.752127808,-4.822474888e-07,2.068764795e-06,2.201915174e-06
-2.4609375,-2.4609375,8.535489323,8.535489323,6.28646241e-07,2.152040919e-06,1.841163318e-06
-2.4609375,-2.2265625,8.535489323,10.78986951,1.652401894e-06,1.655538437e-06,9.437500194e-07
-2.4609375,-1.9921875,8.535489323,13.6396731,1.814436807e-06,6.140523187e-07,7.565884883e-08
-2.4609375,-1.7578125,8.535489323,17.24216239,1.234170905e-06,-7.21528125e-07,-4.885042581e-07
-2.4609375,-1.5234375,8.535489323,21.79613556,2.649543503e-07,-2.035055898e-06,-7.815418323e-07
-2.4609375,-1.2890625,8.535489323,27.55289705,-1.185976608e-06,-2.945044563e-06,-7.703366921e-07
-2.4609375,-1.0546875,8.535489323,34.83012544,-2.515571692e-06,-3.138722998e-06,-5.684040771e-07
-2.4609375,-0.8203125,8.535489323,44.02940411,-3.337474983e-06,-2.490641363e-06,-3.082483362e-07
-2.4609375,-0.5859375,8.535489323,55.65838198,-3.764476554e-06,-1.092319376e-06,-3.855747999e-08
-2.4609375,-0.3515625,8.535489323,70.35878743,-3.453547148e-06,7.304057217e-07,1.283948565e-07
-2.4609375,-0.1171875,8.535489323,88.94184116,-1.96892047e-06,2.429168581e-06,1.791480574e-07
-2.4609375,0.1171875,8.535489323,112.4330222,-1.669868191e-06,3.88689591e-06,2.226974288e-07
-2.4609375,0.3515625,8.535489323,142.1286575,1.917029262e-07,4.489289938e-06,1.763973471e-07
-2.4609375,0.5859375,8.535489323,179.6674579,1.565839119e-06,4.034444357e-06,1.188269066e-07
-2.4609375,0.8203125,8.535489323,227.120948,2.258412041e-06,2.671890318e-06,5.106566119e-08
-2.4609375,1.0546875,8.535489323,287.1077802,2.269463606e-06,6.902891443e-07,7.997326078e-09
-2.4609375,1.2890625,8.535489323,362.9382414,1.917763478e-06,-1.475147911e-06,-1.949239265e-08
-2.4609375,1.5234375,8.535489323,458.7969264,1.043892095e-06,-3.386884523e-06,-3.014436597e-08
-2.4609375,1.7578125,8.535489323,579.9736584,1.019559794e-07,-4.665989032e-06,-2.90422446e-08
-2.4609375,1.9921875,8.535489323,733.1554008,-5.340828066e-07,-5.159542705e-06,-2.420164725e-08
-2.4609375,2.2265625,8.535489323,926.7952672,-1.2995028e-06,-4.949908117e-06,-1.771338665e-08
-2.4609375,2.4609375,8.535489323,1171.578995,-2.05575094e-06,-4.22289842e-06,-9.954796917e-09
-2.4609375,2.6953125,8.535489323,1481.01462,-2.602254063e-06,-3.196370754e-06,-3.126842608e-09
-2.4609375,2.9296875,8.535489323,1872.177903,-2.264399168e-06,-2.117344257e-06,-3.303615236e-09
-2.4609375,3.1640625,8.535489323,2366.654624,-2.507663653e-06,-1.013609057e-06,-1.729790352e-09
-2.4609375,3.3984375,8.535489323,2991.73177,-2.517779744e-06,5.782310608e-08,-3.485884357e-11
-2.4609375,3.6328125,8.535489323,3781.903321,-2.525416015e-06,1.120663158e-06,6.990285933e-10
-2.4609375,3.8671875,8.535489323,4780.773756,-2.288476303e-06,1.973369786e-06,9.170118552e-10
-2.4609375,4.1015625,8.535489323,6043.464299,-1.999337924e-06,2.555336773e-06,9.397468134e-10
-2.4609375,4.3359375,8.535489323,7639.654709,-1.738610923e-06,2.86206814e-06,8.255537225e-10
-2.4609375,4.5703125,8.535489323,9657.428452,-1.498233397e-06,2.889152297e-06,6.270465406e-10
-2.4609375,4.8046875,8.535489323,12208.13346,-1.183860604e-06,2.678560086e-06,4.314144131e-10
-2.4609375,5.0390625,8.535489323,15432.52672,-8.661238012e-07,2.313123808e-06,2.743635917e-10
-2.4609375,5.2734375,8.535489323,19508.54173,-6.366885725e-07,1.835919837e-06,1.658277378e-10
-2.4609375,5.5078125,8.535489323,24661.10749,-5.46409343e-07,1.285561435e-06,8.830674348e-11
-2.4609375,5.7421875,8.535489323,31174.56092,-4.831913111e-07,6.727837181e-07,8.989501942e-11
-2.4609375,5.9765625,8.535489323,39408.33756,6.305184238e-08,5.745517854e-08,1.035164948e-10
-2.2265625,-5.9765625,10.78986951,0.2537534091,8.684147483e-08,-3.832773643e-09,5.917641801e-05
-2.2265625,-5.7421875,10.78986951,0.3207743656,1.564971877e-06,-8.282164998e-09,4.116046787e-05
-2.2265625,-5.5078125,10.78986951,0.4054967931,1.991697397e-06,-5.469226523e-08,2.315685344e-05
-2.2265625,-5.2734375,10.78986951,0.5125959766,2.418186169e-06,-1.886104421e-07,8.360371144e-06
-2.2265625,-5.0390625,10.78986951,0.6479820303,2.362866279e-06,-4.104865126e-07,-4.691961974e-06
-2.2265625,-4.8046875,10.78986951,0.8191260383,1.754956865e-06,-6.574647699e-07,-1.048810606e-05
-2.2265625,-4.5703125,10.78986951,1.035472336,1.200783848e-06,-8.745629558e-07,-1.377288104e-05
-2.2265625,-4.3359375,10.78986951,1.308959682,8.884934112e-08,-9.783208021e-07,-1.482755579e-05
-2.2265625,-4.1015625,10.78986951,1.654680082,-1.53156971e-06,-8.829348271e-07,-1.045507762e-05
-2.2265625,-3.8671875,10.78986951,2.091711616,-2.295030984e-06,-5.609095506e-07,-4.703145587e-06
-2.2265625,-3.6328125,10.78986951,2.644171242,-2.27298923e-06,-6.025865814e-08,-1.006457564e-06
-2.2265625,-3.3984375,10.78986951,3.342545645,-2.074069005e-06,5.337021587e-07,1.629966961e-06
-2.2265625,-3.1640625,10.78986951,4.225373613,-1.419582366e-06,1.10457168e-06,3.363588014e-06
-2.2265625,-2.9296875,10.78986951,5.341372733,-6.930047142e-07,1.509958955e-06,3.561634034e-06
-2.2265625,-2.6953125,10.78986951,6.752127808,6.863806791e-07,1.506557932e-06,2.313677696e-06
-2.2265625,-2.4609375,10.78986951,8.535489323,1.618307594e-06,1.183451034e-06,1.366696788e-06
-2.2265625,-2.2265625,10.78986951,10.78986951,2.045457595e-06,4.425348459e-07,1.48352815e-07
-2.2265625,-1.9921875,10.78986951,13.6396731,1.320571872e-06,-5.205602539e-07,-6.905164502e-07
-2.2265625,-1.7578125,10.78986951,17.24216239,3.587263267e-07,-1.45205531e-06,-1.091860603e-06
-2.2265625,-1.5234375,10.78986951,21.79613556,-9.997406649e-07,-2.075938967e-06,-1.12331259e-06
-2.2265625,-1.2890625,10.78986951,27.55289705,-2.777091836e-06,-2.144726887e-06,-8.16042909e-07
-2.2265625,-1.0546875,10.78986951,34.83012544,-3.800051881e-06,-1.56554884e-06,-4.142686848e-07
-2.2265625,-0.8203125,10.78986951,44.02940411,-4.095583411e-06,-4.49145554e-07,-4.328808601e-08
-2.2265625,-0.5859375,10.78986951,55.65838198,-3.776840241e-06,9.473130972e-07,2.496415683e-07
-2.2265625,-0.3515625,10.78986951,70.35878743,-2.366737556e-06,2.246249314e-06,3.437461783e-07
-2.2265625,-0.1171875,10.78986951,88.94184116,1.017655289e-06,2.969802263e-06,2.835654837e-07
-2.2265625,0.1171875,10.78986951,112.4330222,2.371523714e-06,3.369554006e-06,2.759168416e-07
-2.2265625,0.3515625,10.78986951,142.1286575,2.248007543e-06,2.712619564e-06,1.371738646e-07
-2.2265625,0.5859375,10.78986951,179.6674579,2.674967527e-06,1.471799972e-06,4.81038655e-08
-2.2265625,0.8203125,10.78986951,227.120948,2.308332537e-06,-1.844210936e-07,-2.186039103e-08
-2.2265625,1.0546875,10.78986951,287.1077802,1.439797604e-06,-1.859049725e-06,-5.460906422e-08
-2.2265625,1.2890625,10.78986951,362.9382414,2.265848447e-07,-3.177389143e-06,-6.250812147e-08
-2.2265625,1.5234375,10.78986951,458.7969264,-1.471516161e-06,-3.824314099e-06,-5.022807205e-08
-2.2265625,1.7578125,10.78986951,579.9736584,-2.447802889e-06,-3.697070747e-06,-3.103810099e-08
-2.2265625,1.9921875,10.78986951,733.1554008,-2.689233344e-06,-2.915157071e-06,-1.69404536e-08
-2.2265625,2.2265625,10.78986951,926.7952672,-3.002897498e-06,-1.690482823e-06,-6.781827285e-09
-2.2265625,2.4609375,10.78986951,1171.578995,-3.12332957e-06,-2.805124347e-07,3.898481991e-10
-2.2265625,2.6953125,10.78986951,1481.01462,-2.955616014e-06,1.004478175e-06,4.487063544e-09
-2.2265625,2.9296875,10.78986951,1872.177903,-2.512598274e-06,2.069447715e-06,3.391672889e-09
-2.2265625,3.1640625,10.78986951,2366.654624,-1.514616446e-06,2.879344297e-06,1.960294649e-09
-2.2265625,3.3984375,10.78986951,2991.73177,-1.51784333e-06,3.484779122e-06,2.620436087e-09
-2.2265625,3.6328125,10.78986951,3781.903321,-1.391467018e-06,3.879032045e-06,2.279965932e-09
-2.2265625,3.8671875,10.78986951,4780.773756,-1.116856424e-06,3.992513303e-06,1.607000536e-09
-2.2265625,4.1015625,10.78986951,6043.464299,-8.097077667e-07,3.834801828e-06,1.043925818e-09
-2.2265625,4.3359375,10.78986951,7639.654709,-6.448509759e-07,3.465989941e-06,5.964456204e-10
-2.2265625,4.5703125,10.78986951,9657.428452,-5.387244735e-07,2.973784295e-06,2.675430673e-10
-2.2265625,4.8046875,10.78986951,12208.13346,-4.096037123e-07,2.428924683e-06,4.59247701e-11
-2.2265625,5.0390625,10.78986951,15432.52672,-3.142516866e-07,1.89921126e-06,-4.728674108e-11
-2.2265625,5.2734375,10.78986951,19508.54173,-2.876522883e-07,1.425686932e-06,-9.327940889e-11
-2.2265625,5.5078125,10.78986951,24661.10749,-3.256368914e-07,9.762832631e-07,-1.304419588e-10
-2.2265625,5.7421875,10.78986951,31174.56092,-4.260989826e-07,5.124095439e-07,-9.88357503e-11
-2.2265625,5.9765625,10.78986951,39408.33756,-4.260210587e-08,4.738986775e-08,-3.77527947e-11
-1.9921875,-5.9765625,13.6396731,0.2537534091,-1.751410519e-08,-1.130008768e-08,5.710142763e-05
-1.9921875,-5.7421875,13.6396731,0.3207743656,1.411825566e-06,-1.310599029e-07,3.915812025e-05
-1.9921875,-5.5078125,13.6396731,0.4054967931,1.84974995e-06,-2.515474868e-07,1.99903626e-05
-1.9921875,-5.2734375,13.6396731,0.5125959766,2.182148076e-06,-4.116617472e-07,3.579192712e-06
-1.9921875,-5.0390625,13.6396731,0.6479820303,1.877783249e-06,-5.797671541e-07,-8.682895595e-06
-1.9921875,-4.8046875,13.6396731,0.8191260383,1.169646933e-06,-7.196354158e-07,-1.296478095e-05
-1.9921875,-4.5703125,13.6396731,1.035472336,5.625067868e-07,-7.759105257e-07,-1.464698792e-05
-1.9921875,-4.3359375,13.6396731,1.308959682,-6.101877575e-07,-6.923050288e-07,-1.380894066e-05
-1.9921875,-4.1015625,13.6396731,1.654680082,-1.926170091e-06,-4.356637504e-07,-8.233497026e-06
-1.9921875,-3.8671875,13.6396731,2.091711616,-2.218183847e-06,-4.809008003e-08,-2.359390327e-06
-1.9921875,-3.6328125,13.6396731,2.644171242,-2.016832212e-06,4.0388337e-07,1.274836436e-06
-1.9921875,-3.3984375,13.6396731,3.342545645,-1.538512873e-06,8.235434393e-07,3.470712723e-06
-1.9921875,-3.1640625,13.6396731,4.225373613,-2.486175742e-07,1.08213583e-06,4.332445024e-06
-1.9921875,-2.9296875,13.6396731,5.341372733,2.407286334e-07,1.124647138e-06,3.29854375e-06
-1.9921875,-2.6953125,13.6396731,6.752127808,1.467755403e-06,7.879031592e-07,1.768791067e-06
-1.9921875,-2.4609375,13.6396731,8.535489323,2.034885826e-06,2.222059943e-07,4.044760254e-07
-1.9921875,-2.2265625,13.6396731,10.78986951,1.54808444e-06,-5.024544159e-07,-8.105834213e-07
-1.9921875,-1.9921875,13.6396731,13.6396731,3.596125205e-07,-1.176183324e-06,-1.371394959e-06
-1.9921875,-1.7578125,13.6396731,17.24216239,-7.337712982e-07,-1.580496078e-06,-1.438848043e-06
-1.9921875,-1.5234375,13.6396731,21.79613556,-2.364963519e-06,-1.531930716e-06,-1.111135389e-06
-1.9921875,-1.2890625,13.6396731,27.55289705,-3.739734997e-06,-9.592994756e-07,-5.550519126e-07
-1.9921875,-1.0546875,13.6396731,34.83012544,-4.029774913e-06,4.404357213e-09,-7.168752058e-08
-1.9921875,-0.8203125,13.6396731,44.02940411,-3.914589453e-06,1.114539807e-06,2.900349648e-07
-1.9921875,-0.5859375,13.6396731,55.65838198,-2.778160632e-06,2.063283539e-06,4.951942532e-07
-1.9921875,-0.3515625,13.6396731,70.35878743,-2.390062115e-07,2.506134223e-06,4.528040683e-07
-1.9921875,-0.1171875,13.6396731,88.94184116,7.944941721e-07,2.419127229e-06,3.409425094e-07
-1.9921875,0.1171875,13.6396731,112.4330222,2.200592278e-06,1.570772749e-06,1.571852604e-07
-1.9921875,0.3515625,13.6396731,142.1286575,2.538718941e-06,4.529745756e-07,3.623528746e-08
-1.9921875,0.5859375,13.6396731,179.6674579,2.218184125e-06,-8.455646313e-07,-5.175238446e-08
-1.9921875,0.8203125,13.6396731,227.120948,7.676220079e-07,-1.979600388e-06,-9.207638263e-08
-1.9921875,1.0546875,13.6396731,287.1077802,-4.570162563e-07,-2.666024011e-06,-9.39725491e-08
-1.9921875,1.2890625,13.6396731,362.9382414,-2.023182208e-06,-2.718608851e-06,-7.361461452e-08
-1.9921875,1.5234375,13.6396731,458.7969264,-3.510478063e-06,-2.143505231e-06,-4.025133529e-08
-1.9921875,1.7578125,13.6396731,579.9736584,-3.818489249e-06,-1.115430673e-06,-1.209897282e-08
-1.9921875,1.9921875,13.6396731,733.1554008,-3.571046029e-06,1.198430895e-07,3.622411145e-09
-1.9921875,2.2265625,13.6396731,926.7952672,-3.289179482e-06,1.321128472e-06,1.098125532e-08
-1.9921875,2.4609375,13.6396731,1171.578995,-2.424140276e-06,2.27544806e-06,1.230619274e-08
-1.9921875,2.6953125,13.6396731,1481.01462,-1.818705586e-06,2.863738342e-06,1.074706619e-08
-1.9921875,2.9296875,13.6396731,1872.177903,-1.311636397e-06,3.169434863e-06,7.671236134e-09
-1.9921875,3.1640625,13.6396731,2366.654624,2.391956383e-07,3.146136535e-06,3.380730282e-09
-1.9921875,3.3984375,13.6396731,2991.73177,-9.03773612e-08,2.92536125e-06,2.891325124e-09
-1.9921875,3.6328125,13.6396731,3781.903321,-2.067875783e-07,2.489728665e-06,1.705473332e-09
-1.9921875,3.8671875,13.6396731,4780.773756,-1.70917073e-07,1.91001509e-06,5.953916399e-10
-1.9921875,4.1015625,13.6396731,6043.464299,-2.517585551e-07,1.282405814e-06,1.25488924e-11
-1.9921875,4.3359375,13.6396731,7639.654709,-4.076603145e-07,7.013757609e-07,-2.396418976e-10
-1.9921875,4.5703125,13.6396731,9657.428452,-4.052411387e-07,2.176892627e-07,-3.801300102e-10
-1.9921875,4.8046875,13.6396731,12208.13346,-4.091822342e-07,-1.230313326e-07,-3.86038148e-10
-1.9921875,5.0390625,13.6396731,15432.52672,-5.223426978e-07,-2.895602749e-07,-2.866117087e-10
-1.9921875,5.2734375,13.6396731,19508.54173,-5.419882936e-07,-3.159392679e-07,-2.253043226e-10
-1.9921875,5.5078125,13.6396731,24661.10749,-5.510531381e-07,-2.582808385e-07,-2.203433311e-10
-1.9921875,5.7421875,13.6396731,31174.56092,-6.350096722e-07,-1.579782823e-07,-1.631617586e-10
-1.9921875,5.9765625,13.6396731,39408.33756,-5.931068443e-08,-1.427954645e-08,-8.212238961e-11
-1.7578125,-5.9765625,17.24216239,0.2537534091,-1.316651069e-07,-1.665415273e-08,4.914487274e-05
-1.7578125,-5.7421875,17.24216239,0.3207743656,1.137527641e-06,-2.117412786e-07,3.291437772e-05
-1.7578125,-5.5078125,17.24216239,0.4054967931,1.566533454e-06,-3.803346618e-07,1.455464429e-05
-1.7578125,-5.2734375,17.24216239,0.5125959766,1.727585764e-06,-5.360582583e-07,-1.68012679e-06
-1.7578125,-5.0390625,17.24216239,0.6479820303,1.268674241e-06,-6.537272188e-07,-1.181637446e-05
-1.7578125,-4.8046875,17.24216239,0.8191260383,5.280282457e-07,-6.912846119e-07,-1.385457969e-05
-1.7578125,-4.5703125,17.24216239,1.035472336,-1.278581936e-07,-6.172844158e-07,-1.352288185e-05
-1.7578125,-4.3359375,17.24216239,1.308959682,-1.078560907e-06,-4.056162169e-07,-1.073225446e-05
-1.7578125,-4.1015625,17.24216239,1.654680082,-1.850427531e-06,-8.204477258e-08,-4.733029555e-06
-1.7578125,-3.8671875,17.24216239,2.091711616,-1.83847468e-06,2.949122658e-07,4.730615362e-07
-1.7578125,-3.6328125,17.24216239,2.644171242,-1.525691379e-06,6.429128557e-07,3.403225439e-06
-1.7578125,-3.3984375,17.24216239,3.342545645,-7.108006365e-07,8.585421251e-07,4.591903758e-06
-1.7578125,-3.1640625,17.24216239,4.225373613,8.182287633e-07,8.375728439e-07,4.110186903e-06
-1.7578125,-2.9296875,17.24216239,5.341372733,1.134043742e-06,5.836784954e-07,2.302420282e-06
-1.7578125,-2.6953125,17.24216239,6.752127808,1.820620289e-06,1.273547937e-07,6.163109564e-07
-1.7578125,-2.4609375,17.24216239,8.535489323,1.642440454e-06,-4.716186329e-07,-8.110401258e-07
-1.7578125,-2.2265625,17.24216239,10.78986951,4.899689778e-07,-1.009985538e-06,-1.676851681e-06
-1.7578125,-1.9921875,17.24216239,13.6396731,-9.049514342e-07,-1.305488364e-06,-1.752606592e-06
-1.7578125,-1.7578125,17.24216239,17.24216239,-2.151454222e-06,-1.218285198e-06,-1.377122775e-06
-1.7578125,-1.5234375,17.24216239,21.79613556,-3.410151759e-06,-7.00838391e-07,-7.007010299e-07
-1.7578125,-1.2890625,17.24216239,27.55289705,-3.779633228e-06,1.430734217e-07,-4.026902624e-08
-1.7578125,-1.0546875,17.24216239,34.83012544,-3.24524592e-06,1.077000776e-06,3.51194123e-07
-1.7578125,-0.8203125,17.24216239,44.02940411,-2.582099055e-06,1.81146245e-06,5.683632977e-07
-1.7578125,-0.5859375,17.24216239,55.65838198,-9.155160309e-07,2.089454168e-06,5.934047743e-07
-1.7578125,-0.3515625,17.24216239,70.35878743,1.572612444e-06,1.799934495e-06,3.898348337e-07
-1.7578125,-0.1171875,17.24216239,88.94184116,2.164135198e-06,9.907885959e-07,1.868330255e-07
-1.7578125,0.1171875,17.24216239,112.4330222,3.469273358e-06,-1.623179128e-07,-7.428417448e-09
-1.7578125,0.3515625,17.24216239,142.1286575,1.969412487e-06,-1.205515537e-06,-9.910813293e-08
-1.7578125,0.5859375,17.24216239,179.6674579,3.698132565e-07,-2.014829246e-06,-1.336215918e-07
-1.7578125,0.8203125,17.24216239,227.120948,-1.370348646e-06,-2.268461571e-06,-1.20330748e-07
-1.7578125,1.0546875,17.24216239,287.1077802,-2.495868387e-06,-1.929859281e-06,-8.443163894e-08
-1.7578125,1.2890625,17.24216239,362.9382414,-3.622654234e-06,-1.093613751e-06,-4.192967112e-08
-1.7578125,1.5234375,17.24216239,458.7969264,-4.00599147e-06,-4.06374201e-09,-4.490261101e-09
-1.7578125,1.7578125,17.24216239,579.9736584,-3.595584418e-06,1.048018997e-06,1.713568065e-08
-1.7578125,1.9921875,17.24216239,733.1554008,-3.199182554e-06,1.828152886e-06,2.366266006e-08
-1.7578125,2.2265625,17.24216239,926.7952672,-2.333959395e-06,2.199103418e-06,2.172043977e-08
-1.7578125,2.4609375,17.24216239,1171.578995,-1.172823143e-06,2.147429471e-06,1.56143197e-08
-1.7578125,2.6953125,17.24216239,1481.01462,-6.110292677e-07,1.803830232e-06,1.040877482e-08
-1.7578125,2.9296875,17.24216239,1872.177903,8.506500739e-08,1.303314032e-06,5.795305792e-09
-1.7578125,3.1640625,17.24216239,2366.654624,5.434485858e-07,7.199903443e-07,6.764736284e-10
-1.7578125,3.3984375,17.24216239,2991.73177,-4.462634987e-09,3.884189807e-08,-9.33965946e-11
-1.7578125,3.6328125,17.24216239,3781.903321,-2.733304622e-07,-6.878437481e-07,-1.032208926e-09
-1.7578125,3.8671875,17.24216239,4780.773756,-6.116011677e-07,-1.316094127e-06,-1.527624985e-09
-1.7578125,4.1015625,17.24216239,6043.464299,-1.237004497e-06,-1.776243833e-06,-1.342626724e-09
-1.7578125,4.3359375,17.24216239,7639.654709,-1.517507096e-06,-2.042432102e-06,-9.752797991e-10
-1.7578125,4.5703125,17.24216239,9657.428452,-1.429074166e-06,-2.110880448e-06,-6.88364209e-10
-1.7578125,4.8046875,17.24216239,12208.13346,-1.477051781e-06,-1.999842034e-06,-3.966089434e-10
-1.7578125,5.0390625,17.24216239,15432.52672,-1.495815724e-06,-1.751542243e-06,-1.481496488e-10
-1.7578125,5.2734375,17.24216239,19508.54173,-1.339254162e-06,-1.416340716e-06,-4.90513286e-11
-1.7578125,5.5078125,17.24216239,24661.10749,-1.285281251e-06,-1.027949077e-06,-3.875079146e-11
-1.7578125,5.7421875,17.24216239,31174.56092,-1.098443119e-06,-5.835427316e-07,1.79618139e-11
-1.7578125,5.9765625,17.24216239,39408.33756,-3.205475703e-08,-5.415889287e-08,7.34559491e-11
-1.5234375,-5.9765625,21.79613556,0.2537534091,-2.024668264e-07,-2.06209438e-08,3.518179975e-05
-1.5234375,-5.7421875,21.79613556,0.3207743656,7.204510254e-07,-2.535186612e-07,2.258297103e-05
-1.5234375,-5.5078125,21.79613556,0.4054967931,1.026594847e-06,-4.365030861e-07,7.39973947e-06
-1.5234375,-5.2734375,21.79613556,0.5125959766,1.014975169e-06,-5.743427938e-07,-6.751492239e-06
-1.5234375,-5.0390625,21.79613556,0.6479820303,4.387687112e-07,-6.348656173e-07,-1.338227349e-05
-1.5234375,-4.8046875,21.79613556,0.8191260383,-3.054013761e-07,-5.884232523e-07,-1.263945365e-05
-1.5234375,-4.5703125,21.79613556,1.035472336,-7.731818852e-07,-4.238333445e-07,-1.017518375e-05
-1.5234375,-4.3359375,21.79613556,1.308959682,-1.279896222e-06,-1.580829675e-07,-5.990195678e-06
-1.5234375,-4.1015625,21.79613556,1.654680082,-1.531272438e-06,1.675069944e-07,-4.311815015e-07
-1.5234375,-3.8671875,21.79613556,2.091711616,-1.202050882e-06,4.759030982e-07,3.292449953e-06
-1.5234375,-3.6328125,21.79613556,2.644171242,-6.383099382e-07,6.77775014e-07,4.83410767e-06
-1.5234375,-3.3984375,21.79613556,3.342545645,2.460108493e-07,7.03303531e-07,4.655710037e-06
-1.5234375,-3.1640625,21.79613556,4.225373613,1.618932104e-06,5.321474009e-07,3.033635841e-06
-1.5234375,-2.9296875,21.79613556,5.341372733,1.597612236e-06,1.330264629e-07,7.132216477e-07
-1.5234375,-2.6953125,21.79613556,6.752127808,1.537698119e-06,-3.583179098e-07,-8.867763577e-07
-1.5234375,-2.4609375,21.79613556,8.535489323,6.496887919e-07,-8.126796623e-07,-1.952786796e-06
-1.5234375,-2.2265625,21.79613556,10.78986951,-8.861340968e-07,-1.071520467e-06,-2.177394868e-06
-1.5234375,-1.9921875,21.79613556,13.6396731,-2.376868145e-06,-1.016119516e-06,-1.672518585e-06
-1.5234375,-1.7578125,21.79613556,17.24216239,-3.281502837e-06,-6.147961469e-07,-8.752800285e-07
-1.5234375,-1.5234375,21.79613556,21.79613556,-3.690491658e-06,6.140079763e-08,5.58490395e-09
-1.5234375,-1.2890625,21.79613556,27.55289705,-2.860829774e-06,8.197569129e-07,5.633733272e-07
-1.5234375,-1.0546875,21.79613556,34.83012544,-1.530296464e-06,1.407923982e-06,6.993260576e-07
-1.5234375,-0.8203125,21.79613556,44.02940411,-5.699859033e-07,1.61203023e-06,6.65617091e-07
-1.5234375,-0.5859375,21.79613556,55.65838198,8.587850549e-07,1.3308319e-06,4.805701527e-07
-1.5234375,-0.3515625,21.79613556,70.35878743,2.344186034e-06,5.947272817e-07,1.753292963e-07
-1.5234375,-0.1171875,21.79613556,88.94184116,2.1589843e-06,-3.458860793e-07,-2.728802922e-08
-1.5234375,0.1171875,21.79613556,112.4330222,1.877895072e-06,-1.271343578e-06,-1.689685007e-07
-1.5234375,0.3515625,21.79613556,142.1286575,3.788558096e-07,-1.812883408e-06,-1.921151779e-07
-1.5234375,0.5859375,21.79613556,179.6674579,-2.036930048e-06,-1.885479842e-06,-1.507253416e-07
-1.5234375,0.8203125,21.79613556,227.120948,-3.402161532e-06,-1.401967913e-06,-8.436355467e-08
-1.5234375,1.0546875,21.79613556,287.1077802,-3.884552605e-06,-5.192306374e-07,-2.607520101e-08
-1.5234375,1.2890625,21.79613556,362.9382414,-3.855534302e-06,4.823694843e-07,1.524606881e-08
-1.5234375,1.5234375,21.79613556,458.7969264,-3.229273118e-06,1.307516063e-06,3.487274897e-08
-1.5234375,1.7578125,21.79613556,579.9736584,-2.501029106e-06,1.725853248e-06,3.573751202e-08
-1.5234375,1.9921875,21.79613556,733.1554008,-1.926141401e-06,1.646646056e-06,2.64674458e-08
-1.5234375,2.2265625,21.79613556,926.7952672,-1.318179641e-06,1.131313838e-06,1.464910808e-08
-1.5234375,2.4609375,21.79613556,1171.578995,-8.027052065e-07,3.648175307e-07,5.800455415e-09
-1.5234375,2.6953125,21.79613556,1481.01462,-1.782402417e-07,-4.011441664e-07,2.184619488e-09
-1.5234375,2.9296875,21.79613556,1872.177903,6.316974293e-07,-1.050600747e-06,-1.611009198e-09
-1.5234375,3.1640625,21.79613556,2366.654624,-2.601982356e-07,-1.554186376e-06,-4.179089231e-09
-1.5234375,3.3984375,21.79613556,2991.73177,-1.279987589e-06,-2.019235688e-06,-4.016166895e-09
-1.5234375,3.6328125,21.79613556,3781.903321,-1.727351711e-06,-2.325843974e-06,-3.446254748e-09
-1.5234375,3.8671875,21.79613556,4780.773756,-2.363629256e-06,-2.42559179e-06,-2.69923596e-09
-1.5234375,4.1015625,21.79613556,6043.464299,-2.911008929e-06,-2.349373856e-06,-1.668766563e-09
-1.5234375,4.3359375,21.79613556,7639.654709,-3.049729806e-06,-2.138401653e-06,-8.025208119e-10
-1.5234375,4.5703125,21.79613556,9657.428452,-2.976885322e-06,-1.837941537e-06,-2.671615159e-10
-1.5234375,4.8046875,21.79613556,12208.13346,-2.831854594e-06,-1.501304521e-06,9.24032231e-11
-1.5234375,5.0390625,21.79613556,15432.52672,-2.462675032e-06,-1.183048638e-06,2.695240617e-10
-1.5234375,5.2734375,21.79613556,19508.54173,-2.14676999e-06,-9.088758656e-07,2.800998556e-10
-1.5234375,5.5078125,21.79613556,24661.10749,-2.068072574e-06,-6.601894752e-07,2.481228763e-10
-1.5234375,5.7421875,21.79613556,31174.56092,-1.571668431e-06,-3.867861569e-07,2.947375208e-10
-1.5234375,5.9765625,21.79613556,39408.33756,-7.500625059e-08,-3.661386957e-08,3.190582635e-10
-1.2890625,-5.9765625,27.55289705,0.2537534091,-3.007223401e-07,-2.033389685e-08,1.581150996e-05
-1.2890625,-5.7421875,27.55289705,0.3207743656,1.371406097e-07,-2.437914603e-07,9.115538159e-06
-1.2890625,-5.5078125,27.55289705,0.4054967931,2.949182693e-07,-4.061310569e-07,-7.645503105e-07
-1.2890625,-5.2734375,27.55289705,0.5125959766,9.891853075e-08,-5.066143634e-07,-1.081213315e-05
-1.2890625,-5.0390625,27.55289705,0.6479820303,-5.909080127e-07,-5.129631115e-07,-1.267376163e-05
-1.2890625,-4.8046875,27.55289705,0.8191260383,-1.09126087e-06,-4.113409372e-07,-9.07603124e-06
-1.2890625,-4.5703125,27.55289705,1.035472336,-1.186286014e-06,-2.183780096e-07,-5.047826306e-06
-1.2890625,-4.3359375,27.55289705,1.308959682,-1.283261466e-06,3.836377432e-08,-1.610849492e-07
-1.2890625,-4.1015625,27.55289705,1.654680082,-9.852504016e-07,3.048502272e-07,4.006438494e-06
-1.2890625,-3.8671875,27.55289705,2.091711616,-2.119179184e-07,4.973446377e-07,5.426911325e-06
-1.2890625,-3.6328125,27.55289705,2.644171242,4.030609118e-07,5.550817196e-07,5.164478799e-06
-1.2890625,-3.3984375,27.55289705,3.342545645,1.154384512e-06,4.426943078e-07,3.53065124e-06
-1.2890625,-3.1640625,27.55289705,4.225373613,2.355926481e-06,1.618886077e-07,7.800339084e-07
-1.2890625,-2.9296875,27.55289705,5.341372733,1.431961809e-06,-2.113989964e-07,-1.22201813e-06
-1.2890625,-2.6953125,27.55289705,6.752127808,5.757879331e-07,-5.911801214e-07,-2.349797189e-06
-1.2890625,-2.4609375,27.55289705,8.535489323,-5.893692159e-07,-8.208505725e-07,-2.678847048e-06
-1.2890625,-2.2265625,27.55289705,10.78986951,-2.355600264e-06,-8.181051346e-07,-2.104424342e-06
-1.2890625,-1.9921875,27.55289705,13.6396731,-3.406278323e-06,-5.32621697e-07,-1.099592843e-06
-1.2890625,-1.7578125,27.55289705,17.24216239,-3.707362086e-06,-3.01950404e-08,-6.039948962e-08
-1.2890625,-1.5234375,27.55289705,21.79613556,-3.26724488e-06,5.463094136e-07,7.907561019e-07
-1.2890625,-1.2890625,27.55289705,27.55289705,-1.382463907e-06,1.003468865e-06,1.039511059e-06
-1.2890625,-1.0546875,27.55289705,34.83012544,3.451386025e-07,1.155828221e-06,8.20462954e-07
-1.2890625,-0.8203125,27.55289705,44.02940411,9.888962369e-07,9.269745695e-07,5.216626535e-07
-1.2890625,-0.5859375,27.55289705,55.65838198,1.779651538e-06,3.707390543e-07,1.827687754e-07
-1.2890625,-0.3515625,27.55289705,70.35878743,1.585883959e-06,-3.248549796e-07,-1.205211266e-07
-1.2890625,-0.1171875,27.55289705,88.94184116,8.057563865e-07,-1.023504628e-06,-2.363904749e-07
-1.2890625,0.1171875,27.55289705,112.4330222,-9.575102123e-07,-1.350398372e-06,-2.638238995e-07
-1.2890625,0.3515625,27.55289705,142.1286575,-1.941492609e-06,-1.307816508e-06,-1.92087791e-07
-1.2890625,0.5859375,27.55289705,179.6674579,-3.767514075e-06,-8.374388767e-07,-8.623970173e-08
-1.2890625,0.8203125,27.55289705,227.120948,-4.074256907e-06,-8.100433035e-08,3.77010353e-10
-1.2890625,1.0546875,27.55289705,287.1077802,-3.615910953e-06,6.91785209e-07,4.857339026e-08
-1.2890625,1.2890625,27.55289705,362.9382414,-2.829467657e-06,1.257453543e-06,6.219138927e-08
-1.2890625,1.5234375,27.55289705,458.7969264,-1.698108205e-06,1.416480241e-06,4.943345688e-08
-1.2890625,1.7578125,27.55289705,579.9736584,-1.133683187e-06,1.122887333e-06,2.737017811e-08
-1.2890625,1.9921875,27.55289705,733.1554008,-1.061620088e-06,4.853566382e-07,6.606272479e-09
-1.2890625,2.2265625,27.55289705,926.7952672,-1.161204682e-06,-3.042585892e-07,-7.038012578e-09
-1.2890625,2.4609375,27.55289705,1171.578995,-1.459171369e-06,-1.006857978e-06,-9.902770412e-09
-1.2890625,2.6953125,27.55289705,1481.01462,-1.068152283e-06,-1.431495317e-06,-5.567723092e-09
-1.2890625,2.9296875,27.55289705,1872.177903,-7.813252905e-07,-1.602751475e-06,-6.801508811e-09
-1.2890625,3.1640625,27.55289705,2366.654624,-1.515511821e-06,-1.617053504e-06,-6.486798652e-09
-1.2890625,3.3984375,27.55289705,2991.73177,-2.568662005e-06,-1.48969805e-06,-4.588527005e-09
-1.2890625,3.6328125,27.55289705,3781.903321,-2.975727047e-06,-1.200951122e-06,-2.755666725e-09
-1.2890625,3.8671875,27.55289705,4780.773756,-3.233073334e-06,-8.073332273e-07,-1.390651544e-09
-1.2890625,4.1015625,27.55289705,6043.464299,-3.395162668e-06,-3.843005761e-07,-3.532355826e-10
-1.2890625,4.3359375,27.55289705,7639.654709,-3.242236487e-06,-4.744943084e-09,2.427738752e-10
-1.2890625,4.5703125,27.55289705,9657.428452,-3.025808153e-06,2.823204143e-07,4.976765674e-10
-1.2890625,4.8046875,27.55289705,12208.13346,-2.710033809e-06,4.572040828e-07,5.815143322e-10
-1.2890625,5.0390625,27.55289705,15432.52672,-2.237094625e-06,5.071672547e-07,4.988074443e-10
-1.2890625,5.2734375,27.55289705,19508.54173,-1.969722525e-06,4.490219211e-07,3.661686824e-10
-1.2890625,5.5078125,27.55289705,24661.10749,-2.001035951e-06,3.167203503e-07,2.881030687e-10
-1.2890625,5.7421875,27.55289705,31174.56092,-1.632309442e-06,1.240652749e-07,3.409583495e-10
-1.2890625,5.9765625,27.55289705,39408.33756,-3.78550255e-08,3.106941006e-09,4.175123771e-10
-1.0546875,-5.9765625,34.83012544,0.2537534091,-4.252540958e-07,-1.575515213e-08,-6.912529264e-06
-1.0546875,-5.7421875,34.83012544,0.3207743656,-4.813201242e-07,-2.026241021e-07,-6.189219352e-06
-1.0546875,-5.5078125,34.83012544,0.4054967931,-4.444946532e-07,-3.287503861e-07,-8.850650692e-06
-1.0546875,-5.2734375,34.83012544,0.5125959766,-8.460050083e-07,-3.869906885e-07,-1.300775807e-05
-1.0546875,-5.0390625,34.83012544,0.6479820303,-1.422087808e-06,-3.535111076e-07,-9.485510122e-06
-1.0546875,-4.8046875,34.83012544,0.8191260383,-1.489129863e-06,-2.349152849e-07,-3.658824675e-06
-1.0546875,-4.5703125,34.83012544,1.035472336,-1.356880041e-06,-5.300546409e-08,1.282314001e-06
-1.0546875,-4.3359375,34.83012544,1.308959682,-1.085619268e-06,1.565993265e-07,5.922559511e-06
-1.0546875,-4.1015625,34.83012544,1.654680082,-1.434301163e-07,3.306694181e-07,7.679164053e-06
-1.0546875,-3.8671875,34.83012544,2.091711616,7.967076898e-07,4.083128462e-07,6.380484429e-06
-1.0546875,-3.6328125,34.83012544,2.644171242,1.268368899e-06,3.554381109e-07,4.186016349e-06
-1.0546875,-3.3984375,34.83012544,3.342545645,1.801184865e-06,1.712295839e-07,1.28970259e-06
-1.0546875,-3.1640625,34.83012544,4.225373613,2.140961854e-06,-1.048868964e-07,-1.836731575e-06
-1.0546875,-2.9296875,34.83012544,5.341372733,1.16131905e-06,-3.917262741e-07,-3.032377473e-06
-1.0546875,-2.6953125,34.83012544,6.752127808,-4.859560967e-07,-5.947075041e-07,-3.336747725e-06
-1.0546875,-2.4609375,34.83012544,8.535489323,-1.961119558e-06,-6.2421711e-07,-2.706003682e-06
-1.0546875,-2.2265625,34.83012544,10.78986951,-3.358916583e-06,-4.286138704e-07,-1.404050962e-06
-1.0546875,-1.9921875,34.83012544,13.6396731,-3.636695905e-06,-5.736703949e-08,-1.617771113e-07
-1.0546875,-1.7578125,34.83012544,17.24216239,-3.499467395e-06,3.786505901e-07,8.301943249e-07
-1.0546875,-1.5234375,34.83012544,21.79613556,-2.280959445e-06,7.268572266e-07,1.384872471e-06
-1.0546875,-1.2890625,34.83012544,27.55289705,1.39288053e-07,8.380561739e-07,1.195782853e-06
-1.0546875,-1.0546875,34.83012544,34.83012544,1.433891279e-06,6.402132777e-07,6.420039411e-07
-1.0546875,-0.8203125,34.83012544,44.02940411,1.717518823e-06,2.465088737e-07,2.104511227e-07
-1.0546875,-0.5859375,34.83012544,55.65838198,2.244784774e-06,5.871117139e-09,-1.032341321e-07
-1.0546875,-0.3515625,34.83012544,70.35878743,5.304883191e-08,-9.3976682e-07,-4.989811142e-07
-1.0546875,-0.1171875,34.83012544,88.94184116,-2.739106304e-06,-2.433386528e-06,-3.819154427e-07
-1.0546875,0.1171875,34.83012544,112.4330222,-6.638747382e-06,-2.476290712e-06,-2.6061814e-07
-1.0546875,0.3515625,34.83012544,142.1286575,-7.513748257e-06,-3.358143838e-06,-1.878738289e-07
-1.0546875,0.5859375,34.83012544,179.6674579,-9.569793042e-06,-3.64640705e-06,4.745370528e-08
-1.0546875,0.8203125,34.83012544,227.120948,-7.899231021e-06,-2.695693524e-06,1.002681613e-07
-1.0546875,1.0546875,34.83012544,287.1077802,-6.956675924e-06,-2.261984576e-06,9.114775298e-08
-1.0546875,1.2890625,34.83012544,362.9382414,-6.057100899e-06,-2.339299768e-06,6.511543985e-08
-1.0546875,1.5234375,34.83012544,458.7969264,-5.29428498e-06,-2.724549938e-06,2.623789934e-08
-1.0546875,1.7578125,34.83012544,579.9736584,-5.50280559e-06,-3.300823548e-06,-4.147139612e-09
-1.0546875,1.9921875,34.83012544,733.1554008,-5.781228164e-06,-3.884129002e-06,-2.201423886e-08
-1.0546875,2.2265625,34.83012544,926.7952672,-6.363459125e-06,-4.28154926e-06,-2.557679133e-08
-1.0546875,2.4609375,34.83012544,1171.578995,-7.150105764e-06,-4.3743378e-06,-1.662389635e-08
-1.0546875,2.6953125,34.83012544,1481.01462,-6.387858286e-06,-4.178767469e-06,-4.714042774e-09
-1.0546875,2.9296875,34.83012544,1872.177903,-5.753335378e-06,-3.794254886e-06,-3.03636511e-09
-1.0546875,3.1640625,34.83012544,2366.654624,-5.945563786e-06,-3.36809056e-06,-3.092921944e-09
-1.0546875,3.3984375,34.83012544,2991.73177,-6.552883778e-06,-2.967206359e-06,-7.808166415e-10
-1.0546875,3.6328125,34.83012544,3781.903321,-6.885299009e-06,-2.524344808e-06,8.444343562e-10
-1.0546875,3.8671875,34.83012544,4780.773756,-6.853038027e-06,-2.134082961e-06,1.428578493e-09
-1.0546875,4.1015625,34.83012544,6043.464299,-6.53633591e-06,-1.853378912e-06,1.426204069e-09
-1.0546875,4.3359375,34.83012544,7639.654709,-6.205774383e-06,-1.705958078e-06,1.097294874e-09
-1.0546875,4.5703125,34.83012544,9657.428452,-6.057065929e-06,-1.696267638e-06,7.582347612e-10
-1.0546875,4.8046875,34.83012544,12208.13346,-5.778173153e-06,-1.817175135e-06,4.480876402e-10
-1.0546875,5.0390625,34.83012544,15432.52672,-5.548922596e-06,-2.034064891e-06,1.811103847e-10
-1.0546875,5.2734375,34.83012544,19508.54173,-5.73609926e-06,-2.342136971e-06,-4.005518003e-11
-1.0546875,5.5078125,34.83012544,24661.10749,-6.672379395e-06,-2.902263556e-06,-2.797827327e-10
-1.0546875,5.7421875,34.83012544,31174.56092,-6.964907225e-06,-3.166743697e-06,1.407931119e-10
-1.0546875,5.9765625,34.83012544,39408.33756,-4.476062802e-08,-1.369465878e-07,1.557247226e-09
-0.8203125,-5.9765625,44.02940411,0.2537534091,-4.896352574e-07,-1.208132736e-08,-3.089077543e-05
-0.8203125,-5.7421875,44.02940411,0.3207743656,-1.042398607e-06,-1.582914089e-07,-2.179359913e-05
-0.8203125,-5.5078125,44.02940411,0.4054967931,-1.155404555e-06,-2.491975827e-07,-1.585364449e-05
-0.8203125,-5.2734375,44.02940411,0.5125959766,-1.614480725e-06,-2.734707137e-07,-1.284645329e-05
-0.8203125,-5.0390625,44.02940411,0.6479820303,-1.899679767e-06,-2.220571304e-07,-4.257997139e-06
-0.8203125,-4.8046875,44.02940411,0.8191260383,-1.674711344e-06,-1.053139446e-07,3.044532461e-06
-0.8203125,-4.5703125,44.02940411,1.035472336,-1.381047936e-06,4.7994271e-08,8.006830008e-06
-0.8203125,-4.3359375,44.02940411,1.308959682,-6.067155456e-07,1.941542731e-07,1.119231665e-05
-0.8203125,-4.1015625,44.02940411,1.654680082,7.206614438e-07,2.821109077e-07,9.897375046e-06
-0.8203125,-3.8671875,44.02940411,2.091711616,1.574536219e-06,2.738979389e-07,5.878388277e-06
-0.8203125,-3.6328125,44.02940411,2.644171242,1.910423829e-06,1.597381455e-07,1.988646234e-06
-0.8203125,-3.3984375,44.02940411,3.342545645,1.871088946e-06,-3.801951988e-08,-1.617234607e-06
-0.8203125,-3.1640625,44.02940411,4.225373613,1.46085186e-06,-2.508137575e-07,-4.162016912e-06
-0.8203125,-2.9296875,44.02940411,5.341372733,2.4777289e-07,-4.183539736e-07,-4.407453898e-06
-0.8203125,-2.6953125,44.02940411,6.752127808,-1.801353909e-06,-4.547139782e-07,-3.52655184e-06
-0.8203125,-2.4609375,44.02940411,8.535489323,-3.139405116e-06,-3.245717922e-07,-1.929396539e-06
-0.8203125,-2.2265625,44.02940411,10.78986951,-3.605600441e-06,-4.783051827e-08,-2.186715817e-07
-0.8203125,-1.9921875,44.02940411,13.6396731,-3.152620486e-06,2.878106694e-07,8.894347859e-07
-0.8203125,-1.7578125,44.02940411,17.24216239,-2.501048248e-06,5.563499061e-07,1.503127383e-06
-0.8203125,-1.5234375,44.02940411,21.79613556,-8.420698583e-07,6.418709485e-07,1.562633497e-06
-0.8203125,-1.2890625,44.02940411,27.55289705,1.239013604e-06,4.811537315e-07,9.43934394e-07
-0.8203125,-1.0546875,44.02940411,34.83012544,1.810555853e-06,1.525207442e-07,2.675545576e-07
-0.8203125,-0.8203125,44.02940411,44.02940411,3.03389887e-06,1.701967694e-07,2.414338435e-07
-0.8203125,-0.5859375,44.02940411,55.65838198,-1.953243063e-06,-2.536775477e-06,-2.047822956e-06
-0.8203125,-0.3515625,44.02940411,70.35878743,-5.731224265e-05,-2.245652892e-05,-6.344511062e-06
-0.8203125,-0.1171875,44.02940411,88.94184116,-7.719147666e-05,-2.238980917e-05,2.309503201e-06
-0.8203125,0.1171875,44.02940411,112.4330222,2.520833954e-05,3.504013505e-05,3.313630378e-06
-0.8203125,0.3515625,44.02940411,142.1286575,2.513900944e-05,4.535968988e-05,-3.342570565e-06
-0.8203125,0.5859375,44.02940411,179.6674579,-5.320010509e-05,1.598488302e-05,-1.053549196e-06
-0.8203125,0.8203125,44.02940411,227.120948,-6.473223724e-05,9.342805936e-06,3.196750644e-07
-0.8203125,1.0546875,44.02940411,287.1077802,-5.912999413e-05,1.069551422e-05,1.104407574e-07
-0.8203125,1.2890625,44.02940411,362.9382414,-5.804652088e-05,1.054870156e-05,1.62144834e-08
-0.8203125,1.5234375,44.02940411,458.7969264,-5.845857402e-05,1.001824535e-05,-1.966745155e-08
-0.8203125,1.7578125,44.02940411,579.9736584,-5.906495684e-05,9.638630889e-06,-3.446200015e-08
-0.8203125,1.9921875,44.02940411,733.1554008,-5.918019747e-05,9.52498186e-06,-3.440926411e-08
-0.8203125,2.2265625,44.02940411,926.7952672,-5.968510572e-05,9.727890107e-06,-2.188975469e-08
-0.8203125,2.4609375,44.02940411,1171.578995,-5.980284685e-05,1.017518026e-05,-5.104419649e-09
-0.8203125,2.6953125,44.02940411,1481.01462,-5.820463348e-05,1.069436637e-05,5.741150871e-09
-0.8203125,2.9296875,44.02940411,1872.177903,-5.7959322e-05,1.114505566e-05,8.514700005e-09
-0.8203125,3.1640625,44.02940411,2366.654624,-5.62367305e-05,1.144890025e-05,3.107211367e-09
-0.8203125,3.3984375,44.02940411,2991.73177,-5.733922401e-05,1.167194713e-05,3.413254075e-09
-0.8203125,3.6328125,44.02940411,3781.903321,-5.809721658e-05,1.178732638e-05,3.528592163e-09
-0.8203125,3.8671875,44.02940411,4780.773756,-5.826854487e-05,1.178334292e-05,2.595247162e-09
-0.8203125,4.1015625,44.02940411,6043.464299,-5.792690918e-05,1.167427686e-05,1.566751441e-09
-0.8203125,4.3359375,44.02940411,7639.654709,-5.780817654e-05,1.150591776e-05,7.320626996e-10
-0.8203125,4.5703125,44.02940411,9657.428452,-5.756507565e-05,1.129673602e-05,8.883698349e-11
-0.8203125,4.8046875,44.02940411,12208.13346,-5.74125431e-05,1.108370655e-05,-2.736095836e-10
-0.8203125,5.0390625,44.02940411,15432.52672,-5.771877393e-05,1.087783852e-05,-4.831648839e-10
-0.8203125,5.2734375,44.02940411,19508.54173,-5.853187552e-05,1.066695493e-05,-8.071371818e-10
-0.8203125,5.5078125,44.02940411,24661.10749,-5.662292254e-05,1.212217086e-05,1.316857851e-09
-0.8203125,5.7421875,44.02940411,31174.56092,-5.860119264e-06,2.859962999e-05,1.594448444e-08
-0.8203125,5.9765625,44.02940411,39408.33756,0.0001928904151,8.454428539e-05,3.943271096e-08
-0.5859375,-5.9765625,55.65838198,0.2537534091,-5.111105206e-07,-8.98468453e-09,-5.397829101e-05
-0.5859375,-5.7421875,55.65838198,0.3207743656,-1.577364379e-06,-1.138956925e-07,-3.618234699e-05
-0.5859375,-5.5078125,55.65838198,0.4054967931,-1.80758869e-06,-1.717004905e-07,-2.077311883e-05
-0.5859375,-5.2734375,55.65838198,0.5125959766,-2.209274893e-06,-1.739183422e-07,-1.052634305e-05
-0.5859375,-5.0390625,55.65838198,0.6479820303,-2.266517507e-06,-1.162244458e-07,2.404050178e-06
-0.5859375,-4.8046875,55.65838198,0.8191260383,-1.778172311e-06,-1.576448861e-08,1.031737647e-05
-0.5859375,-4.5703125,55.65838198,1.035472336,-1.120542868e-06,9.354860659e-08,1.390219187e-05
-0.5859375,-4.3359375,55.65838198,1.308959682,2.87130751e-08,1.749539294e-07,1.474708872e-05
-0.5859375,-4.1015625,55.65838198,1.654680082,1.473837371e-06,1.927057462e-07,1.023062452e-05
-0.5859375,-3.8671875,55.65838198,2.091711616,2.174783348e-06,1.2986941e-07,3.938761061e-06
-0.5859375,-3.6328125,55.65838198,2.644171242,2.116587625e-06,-1.691587952e-09,-1.009693388e-06
-0.5859375,-3.3984375,55.65838198,3.342545645,1.367237411e-06,-1.597711635e-07,-4.473010923e-06
-0.5859375,-3.1640625,55.65838198,4.225373613,3.426522062e-07,-2.825899459e-07,-5.864326921e-06
-0.5859375,-2.9296875,55.65838198,5.341372733,-1.244851224e-06,-3.247302147e-07,-4.811831202e-06
-0.5859375,-2.6953125,55.65838198,6.752127808,-2.804252846e-06,-2.420711297e-07,-2.781552907e-06
-0.5859375,-2.4609375,55.65838198,8.535489323,-3.593898279e-06,-4.324986846e-08,-4.968648799e-07
-0.5859375,-2.2265625,55.65838198,10.78986951,-3.082531619e-06,2.122236737e-07,1.158203651e-06
-0.5859375,-1.9921875,55.65838198,13.6396731,-1.861314503e-06,4.270397932e-07,1.715803857e-06
-0.5859375,-1.7578125,55.65838198,17.24216239,-9.512838118e-07,5.045683485e-07,1.722068217e-06
-0.5859375,-1.5234375,55.65838198,21.79613556,4.694620959e-07,3.910077445e-07,1.23008357e-06
-0.5859375,-1.2890625,55.65838198,27.55289705,1.524459315e-06,1.070938447e-07,3.704030602e-07
-0.5859375,-1.0546875,55.65838198,34.83012544,1.611405406e-06,-1.624120865e-07,3.722674796e-08
-0.5859375,-0.8203125,55.65838198,44.02940411,-2.476365213e-06,-2.103906977e-06,-2.45513279e-06
-0.5859375,-0.5859375,55.65838198,55.65838198,-0.0001574016988,-3.406821475e-05,-3.40046689e-05
-0.5859375,-0.3515625,55.65838198,70.35878743,-0.0002839545653,-1.302300797e-05,2.203228804e-05
-0.5859375,-0.1171875,55.65838198,88.94184116,0.003572330012,0.001109256196,0.0003654029449
-0.5859375,0.1171875,55.65838198,112.4330222,0.01292637394,0.003774959537,0.0003622823667
-0.5859375,0.3515625,55.65838198,142.1286575,0.01856245029,0.005476476474,4.443333837e-05
-0.5859375,0.5859375,55.65838198,179.6674579,0.01861513834,0.005597625933,-2.365364209e-05
-0.5859375,0.8203125,55.65838198,227.120948,0.01815589881,0.005487512491,-2.811932105e-06
-0.5859375,1.0546875,55.65838198,287.1077802,0.01812208284,0.005472836278,3.732774215e-07
-0.5859375,1.2890625,55.65838198,362.9382414,0.01813134479,0.005474429278,-1.271927059e-09
-0.5859375,1.5234375,55.65838198,458.7969264,0.0181307152,0.005474506337,-5.473057556e-08
-0.5859375,1.7578125,55.65838198,579.9736584,0.01813017102,0.005474516678,-3.626379394e-08
-0.5859375,1.9921875,55.65838198,733.1554008,0.01813091173,0.00547483873,-1.540033236e-08
-0.5859375,2.2265625,55.65838198,926.7952672,0.01813120446,0.005475330184,4.003997074e-09
-0.5859375,2.4609375,55.65838198,1171.578995,0.01813214625,0.00547581329,1.647472014e-08
-0.5859375,2.6953125,55.65838198,1481.01462,0.01813435631,0.005476135906,1.796579126e-08
-0.5859375,2.9296875,55.65838198,1872.177903,0.0181353031,0.005476186038,1.311874815e-08
-0.5859375,3.1640625,55.65838198,2366.654624,0.01813563039,0.005476032465,4.167621169e-09
-0.5859375,3.3984375,55.65838198,2991.73177,0.01813387757,0.005475868109,3.135761771e-09
-0.5859375,3.6328125,55.65838198,3781.903321,0.01813342898,0.005475623116,1.485303082e-09
-0.5859375,3.8671875,55.65838198,4780.773756,0.01813299817,0.005475315949,3.161282256e-10
-0.5859375,4.1015625,55.65838198,6043.464299,0.01813222929,0.005475017561,-3.683272578e-10
-0.5859375,4.3359375,55.65838198,7639.654709,0.01813219068,0.005474772275,-7.000628065e-10
-0.5859375,4.5703125,55.65838198,9657.428452,0.01813238906,0.005474632699,-7.624114425e-10
-0.5859375,4.8046875,55.65838198,12208.13346,0.01813281261,0.005474592997,-7.104897643e-10
-0.5859375,5.0390625,55.65838198,15432.52672,0.01813288154,0.005474654155,-6.154273523e-10
-0.5859375,5.2734375,55.65838198,19508.54173,0.01813443869,0.005475198916,1.371013671e-09
-0.5859375,5.5078125,55.65838198,24661.10749,0.01817937553,0.00548020866,2.336928777e-08
-0.5859375,5.7421875,55.65838198,31174.56092,0.01841525954,0.00547596299,5.607553369e-08
-0.5859375,5.9765625,55.65838198,39408.33756,0.01813984302,0.005164890422,-1.137324657e-07
-0.3515625,-5.9765625,70.35878743,0.2537534091,-5.281631945e-07,-5.315862732e-09,-7.380528576e-05
-0.3515625,-5.7421875,70.35878743,0.3207743656,-2.018471268e-06,-6.808303402e-08,-4.744279566e-05
-0.3515625,-5.5078125,70.35878743,0.4054967931,-2.290656425e-06,-9.873593136e-08,-2.352568955e-05
-0.3515625,-5.2734375,70.35878743,0.5125959766,-2.698308814e-06,-8.70867338e-08,-6.316793396e-06
-0.3515625,-5.0390625,70.35878743,0.6479820303,-2.581466571e-06,-3.736181599e-08,9.918136123e-06
-0.3515625,-4.8046875,70.35878743,0.8191260383,-1.573746801e-06,3.750985808e-08,1.680347002e-05
-0.3515625,-4.5703125,70.35878743,1.035472336,-6.55679029e-07,9.843363414e-08,1.809712234e-05
-0.3515625,-4.3359375,70.35878743,1.308959682,6.255583155e-07,1.253495392e-07,1.587395997e-05
-0.3515625,-4.1015625,70.35878743,1.654680082,2.049843616e-06,9.361824823e-08,8.534317845e-06
-0.3515625,-3.8671875,70.35878743,2.091711616,2.280124799e-06,8.436944656e-09,8.912209664e-07
-0.3515625,-3.6328125,70.35878743,2.644171242,1.675149368e-06,-1.014943879e-07,-4.105624791e-06
-0.3515625,-3.3984375,70.35878743,3.342545645,6.339588151e-07,-1.946844919e-07,-6.558715045e-06
-0.3515625,-3.1640625,70.35878743,4.225373613,-1.027619318e-06,-2.334617851e-07,-6.370003322e-06
-0.3515625,-2.9296875,70.35878743,5.341372733,-2.37450921e-06,-1.793870603e-07,-4.046225045e-06
-0.3515625,-2.6953125,70.35878743,6.752127808,-3.041317867e-06,-4.586335261e-08,-1.30769905e-06
-0.3515625,-2.4609375,70.35878743,8.535489323,-3.464942908e-06,1.355230343e-07,1.207768728e-06
-0.3515625,-2.2265625,70.35878743,10.78986951,-1.956353479e-06,3.062235508e-07,2.320551936e-06
-0.3515625,-1.9921875,70.35878743,13.6396731,-2.640737239e-07,3.848088879e-07,2.073639704e-06
-0.3515625,-1.7578125,70.35878743,17.24216239,4.447457862e-07,3.22940266e-07,1.40161003e-06
-0.3515625,-1.5234375,70.35878743,21.79613556,1.272463884e-06,1.201237378e-07,4.879040482e-07
-0.3515625,-1.2890625,70.35878743,27.55289705,1.069343833e-06,-1.459682934e-07,-3.274526795e-07
-0.3515625,-1.0546875,70.35878743,34.83012544,-3.862163208e-07,-5.038959937e-07,-8.811482999e-07
-0.3515625,-0.8203125,70.35878743,44.02940411,-5.735588728e-05,-6.349874771e-06,-2.238793888e-05
-0.3515625,-0.5859375,70.35878743,55.65838198,-0.0002839399277,2.201599295e-05,-1.29714763e-05
-0.3515625,-0.3515625,70.35878743,70.35878743,0.01191001439,0.002056287767,0.002056321635
-0.3515625,-0.1171875,70.35878743,88.94184116,0.108093328,0.01695969301,0.008109657187
-0.3515625,0.1171875,70.35878743,112.4330222,0.3138707248,0.04992563632,0.008314571941
-0.3515625,0.3515625,70.35878743,142.1286575,0.4664139389,0.07555288661,0.00250413952
-0.3515625,0.5859375,70.35878743,179.6674579,0.5030355806,0.08253332182,9.310388202e-05
-0.3515625,0.8203125,70.35878743,227.120948,0.5030352992,0.08283528336,-4.247869476e-05
-0.3515625,1.0546875,70.35878743,287.1077802,0.502154723,0.08268918379,-3.433335222e-06
-0.3515625,1.2890625,70.35878743,362.9382414,0.5021059414,0.08267295413,3.219515557e-07
-0.3515625,1.5234375,70.35878743,458.7969264,0.5021182756,0.08267509746,6.566344052e-10
-0.3515625,1.7578125,70.35878743,579.9736584,0.5021195556,0.08267574434,-5.201743591e-09
-0.3515625,1.9921875,70.35878743,733.1554008,0.5021198637,0.08267612022,2.263568399e-08
-0.3515625,2.2265625,70.35878743,926.7952672,0.5021211196,0.08267644575,3.067181849e-08
-0.3515625,2.4609375,70.35878743,1171.578995,0.5021242867,0.08267657383,2.766815509e-08
-0.3515625,2.6953125,70.35878743,1481.01462,0.5021259443,0.08267644283,1.618788342e-08
-0.3515625,2.9296875,70.35878743,1872.177903,0.502125441,0.08267612724,3.039954327e-09
-0.3515625,3.1640625,70.35878743,2366.654624,0.5021236267,0.08267574537,-3.136898007e-09
-0.3515625,3.3984375,70.35878743,2991.73177,0.5021230084,0.08267544422,-2.654489585e-09
-0.3515625,3.6328125,70.35878743,3781.903321,0.5021225035,0.08267517865,-3.033581037e-09
-0.3515625,3.8671875,70.35878743,4780.773756,0.5021216075,0.08267497757,-3.158921417e-09
-0.3515625,4.1015625,70.35878743,6043.464299,0.5021213413,0.08267484283,-2.392721065e-09
-0.3515625,4.3359375,70.35878743,7639.654709,0.5021211238,0.08267479986,-1.528564516e-09
-0.3515625,4.5703125,70.35878743,9657.428452,0.5021216808,0.08267484977,-5.995373129e-10
-0.3515625,4.8046875,70.35878743,12208.13346,0.5021218265,0.08267501517,-6.736197877e-11
-0.3515625,5.0390625,70.35878743,15432.52672,0.5021220305,0.0826751988,1.317975792e-10
-0.3515625,5.2734375,70.35878743,19508.54173,0.5021259673,0.08267502894,2.357680488e-09
-0.3515625,5.5078125,70.35878743,24661.10749,0.5021270527,0.08266442911,-1.320770031e-08
-0.3515625,5.7421875,70.35878743,31174.56092,0.5008702873,0.08248931844,-5.797792456e-07
-0.3515625,5.9765625,70.35878743,39408.33756,0.4882457772,0.08091202019,-4.137623103e-06
-0.1171875,-5.9765625,88.94184116,0.2537534091,-6.135102133e-07,-5.912974241e-09,-9.127115698e-05
-0.1171875,-5.7421875,88.94184116,0.3207743656,-2.098661261e-06,-2.890301716e-08,-5.47609007e-05
-0.1171875,-5.5078125,88.94184116,0.4054967931,-2.847115012e-06,-5.495953429e-08,-2.399876192e-05
-0.1171875,-5.2734375,88.94184116,0.5125959766,-3.153304414e-06,-4.388796971e-08,-7.140533933e-07
-0.1171875,-5.0390625,88.94184116,0.6479820303,-2.54465742e-06,-3.198141881e-10,1.443940967e-05
-0.1171875,-4.8046875,88.94184116,0.8191260383,-8.026275085e-07,4.277944326e-08,2.249896778e-05
-0.1171875,-4.5703125,88.94184116,1.035472336,5.573965139e-07,7.471616881e-08,2.016625399e-05
-0.1171875,-4.3359375,88.94184116,1.308959682,1.64031858e-06,6.80440801e-08,1.42558425e-05
-0.1171875,-4.1015625,88.94184116,1.654680082,2.309948117e-06,1.673401133e-08,4.557746225e-06
-0.1171875,-3.8671875,88.94184116,2.091711616,1.955357302e-06,-5.122489681e-08,-2.690612741e-06
-0.1171875,-3.6328125,88.94184116,2.644171242,1.288336667e-06,-1.46763631e-07,-6.164329557e-06
-0.1171875,-3.3984375,88.94184116,3.342545645,-1.206595606e-06,-1.811896777e-07,-7.16562614e-06
-0.1171875,-3.1640625,88.94184116,4.225373613,-2.214638068e-06,-1.426472387e-07,-5.464029117e-06
-0.1171875,-2.9296875,88.94184116,5.341372733,-2.916302075e-06,-7.081869566e-08,-2.349138257e-06
-0.1171875,-2.6953125,88.94184116,6.752127808,-3.19961223e-06,7.703372852e-08,5.114709571e-07
-0.1171875,-2.4609375,88.94184116,8.535489323,-3.026679658e-06,2.116154157e-07,2.735730185e-06
-0.1171875,-2.2265625,88.94184116,10.78986951,-8.111684975e-08,2.950532819e-07,2.966335268e-06
-0.1171875,-1.9921875,88.94184116,13.6396731,1.31580262e-06,2.743852249e-07,1.855041319e-06
-0.1171875,-1.7578125,88.94184116,17.24216239,1.204767929e-06,1.56634692e-07,6.9772374e-07
-0.1171875,-1.5234375,88.94184116,21.79613556,1.458599772e-06,-3.2617112e-08,-3.869948367e-07
-0.1171875,-1.2890625,88.94184116,27.55289705,3.420896636e-07,-1.990295508e-07,-8.981985883e-07
-0.1171875,-1.0546875,88.94184116,34.83012544,-3.55678943e-06,-3.183720489e-07,-2.356614255e-06
-0.1171875,-0.8203125,88.94184116,44.02940411,-7.77477492e-05,2.364035558e-06,-2.236287009e-05
-0.1171875,-0.5859375,88.94184116,55.65838198,0.003571505413,0.0003654307426,0.0011092683
-0.1171875,-0.3515625,88.94184116,70.35878743,0.1080916258,0.008109662709,0.01695971347
-0.1171875,-0.1171875,88.94184116,88.94184116,0.8569747108,0.06468579977,0.06468582104
-0.1171875,0.1171875,88.94184116,112.4330222,2.615490607,0.2093969372,0.07392010525
-0.1171875,0.3515625,88.94184116,142.1286575,4.108049436,0.3440918449,0.02912190786
-0.1171875,0.5859375,88.94184116,179.6674579,4.617363019,0.39733482,0.004334017884
-0.1171875,0.8203125,88.94184116,227.120948,4.687396805,0.4068721515,9.43506212e-05
-0.1171875,1.0546875,88.94184116,287.1077802,4.687209775,0.4072247111,-4.537865646e-05
-0.1171875,1.2890625,88.94184116,362.9382414,4.68605382,0.4070769246,-3.412432014e-06
-0.1171875,1.5234375,88.94184116,458.7969264,4.685993906,0.4070610821,4.1346554e-07
-0.1171875,1.7578125,88.94184116,579.9736584,4.68601223,0.4070634395,8.993764764e-08
-0.1171875,1.9921875,88.94184116,733.1554008,4.686014965,0.4070639588,4.407529689e-08
-0.1171875,2.2265625,88.94184116,926.7952672,4.686017079,0.407063898,3.160396826e-08
-0.1171875,2.4609375,88.94184116,1171.578995,4.686015939,0.4070636495,1.573174315e-08
-0.1171875,2.6953125,88.94184116,1481.01462,4.686017325,0.4070633182,-4.83570416e-10
-0.1171875,2.9296875,88.94184116,1872.177903,4.686018199,0.4070630058,-1.298621547e-08
-0.1171875,3.1640625,88.94184116,2366.654624,4.686015793,0.4070628017,-1.250080921e-08
-0.1171875,3.3984375,88.94184116,2991.73177,4.686013799,0.4070626958,-7.712959731e-09
-0.1171875,3.6328125,88.94184116,3781.903321,4.686014812,0.4070627251,-4.511946534e-09
-0.1171875,3.8671875,88.94184116,4780.773756,4.686013648,0.4070628667,-3.137256176e-09
-0.1171875,4.1015625,88.94184116,6043.464299,4.686013808,0.4070630106,-1.805088451e-09
-0.1171875,4.3359375,88.94184116,7639.654709,4.68601455,0.4070631625,-6.445315027e-10
-0.1171875,4.5703125,88.94184116,9657.428452,4.686014746,0.4070633026,6.110640609e-10
-0.1171875,4.8046875,88.94184116,12208.13346,4.686014341,0.407063417,1.114519885e-09
-0.1171875,5.0390625,88.94184116,15432.52672,4.686015967,0.4070634724,3.231791714e-10
-0.1171875,5.2734375,88.94184116,19508.54173,4.686010965,0.4070632177,-3.271062088e-09
-0.1171875,5.5078125,88.94184116,24661.10749,4.685855151,0.4070617527,-8.487169516e-08
-0.1171875,5.7421875,88.94184116,31174.56092,4.682919228,0.4070852568,-9.731191844e-07
-0.1171875,5.9765625,88.94184116,39408.33756,4.690733752,0.4075292907,-6.223099595e-06
0.1171875,-5.9765625,112.4330222,0.2537534091,-8.36460884e-07,-3.596904384e-10,-0.0001003686688
0.1171875,-5.7421875,112.4330222,0.3207743656,-2.414318004e-06,-2.29465798e-08,-6.26745945e-05
0.1171875,-5.5078125,112.4330222,0.4054967931,-2.970481852e-06,-1.399247314e-08,-2.195911587e-05
0.1171875,-5.2734375,112.4330222,0.5125959766,-2.965000729e-06,4.347603851e-09,5.527504949e-06
0.1171875,-5.0390625,112.4330222,0.6479820303,-2.393386629e-06,3.68927114e-08,2.120770322e-05
0.1171875,-4.8046875,112.4330222,0.8191260383,-3.897426399e-07,4.84356805e-08,2.528750864e-05
0.1171875,-4.5703125,112.4330222,1.035472336,7.378280951e-07,5.329288591e-08,2.005337543e-05
0.1171875,-4.3359375,112.4330222,1.308959682,2.330997605e-06,3.197715424e-08,1.110648947e-05
0.1171875,-4.1015625,112.4330222,1.654680082,2.479651136e-06,-2.258502762e-08,5.911596377e-07
0.1171875,-3.8671875,112.4330222,2.091711616,1.463065769e-06,-9.847753329e-08,-6.406896875e-06
0.1171875,-3.6328125,112.4330222,2.644171242,1.136995768e-06,-1.492966322e-07,-8.189078906e-06
0.1171875,-3.3984375,112.4330222,3.342545645,-1.695150681e-06,-1.30489309e-07,-6.783078731e-06
0.1171875,-3.1640625,112.4330222,4.225373613,-3.312507755e-06,-7.712588505e-08,-4.008586545e-06
0.1171875,-2.9296875,112.4330222,5.341372733,-1.034578666e-06,2.905740324e-08,1.684146016e-07
0.1171875,-2.6953125,112.4330222,6.752127808,-2.30404483e-06,1.503004474e-07,2.75851244e-06
0.1171875,-2.4609375,112.4330222,8.535489323,-2.26141981e-08,2.332797878e-07,3.684668427e-06
0.1171875,-2.2265625,112.4330222,10.78986951,2.148261758e-06,2.30116091e-07,2.710604698e-06
0.1171875,-1.9921875,112.4330222,13.6396731,2.171116039e-06,1.402064638e-07,1.141006539e-06
0.1171875,-1.7578125,112.4330222,17.24216239,2.098718545e-06,-1.174523768e-08,-2.786683841e-07
0.1171875,-1.5234375,112.4330222,21.79613556,6.549776662e-07,-1.618229171e-07,-1.157114504e-06
0.1171875,-1.2890625,112.4330222,27.55289705,-1.370784321e-06,-2.360229976e-07,-1.094202359e-06
0.1171875,-1.0546875,112.4330222,34.83012544,-4.467932417e-06,-2.059560072e-07,-2.388036729e-06
0.1171875,-0.8203125,112.4330222,44.02940411,2.777904634e-05,3.370676754e-06,3.50147924e-05
0.1171875,-0.5859375,112.4330222,55.65838198,0.01292765602,0.0003623137712,0.003774916074
0.1171875,-0.3515625,112.4330222,70.35878743,0.3138708746,0.00831456747,0.04992560301
0.1171875,-0.1171875,112.4330222,88.94184116,2.615487359,0.07392009388,0.2093969598
0.1171875,0.1171875,112.4330222,112.4330222,9.249069186,0.2909673901,0.2909674075
0.1171875,0.3515625,112.4330222,142.1286575,15.74363636,0.5809586478,0.1506412594
0.1171875,0.5859375,112.4330222,179.6674579,18.82763977,0.7580038987,0.03724214345
0.1171875,0.8203125,112.4330222,227.120948,19.58303187,0.8157517641,0.004563114141
0.1171875,1.0546875,112.4330222,287.1077802,19.67428848,0.8254612852,9.261134401e-05
0.1171875,1.2890625,112.4330222,362.9382414,19.67401648,0.8258158261,-4.527218106e-05
0.1171875,1.5234375,112.4330222,458.7969264,19.672559,0.8256681519,-3.288428799e-06
0.1171875,1.7578125,112.4330222,579.9736584,19.67248507,0.8256521158,4.67937727e-07
0.1171875,1.9921875,112.4330222,733.1554008,19.67250552,0.8256540655,8.338842138e-08
0.1171875,2.2265625,112.4330222,926.7952672,19.6725077,0.8256541192,9.250348954e-10
0.1171875,2.4609375,112.4330222,1171.578995,19.67250701,0.8256537795,-1.162605074e-08
0.1171875,2.6953125,112.4330222,1481.01462,19.6725057,0.8256535625,-1.908435199e-08
0.1171875,2.9296875,112.4330222,1872.177903,19.67250634,0.8256535542,-1.966563176e-08
0.1171875,3.1640625,112.4330222,2366.654624,19.67250522,0.8256536465,-1.240255446e-08
0.1171875,3.3984375,112.4330222,2991.73177,19.67250499,0.8256538146,-4.269907216e-09
0.1171875,3.6328125,112.4330222,3781.903321,19.67250674,0.8256540462,2.573905666e-10
0.1171875,3.8671875,112.4330222,4780.773756,19.67250677,0.8256542858,1.474462661e-09
0.1171875,4.1015625,112.4330222,6043.464299,19.67250608,0.8256545059,1.711480328e-09
0.1171875,4.3359375,112.4330222,7639.654709,19.67250623,0.8256546378,1.361934784e-09
0.1171875,4.5703125,112.4330222,9657.428452,19.67250831,0.8256546708,1.15942149e-09
0.1171875,4.8046875,112.4330222,12208.13346,19.6725059,0.8256546242,9.193862537e-10
0.1171875,5.0390625,112.4330222,15432.52672,19.67250657,0.8256545307,7.618249362e-11
0.1171875,5.2734375,112.4330222,19508.54173,19.67250509,0.8256548229,-8.929305185e-10
0.1171875,5.5078125,112.4330222,24661.10749,19.67244199,0.8256627615,-4.171052127e-08
0.1171875,5.7421875,112.4330222,31174.56092,19.67035926,0.825687812,-8.025867589e-07
0.1171875,5.9765625,112.4330222,39408.33756,19.66913151,0.8252429995,-6.251535131e-06
0.3515625,-5.9765625,142.1286575,0.2537534091,-3.520639814e-07,4.875371779e-10,-0.0001020073322
0.3515625,-5.7421875,142.1286575,0.3207743656,-2.412119249e-06,1.239852224e-09,-6.112605685e-05
0.3515625,-5.5078125,142.1286575,0.4054967931,-2.796573681e-06,9.055443247e-09,-1.933639189e-05
0.3515625,-5.2734375,142.1286575,0.5125959766,-2.861235494e-06,2.092449975e-08,9.67234532e-06
0.3515625,-5.0390625,142.1286575,0.6479820303,-1.881162589e-06,3.620846612e-08,2.673403525e-05
0.3515625,-4.8046875,142.1286575,0.8191260383,-3.841833079e-07,4.229709654e-08,2.635980086e-05
0.3515625,-4.5703125,142.1286575,1.035472336,5.675146662e-07,3.118579433e-08,1.777186143e-05
0.3515625,-4.3359375,142.1286575,1.308959682,1.349258363e-06,-3.421018799e-09,7.035074837e-06
0.3515625,-4.1015625,142.1286575,1.654680082,1.406997204e-06,-5.082500008e-08,-3.613778756e-06
0.3515625,-3.8671875,142.1286575,2.091711616,4.375224899e-07,-9.493482998e-08,-8.926169007e-06
0.3515625,-3.6328125,142.1286575,2.644171242,-9.064815137e-07,-1.10889598e-07,-9.074695755e-06
0.3515625,-3.3984375,142.1286575,3.342545645,-2.50705766e-06,-8.715466915e-08,-5.366489474e-06
0.3515625,-3.1640625,142.1286575,4.225373613,-2.678370234e-06,-2.494367982e-08,-1.281730218e-06
0.3515625,-2.9296875,142.1286575,5.341372733,-2.072062771e-06,6.558221875e-08,2.581830846e-06
0.3515625,-2.6953125,142.1286575,6.752127808,-8.074762014e-07,1.30708507e-07,4.286120819e-06
0.3515625,-2.4609375,142.1286575,8.535489323,1.28646668e-06,1.549074562e-07,3.909199655e-06
0.3515625,-2.2265625,142.1286575,10.78986951,2.595667183e-06,1.130690256e-07,1.91126797e-06
0.3515625,-1.9921875,142.1286575,13.6396731,2.535726342e-06,1.209427235e-08,5.684594226e-08
0.3515625,-1.7578125,142.1286575,17.24216239,1.812000726e-06,-1.06498202e-07,-1.2625008e-06
0.3515625,-1.5234375,142.1286575,21.79613556,-5.13799041e-07,-1.805544895e-07,-1.611070184e-06
0.3515625,-1.2890625,142.1286575,27.55289705,-2.416425387e-06,-1.684299698e-07,-9.909351592e-07
0.3515625,-1.0546875,142.1286575,34.83012544,-7.320254327e-06,-1.635854895e-07,-3.212557408e-06
0.3515625,-0.8203125,142.1286575,44.02940411,2.530067438e-05,-3.322818623e-06,4.534332456e-05
0.3515625,-0.5859375,142.1286575,55.65838198,0.01856296808,4.444172386e-05,0.00547637589
0.3515625,-0.3515625,142.1286575,70.35878743,0.4664155825,0.002504139358,0.07555280544
0.3515625,-0.1171875,142.1286575,88.94184116,4.108050473,0.02912191053,0.3440918698
0.3515625,0.1171875,142.1286575,112.4330222,15.74363666,0.1506412575,0.5809586525
0.3515625,0.3515625,142.1286575,142.1286575,31.72577109,0.425480358,0.4254803557
0.3515625,0.5859375,142.1286575,179.6674579,42.0566997,0.7349869946,0.1657559077
0.3515625,0.8203125,142.1286575,227.120948,46.1664172,0.9141901864,0.03775213333
0.3515625,1.0546875,142.1286575,287.1077802,47.12774092,0.9720081781,0.004564027212
0.3515625,1.2890625,142.1286575,362.9382414,47.24309124,0.981717336,9.27285842e-05
0.3515625,1.5234375,142.1286575,458.7969264,47.2427473,0.9820716131,-4.521290731e-05
0.3515625,1.7578125,142.1286575,579.9736584,47.24090313,0.9819235675,-3.320652147e-06
0.3515625,1.9921875,142.1286575,733.1554008,47.24080675,0.9819072095,3.981038383e-07
0.3515625,2.2265625,142.1286575,926.7952672,47.24083176,0.9819090435,1.589245954e-08
0.3515625,2.4609375,142.1286575,1171.578995,47.24083373,0.9819092702,-3.084880937e-08
0.3515625,2.6953125,142.1286575,1481.01462,47.24083378,0.9819093196,-1.637237325e-08
0.3515625,2.9296875,142.1286575,1872.177903,47.24083466,0.9819095327,-5.574624153e-09
0.3515625,3.1640625,142.1286575,2366.654624,47.240837,0.9819097655,-1.738098533e-09
0.3515625,3.3984375,142.1286575,2991.73177,47.24083555,0.9819099424,4.171905762e-09
0.3515625,3.6328125,142.1286575,3781.903321,47.24083485,0.9819100574,6.226890028e-09
0.3515625,3.8671875,142.1286575,4780.773756,47.2408344,0.9819101084,5.018950094e-09
0.3515625,4.1015625,142.1286575,6043.464299,47.24083524,0.9819100991,3.205789224e-09
0.3515625,4.3359375,142.1286575,7639.654709,47.24083533,0.981910034,1.32891974e-09
0.3515625,4.5703125,142.1286575,9657.428452,47.24083449,0.981909918,-2.680652842e-11
0.3515625,4.8046875,142.1286575,12208.13346,47.24083327,0.9819097783,-3.738544771e-10
0.3515625,5.0390625,142.1286575,15432.52672,47.24083391,0.9819096783,-5.869530701e-10
0.3515625,5.2734375,142.1286575,19508.54173,47.24084135,0.9819097675,6.443103258e-09
0.3515625,5.5078125,142.1286575,24661.10749,47.2409981,0.9819154872,6.533318963e-08
0.3515625,5.7421875,142.1286575,31174.56092,47.24073704,0.9819816987,-3.875628173e-07
0.3515625,5.9765625,142.1286575,39408.33756,47.23044032,0.9823588552,-5.513375048e-06
0.5859375,-5.9765625,179.6674579,0.2537534091,-2.92701703e-07,1.273447601e-09,-0.0001003646046
0.5859375,-5.7421875,179.6674579,0.3207743656,-2.281603137e-06,1.003616554e-08,-5.80344619e-05
0.5859375,-5.5078125,179.6674579,0.4054967931,-2.521428477e-06,1.878954904e-08,-1.572393715e-05
0.5859375,-5.2734375,179.6674579,0.5125959766,-2.509497594e-06,2.79216746e-08,1.331726591e-05
0.5859375,-5.0390625,179.6674579,0.6479820303,-1.457303194e-06,3.303084389e-08,2.84034771e-05
0.5859375,-4.8046875,179.6674579,0.8191260383,-5.601248601e-08,2.795448487e-08,2.498843974e-05
0.5859375,-4.5703125,179.6674579,1.035472336,6.828697977e-07,8.512183489e-09,1.418858266e-05
0.5859375,-4.3359375,179.6674579,1.308959682,1.135419651e-06,-2.377275968e-08,1.89071902e-06
0.5859375,-4.1015625,179.6674579,1.654680082,7.329669921e-07,-5.875705346e-08,-7.541703825e-06
0.5859375,-3.8671875,179.6674579,2.091711616,-5.756765118e-07,-7.912529046e-08,-1.05200381e-05
0.5859375,-3.6328125,179.6674579,2.644171242,-1.862987975e-06,-7.038092255e-08,-8.09832198e-06
0.5859375,-3.3984375,179.6674579,3.342545645,-3.05306188e-06,-2.977022431e-08,-2.807771245e-06
0.5859375,-3.1640625,179.6674579,4.225373613,-3.204247878e-06,2.82730346e-08,1.949697448e-06
0.5859375,-2.9296875,179.6674579,5.341372733,-1.772661066e-06,8.712653423e-08,4.538673079e-06
0.5859375,-2.6953125,179.6674579,6.752127808,3.663342167e-07,1.15243818e-07,5.021984268e-06
0.5859375,-2.4609375,179.6674579,8.535489323,2.086376004e-06,1.010101717e-07,3.455853634e-06
0.5859375,-2.2265625,179.6674579,10.78986951,2.501412761e-06,3.737889218e-08,7.518177865e-07
0.5859375,-1.9921875,179.6674579,13.6396731,1.651373721e-06,-5.256205717e-08,-1.152529622e-06
0.5859375,-1.7578125,179.6674579,17.24216239,3.019011746e-08,-1.265494957e-07,-2.020049598e-06
0.5859375,-1.5234375,179.6674579,21.79613556,-2.569164772e-06,-1.407018891e-07,-1.644967779e-06
0.5859375,-1.2890625,179.6674579,27.55289705,-3.710189435e-06,-8.135095327e-08,-5.530671471e-07
0.5859375,-1.0546875,179.6674579,34.83012544,-8.993132959e-06,4.117991695e-08,-3.522282202e-06
0.5859375,-0.8203125,179.6674579,44.02940411,-5.284908197e-05,-1.065703138e-06,1.595881913e-05
0.5859375,-0.5859375,179.6674579,55.65838198,0.01861561222,-2.366886891e-05,0.005597526185
0.5859375,-0.3515625,179.6674579,70.35878743,0.5030362292,9.310159786e-05,0.08253325201
0.5859375,-0.1171875,179.6674579,88.94184116,4.617364482,0.004334010151,0.3973348133
0.5859375,0.1171875,179.6674579,112.4330222,18.82764066,0.03724213298,0.7580039175
0.5859375,0.3515625,179.6674579,142.1286575,42.05669999,0.165755903,0.7349869986
0.5859375,0.5859375,179.6674579,179.6674579,64.71736291,0.4430967096,0.44309671
0.5859375,0.8203125,179.6674579,227.120948,78.02439968,0.7528154426,0.1663369675
0.5859375,1.0546875,179.6674579,287.1077802,83.22684446,0.9320098317,0.03775146492
0.5859375,1.2890625,179.6674579,362.9382414,84.44203396,0.9898265991,0.004563997438
0.5859375,1.5234375,179.6674579,458.7969264,84.58784812,0.9995354546,9.267614246e-05
0.5859375,1.7578125,179.6674579,579.9736584,84.58741117,0.9998895175,-4.531187648e-05
0.5859375,1.9921875,179.6674579,733.1554008,84.58507828,0.999741457,-3.406605091e-06
0.5859375,2.2265625,179.6674579,926.7952672,84.58495567,0.9997252979,3.636512198e-07
0.5859375,2.4609375,179.6674579,1171.578995,84.58498877,0.9997274482,2.853167428e-08
0.5859375,2.6953125,179.6674579,1481.01462,84.58499368,0.9997279716,4.53428998e-09
0.5859375,2.9296875,179.6674579,1872.177903,84.58499483,0.9997281475,1.529152577e-08
0.5859375,3.1640625,179.6674579,2366.654624,84.58499606,0.9997282427,7.585201845e-09
0.5859375,3.3984375,179.6674579,2991.73177,84.58499354,0.9997282244,6.199681104e-09
0.5859375,3.6328125,179.6674579,3781.903321,84.58499245,0.9997281183,4.365110684e-09
0.5859375,3.8671875,179.6674579,4780.773756,84.58499198,0.9997279636,1.905366339e-09
0.5859375,4.1015625,179.6674579,6043.464299,84.58499156,0.999727806,8.740477267e-11
0.5859375,4.3359375,179.6674579,7639.654709,84.58499176,0.9997276664,-1.318509074e-09
0.5859375,4.5703125,179.6674579,9657.428452,84.58499092,0.9997275675,-1.984818427e-09
0.5859375,4.8046875,179.6674579,12208.13346,84.58499022,0.9997275302,-1.162765722e-09
0.5859375,5.0390625,179.6674579,15432.52672,84.58499126,0.9997275663,-7.511794901e-10
0.5859375,5.2734375,179.6674579,19508.54173,84.58500061,0.999727581,7.582701437e-09
0.5859375,5.5078125,179.6674579,24661.10749,84.58523585,0.9997278526,1.108127423e-07
0.5859375,5.7421875,179.6674579,31174.56092,84.58595373,0.9997290691,-7.887075647e-08
0.5859375,5.9765625,179.6674579,39408.33756,84.58089401,0.9996731231,-4.722498551e-06
0.8203125,-5.9765625,227.120948,0.2537534091,-1.513026735e-07,1.559161665e-09,-9.284170914e-05
0.8203125,-5.7421875,227.120948,0.3207743656,-1.981875381e-06,1.466863194e-08,-5.175180249e-05
0.8203125,-5.5078125,227.120948,0.4054967931,-2.211987048e-06,2.46181789e-08,-1.158154146e-05
0.8203125,-5.2734375,227.120948,0.5125959766,-2.126003132e-06,3.051004047e-08,1.54971307e-05
0.8203125,-5.0390625,227.120948,0.6479820303,-1.064681574e-06,2.889408455e-08,2.728454433e-05
0.8203125,-4.8046875,227.120948,0.8191260383,1.064726252e-07,1.650925974e-08,2.143550665e-05
0.8203125,-4.5703125,227.120948,1.035472336,6.106027583e-07,-5.798255618e-09,9.047823771e-06
0.8203125,-4.3359375,227.120948,1.308959682,7.837551754e-07,-3.320062758e-08,-3.159080511e-06
0.8203125,-4.1015625,227.120948,1.654680082,-8.454964147e-08,-5.426483972e-08,-1.024525124e-05
0.8203125,-3.8671875,227.120948,2.091711616,-1.465702711e-06,-5.608265217e-08,-1.034374287e-05
0.8203125,-3.6328125,227.120948,2.644171242,-2.484264163e-06,-3.246866503e-08,-5.674146747e-06
0.8203125,-3.3984375,227.120948,3.342545645,-3.349564718e-06,1.051576164e-08,5.08223835e-07
0.8203125,-3.1640625,227.120948,4.225373613,-3.231034705e-06,5.49181974e-08,4.798464679e-06
0.8203125,-2.9296875,227.120948,5.341372733,-9.946672362e-07,8.466879479e-08,5.620314937e-06
0.8203125,-2.6953125,227.120948,6.752127808,1.44049598e-06,7.952438167e-08,4.751927774e-06
0.8203125,-2.4609375,227.120948,8.535489323,2.51174186e-06,4.011288153e-08,2.257386933e-06
0.8203125,-2.2265625,227.120948,10.78986951,1.967689478e-06,-2.285869708e-08,-6.009623233e-07
0.8203125,-1.9921875,227.120948,13.6396731,5.544843486e-07,-8.146488963e-08,-2.120657062e-06
0.8203125,-1.7578125,227.120948,17.24216239,-1.507965863e-06,-1.025733734e-07,-2.251877532e-06
0.8203125,-1.5234375,227.120948,21.79613556,-3.803522581e-06,-6.90911947e-08,-1.231394949e-06
0.8203125,-1.2890625,227.120948,27.55289705,-4.042767662e-06,2.757785199e-09,7.609943505e-08
0.8203125,-1.0546875,227.120948,34.83012544,-8.138254284e-06,8.669085389e-08,-2.648853182e-06
0.8203125,-0.8203125,227.120948,44.02940411,-6.511053506e-05,2.967164812e-07,9.305924136e-06
0.8203125,-0.5859375,227.120948,55.65838198,0.0181560367,-2.828954845e-06,0.00548744961
0.8203125,-0.3515625,227.120948,70.35878743,0.5030353819,-4.247551345e-05,0.08283529427
0.8203125,-0.1171875,227.120948,88.94184116,4.687399505,9.437302268e-05,0.4068721358
0.8203125,0.1171875,227.120948,112.4330222,19.58303347,0.004563146862,0.8157517684
0.8203125,0.3515625,227.120948,142.1286575,46.16641725,0.03775215429,0.9141901901
0.8203125,0.5859375,227.120948,179.6674579,78.02439957,0.1663369806,0.7528154367
0.8203125,0.8203125,227.120948,227.120948,106.9203059,0.4436653035,0.4436652907
0.8203125,1.0546875,227.120948,287.1077802,123.7490051,0.7533807972,0.1663350198
0.8203125,1.2890625,227.120948,362.9382414,130.3254539,0.9325749651,0.0377512935
0.8203125,1.5234375,227.120948,458.7969264,131.8615941,0.9903915986,0.004563870993
0.8203125,1.7578125,227.120948,579.9736584,132.0459206,1.000100487,9.257942374e-05
0.8203125,1.9921875,227.120948,733.1554008,132.0453682,1.000454751,-4.534359878e-05
0.8203125,2.2265625,227.120948,926.7952672,132.0424186,1.000306958,-3.376819322e-06
0.8203125,2.4609375,227.120948,1171.578995,132.0422649,1.000290975,4.135360995e-07
0.8203125,2.6953125,227.120948,1481.01462,132.0423076,1.000293111,7.063598623e-08
0.8203125,2.9296875,227.120948,1872.177903,132.0423126,1.00029344,1.849318854e-08
0.8203125,3.1640625,227.120948,2366.654624,132.0423163,1.000293329,1.582944908e-09
0.8203125,3.3984375,227.120948,2991.73177,132.0423121,1.000293176,-3.294655485e-09
0.8203125,3.6328125,227.120948,3781.903321,132.0423108,1.000293025,-4.21101347e-09
0.8203125,3.8671875,227.120948,4780.773756,132.0423109,1.000292917,-4.006985352e-09
0.8203125,4.1015625,227.120948,6043.464299,132.0423116,1.000292867,-3.205759511e-09
0.8203125,4.3359375,227.120948,7639.654709,132.0423121,1.000292869,-2.667573107e-09
0.8203125,4.5703125,227.120948,9657.428452,132.0423111,1.000292917,-1.94136828e-09
0.8203125,4.8046875,227.120948,12208.13346,132.0423102,1.000292998,-3.844326089e-12
0.8203125,5.0390625,227.120948,15432.52672,132.0423116,1.000293105,5.561643452e-10
0.8203125,5.2734375,227.120948,19508.54173,132.0423213,1.000293233,9.22414488e-09
0.8203125,5.5078125,227.120948,24661.10749,132.0425885,1.00029441,1.260594093e-07
0.8203125,5.7421875,227.120948,31174.56092,132.0433365,1.000296437,-1.413846258e-07
0.8203125,5.9765625,227.120948,39408.33756,132.0368173,1.00021206,-5.984160095e-06
1.0546875,-5.9765625,287.1077802,0.2537534091,1.099502174e-09,1.508518426e-09,-8.012498769e-05
1.0546875,-5.7421875,287.1077802,0.3207743656,-1.626311185e-06,1.588656907e-08,-4.269238979e-05
1.0546875,-5.5078125,287.1077802,0.4054967931,-1.838384298e-06,2.55794683e-08,-6.93892327e-06
1.0546875,-5.2734375,287.1077802,0.5125959766,-1.653806646e-06,2.910976202e-08,1.588376152e-05
1.0546875,-5.0390625,287.1077802,0.6479820303,-7.394234664e-07,2.346511494e-08,2.365883905e-05
1.0546875,-4.8046875,287.1077802,0.8191260383,1.432855497e-07,8.691369908e-09,1.594247466e-05
1.0546875,-4.5703125,287.1077802,1.035472336,4.961428696e-07,-1.261461895e-08,3.086450791e-06
1.0546875,-4.3359375,287.1077802,1.308959682,2.404618039e-07,-3.339222181e-08,-7.540856404e-06
1.0546875,-4.1015625,287.1077802,1.654680082,-9.182135313e-07,-4.305173671e-08,-1.130959216e-05
1.0546875,-3.8671875,287.1077802,2.091711616,-2.025205527e-06,-3.395727342e-08,-8.542100477e-06
1.0546875,-3.6328125,287.1077802,2.644171242,-2.799451766e-06,-5.888308609e-09,-2.211736976e-06
1.0546875,-3.3984375,287.1077802,3.342545645,-3.183284613e-06,3.168644496e-08,3.944284367e-06
1.0546875,-3.1640625,287.1077802,4.225373613,-2.645332346e-06,6.081188024e-08,6.853330169e-06
1.0546875,-2.9296875,287.1077802,5.341372733,-1.58403337e-07,6.619345611e-08,5.580364226e-06
1.0546875,-2.6953125,287.1077802,6.752127808,2.190719119e-06,4.286018687e-08,3.499283453e-06
1.0546875,-2.4609375,287.1077802,8.535489323,2.28867669e-06,-3.325549044e-09,5.768753604e-07
1.0546875,-2.2265625,287.1077802,10.78986951,9.57408927e-07,-5.242919693e-08,-1.834492396e-06
1.0546875,-1.9921875,287.1077802,13.6396731,-6.508377064e-07,-7.747936167e-08,-2.54614522e-06
1.0546875,-1.7578125,287.1077802,17.24216239,-2.719250281e-06,-6.108541959e-08,-1.873978438e-06
1.0546875,-1.5234375,287.1077802,21.79613556,-4.117681988e-06,-8.939183498e-09,-4.971440955e-07
1.0546875,-1.2890625,287.1077802,27.55289705,-3.775797299e-06,4.921101187e-08,6.546732227e-07
1.0546875,-1.0546875,287.1077802,34.83012544,-7.68513324e-06,7.469901643e-08,-2.330669754e-06
1.0546875,-0.8203125,287.1077802,44.02940411,-5.975797343e-05,8.730998439e-08,1.064632363e-05
1.0546875,-0.5859375,287.1077802,55.65838198,0.01812145576,3.587545731e-07,0.005472855565
1.0546875,-0.3515625,287.1077802,70.35878743,0.5021548884,-3.43279136e-06,0.08268928692
1.0546875,-0.1171875,287.1077802,88.94184116,4.687212047,-4.536309767e-05,0.4072247488
1.0546875,0.1171875,287.1077802,112.4330222,19.6742898,9.262855383e-05,0.8254612464
1.0546875,0.3515625,287.1077802,142.1286575,47.12774158,0.004564033446,0.9720081702
1.0546875,0.5859375,287.1077802,179.6674579,83.22684414,0.03775146666,0.9320098175
1.0546875,0.8203125,287.1077802,227.120948,123.7490049,0.166335022,0.7533807834
1.0546875,1.0546875,287.1077802,287.1077802,160.2838321,0.4436632168,0.4436632119
1.0546875,1.2890625,287.1077802,362.9382414,181.5572441,0.7533786434,0.1663347781
1.0546875,1.5234375,287.1077802,458.7969264,189.8706524,0.93257286,0.03775119167
1.0546875,1.7578125,287.1077802,579.9736584,191.8125177,0.9903896725,0.004563856199
1.0546875,1.9921875,287.1077802,733.1554008,192.0455278,1.000098773,9.263220944e-05
1.0546875,2.2265625,287.1077802,926.7952672,192.0448299,1.000453147,-4.527707951e-05
1.0546875,2.4609375,287.1077802,1171.578995,192.0411015,1.000305276,-3.338799776e-06
1.0546875,2.6953125,287.1077802,1481.01462,192.0409056,1.000289084,4.215166679e-07
1.0546875,2.9296875,287.1077802,1872.177903,192.0409633,1.000291,5.030547006e-08
1.0546875,3.1640625,287.1077802,2366.654624,192.0409688,1.000291217,-1.507289567e-08
1.0546875,3.3984375,287.1077802,2991.73177,192.0409662,1.000291133,-1.172416233e-08
1.0546875,3.6328125,287.1077802,3781.903321,192.040966,1.000291157,-6.652694873e-09
1.0546875,3.8671875,287.1077802,4780.773756,192.0409681,1.000291242,-2.855294635e-09
1.0546875,4.1015625,287.1077802,6043.464299,192.0409685,1.000291356,-5.799313516e-10
1.0546875,4.3359375,287.1077802,7639.654709,192.0409688,1.000291456,-2.051987824e-10
1.0546875,4.5703125,287.1077802,9657.428452,192.0409668,1.000291526,-5.19355705e-11
1.0546875,4.8046875,287.1077802,12208.13346,192.0409639,1.000291566,1.626687267e-09
1.0546875,5.0390625,287.1077802,15432.52672,192.040965,1.000291581,1.368515236e-09
1.0546875,5.2734375,287.1077802,19508.54173,192.0409773,1.000291586,1.179746147e-08
1.0546875,5.5078125,287.1077802,24661.10749,192.0413141,1.000292755,1.582810202e-07
1.0546875,5.7421875,287.1077802,31174.56092,192.0422337,1.000295891,-1.880716227e-07
1.0546875,5.9765625,287.1077802,39408.33756,192.0338693,1.000215891,-7.594212448e-06
1.2890625,-5.9765625,362.9382414,0.2537534091,7.884632639e-08,1.49059944e-09,-6.357032351e-05
1.2890625,-5.7421875,362.9382414,0.3207743656,-1.210174672e-06,1.513341668e-08,-3.166419254e-05
1.2890625,-5.5078125,362.9382414,0.4054967931,-1.305710999e-06,2.358823042e-08,-2.391195845e-06
1.2890625,-5.2734375,362.9382414,0.5125959766,-1.096596923e-06,2.50552289e-08,1.456288945e-05
1.2890625,-5.0390625,362.9382414,0.6479820303,-4.006469418e-07,1.80548218e-08,1.810290457e-05
1.2890625,-4.8046875,362.9382414,0.8191260383,2.041327183e-07,3.349373327e-09,9.162182935e-06
1.2890625,-4.5703125,362.9382414,1.035472336,2.00880296e-07,-1.463608619e-08,-2.946824085e-06
1.2890625,-4.3359375,362.9382414,1.308959682,-4.749753852e-07,-2.849843265e-08,-1.073681361e-05
1.2890625,-4.1015625,362.9382414,1.654680082,-1.621415997e-06,-3.046807772e-08,-1.077793576e-05
1.2890625,-3.8671875,362.9382414,2.091711616,-2.379211941e-06,-1.663795021e-08,-5.557607645e-06
1.2890625,-3.6328125,362.9382414,2.644171242,-2.783511611e-06,9.580659466e-09,1.695626445e-06
1.2890625,-3.3984375,362.9382414,3.342545645,-2.530407042e-06,3.70290133e-08,6.929400529e-06
1.2890625,-3.1640625,362.9382414,4.225373613,-1.371594318e-06,5.206123433e-08,7.804787756e-06
1.2890625,-2.9296875,362.9382414,5.341372733,1.009416e-06,4.40977462e-08,4.421285632e-06
1.2890625,-2.6953125,362.9382414,6.752127808,2.576636129e-06,1.355667077e-08,1.602138184e-06
1.2890625,-2.4609375,362.9382414,8.535489323,1.564210727e-06,-2.766425089e-08,-1.215774702e-06
1.2890625,-2.2265625,362.9382414,10.78986951,-2.767446003e-07,-5.736119671e-08,-2.641497562e-06
1.2890625,-1.9921875,362.9382414,13.6396731,-1.922053916e-06,-5.606788299e-08,-2.333046924e-06
1.2890625,-1.7578125,362.9382414,17.24216239,-3.377625899e-06,-2.192579696e-08,-1.033301132e-06
1.2890625,-1.5234375,362.9382414,21.79613556,-3.906880977e-06,2.641877658e-08,3.170726246e-07
1.2890625,-1.2890625,362.9382414,27.55289705,-3.244574249e-06,5.797985771e-08,1.001907551e-06
1.2890625,-1.0546875,362.9382414,34.83012544,-7.143861444e-06,4.92235813e-08,-2.508237854e-06
1.2890625,-0.8203125,362.9382414,44.02940411,-5.924988852e-05,-5.161039994e-10,1.050574775e-05
1.2890625,-0.5859375,362.9382414,55.65838198,0.01812975441,-6.750090713e-09,0.005474522517
1.2890625,-0.3515625,362.9382414,70.35878743,0.5021061979,3.23830139e-07,0.0826730994
1.2890625,-0.1171875,362.9382414,88.94184116,4.686055145,-3.413648271e-06,0.40707697
1.2890625,0.1171875,362.9382414,112.4330222,19.67401651,-4.527840281e-05,0.825815769
1.2890625,0.3515625,362.9382414,142.1286575,47.24309052,9.271823079e-05,0.9817173247
1.2890625,0.5859375,362.9382414,179.6674579,84.44203328,0.004563984018,0.9898265866
1.2890625,0.8203125,362.9382414,227.120948,130.3254534,0.0377512834,0.9325749556
1.2890625,1.0546875,362.9382414,287.1077802,181.5572443,0.1663347725,0.7533786376
1.2890625,1.2890625,362.9382414,362.9382414,227.7415367,0.4436630103,0.4436630138
1.2890625,1.5234375,362.9382414,458.7969264,254.6336498,0.7533785805,0.1663347885
1.2890625,1.7578125,362.9382414,579.9736584,265.1427848,0.9325729526,0.03775127691
1.2890625,1.9921875,362.9382414,733.1554008,267.5975319,0.9903898257,0.004563945299
1.2890625,2.2265625,362.9382414,926.7952672,267.892084,1.000098834,9.266721769e-05
1.2890625,2.4609375,362.9382414,1171.578995,267.8911993,1.000453015,-4.529447554e-05
1.2890625,2.6953125,362.9382414,1481.01462,267.8864875,1.000304986,-3.369977927e-06
1.2890625,2.9296875,362.9382414,1872.177903,267.8862444,1.000288781,3.892865029e-07
1.2890625,3.1640625,362.9382414,2366.654624,267.886311,1.000290824,2.967238132e-08
1.2890625,3.3984375,362.9382414,2991.73177,267.8863156,1.000291237,-7.830947333e-09
1.2890625,3.6328125,362.9382414,3781.903321,267.8863158,1.000291345,3.53536972e-09
1.2890625,3.8671875,362.9382414,4780.773756,267.8863173,1.000291474,5.83137057e-09
1.2890625,4.1015625,362.9382414,6043.464299,267.8863176,1.000291552,4.416074679e-09
1.2890625,4.3359375,362.9382414,7639.654709,267.8863173,1.000291563,1.352163617e-09
1.2890625,4.5703125,362.9382414,9657.428452,267.8863135,1.00029152,-3.500166306e-10
1.2890625,4.8046875,362.9382414,12208.13346,267.8863097,1.00029145,9.837210745e-10
1.2890625,5.0390625,362.9382414,15432.52672,267.8863116,1.000291384,2.665367919e-10
1.2890625,5.2734375,362.9382414,19508.54173,267.886327,1.000291352,1.367244669e-08
1.2890625,5.5078125,362.9382414,24661.10749,267.8867533,1.000292521,1.991474812e-07
1.2890625,5.7421875,362.9382414,31174.56092,267.8879126,1.000295699,-2.403737979e-07
1.2890625,5.9765625,362.9382414,39408.33756,267.8773041,1.000215872,-9.611806061e-06
1.5234375,-5.9765625,458.7969264,0.2537534091,1.667936214e-07,1.272344882e-09,-4.475148946e-05
1.5234375,-5.7421875,458.7969264,0.3207743656,-7.105629598e-07,1.262883627e-08,-1.963760202e-05
1.5234375,-5.5078125,458.7969264,0.4054967931,-7.040871689e-07,1.904397613e-08,1.507478369e-06
1.5234375,-5.2734375,458.7969264,0.5125959766,-4.982753414e-07,1.931443091e-08,1.19628239e-05
1.5234375,-5.0390625,458.7969264,0.6479820303,-2.702824445e-08,1.229828114e-08,1.119469202e-05
1.5234375,-4.8046875,458.7969264,0.8191260383,1.283332573e-07,-1.950249232e-10,1.864608161e-06
1.5234375,-4.5703125,458.7969264,1.035472336,-2.804763438e-07,-1.346528709e-08,-8.363419351e-06
1.5234375,-4.3359375,458.7969264,1.308959682,-1.148687004e-06,-2.163043299e-08,-1.26130816e-05
1.5234375,-4.1015625,458.7969264,1.654680082,-2.164716385e-06,-1.932955364e-08,-8.960851302e-06
1.5234375,-3.8671875,458.7969264,2.091711616,-2.528701663e-06,-5.32747893e-09,-1.863297477e-06
1.5234375,-3.6328125,458.7969264,2.644171242,-2.422488866e-06,1.492027199e-08,5.382000421e-06
1.5234375,-3.3984375,458.7969264,3.342545645,-1.663750739e-06,3.189719498e-08,9.116489956e-06
1.5234375,-3.1640625,458.7969264,4.225373613,-3.906678932e-07,3.556005145e-08,7.771065179e-06
1.5234375,-2.9296875,458.7969264,5.341372733,1.849416933e-06,2.277271164e-08,2.832404953e-06
1.5234375,-2.6953125,458.7969264,6.752127808,2.379748813e-06,-5.446286633e-09,-6.676661686e-07
1.5234375,-2.4609375,458.7969264,8.535489323,5.712626469e-07,-3.509640704e-08,-2.758018672e-06
1.5234375,-2.2265625,458.7969264,10.78986951,-1.585142906e-06,-4.654867808e-08,-2.854545246e-06
1.5234375,-1.9921875,458.7969264,13.6396731,-2.847162664e-06,-3.059714501e-08,-1.578022365e-06
1.5234375,-1.7578125,458.7969264,17.24216239,-3.671099651e-06,5.054727242e-09,1.421002037e-08
1.5234375,-1.5234375,458.7969264,21.79613556,-3.379192886e-06,3.738850326e-08,9.478604061e-07
1.5234375,-1.2890625,458.7969264,27.55289705,-2.549870798e-06,4.239848257e-08,9.9248575e-07
1.5234375,-1.0546875,458.7969264,34.83012544,-6.888469714e-06,1.465239747e-08,-2.942559464e-06
1.5234375,-0.8203125,458.7969264,44.02940411,-5.996079463e-05,-2.791035724e-08,1.001213235e-05
1.5234375,-0.5859375,458.7969264,55.65838198,0.01812951167,-5.768892152e-08,0.005474656294
1.5234375,-0.3515625,458.7969264,70.35878743,0.5021180855,4.15046495e-09,0.08267524962
1.5234375,-0.1171875,458.7969264,88.94184116,4.685993821,4.101603485e-07,0.4070611369
1.5234375,0.1171875,458.7969264,112.4330222,19.67255738,-3.302944383e-06,0.8256680585
1.5234375,0.3515625,458.7969264,142.1286575,47.2427456,-4.523040096e-05,0.9820715951
1.5234375,0.5859375,458.7969264,179.6674579,84.58784701,9.265835989e-05,0.9995354531
1.5234375,0.8203125,458.7969264,227.120948,131.8615936,0.004563856319,0.9903916007
1.5234375,1.0546875,458.7969264,287.1077802,189.8706522,0.03775118205,0.932572859
1.5234375,1.2890625,458.7969264,362.9382414,254.6336492,0.1663347815,0.7533785828
1.5234375,1.5234375,458.7969264,458.7969264,313.016067,0.4436631333,0.443663139
1.5234375,1.7578125,458.7969264,579.9736584,347.0108848,0.75337873,0.1663349026
1.5234375,1.9921875,458.7969264,733.1554008,360.2956756,0.9325730144,0.0377513165
1.5234375,2.2265625,458.7969264,926.7952672,363.3987654,0.9903897349,0.004563904614
1.5234375,2.4609375,458.7969264,1171.578995,363.7711117,1.000098636,9.26049051e-05
1.5234375,2.6953125,458.7969264,1481.01462,363.7699954,1.000452852,-4.532084048e-05
1.5234375,2.9296875,458.7969264,1872.177903,363.7640415,1.000304973,-3.370693439e-06
1.5234375,3.1640625,458.7969264,2366.654624,363.7637289,1.000288924,3.998891681e-07
1.5234375,3.3984375,458.7969264,2991.73177,363.7638125,1.000291035,5.363030054e-08
1.5234375,3.6328125,458.7969264,3781.903321,363.7638191,1.000291401,9.807211717e-09
1.5234375,3.8671875,458.7969264,4780.773756,363.7638198,1.00029136,8.475208838e-09
1.5234375,4.1015625,458.7969264,6043.464299,363.763821,1.000291301,2.825429853e-09
1.5234375,4.3359375,458.7969264,7639.654709,363.7638219,1.000291225,-1.914682593e-09
1.5234375,4.5703125,458.7969264,9657.428452,363.7638183,1.000291154,-3.712314002e-09
1.5234375,4.8046875,458.7969264,12208.13346,363.7638152,1.000291101,-9.922687596e-10
1.5234375,5.0390625,458.7969264,15432.52672,363.7638192,1.000291085,-8.316945383e-10
1.5234375,5.2734375,458.7969264,19508.54173,363.7638393,1.000291127,1.703898204e-08
1.5234375,5.5078125,458.7969264,24661.10749,363.7643764,1.000292377,2.519300079e-07
1.5234375,5.7421875,458.7969264,31174.56092,363.7658343,1.000295629,-3.053173538e-07
1.5234375,5.9765625,458.7969264,39408.33756,363.7523897,1.000215866,-1.216091843e-05
1.7578125,-5.9765625,579.9736584,0.2537534091,3.059063562e-07,9.078577542e-10,-2.513482008e-05
1.7578125,-5.7421875,579.9736584,0.3207743656,-2.149235055e-07,9.616037106e-09,-7.765905575e-06
1.7578125,-5.5078125,579.9736584,0.4054967931,-1.790616588e-07,1.424410792e-08,4.836870403e-06
1.7578125,-5.2734375,579.9736584,0.5125959766,5.186519274e-08,1.373206996e-08,8.27148464e-06
1.7578125,-5.0390625,579.9736584,0.6479820303,2.021057203e-07,7.63627643e-09,3.606558091e-06
1.7578125,-4.8046875,579.9736584,0.8191260383,-1.360238063e-07,-1.83720096e-09,-5.193156346e-06
1.7578125,-4.5703125,579.9736584,1.035472336,-7.062530567e-07,-1.086072504e-08,-1.28532142e-05
1.7578125,-4.3359375,579.9736584,1.308959682,-1.685926454e-06,-1.504195227e-08,-1.324673112e-05
1.7578125,-4.1015625,579.9736584,1.654680082,-2.564403168e-06,-1.083376879e-08,-6.223287327e-06
1.7578125,-3.8671875,579.9736584,2.091711616,-2.402061324e-06,8.113856857e-10,1.934696077e-06
1.7578125,-3.6328125,579.9736584,2.644171242,-1.958620323e-06,1.470421737e-08,8.466333683e-06
1.7578125,-3.3984375,579.9736584,3.342545645,-8.688113288e-07,2.340761678e-08,1.026933437e-05
1.7578125,-3.1640625,579.9736584,4.225373613,5.514346145e-07,2.141299421e-08,6.739896614e-06
1.7578125,-2.9296875,579.9736584,5.341372733,2.259466734e-06,5.633626698e-09,8.03539651e-07
1.7578125,-2.6953125,579.9736584,6.752127808,1.923735157e-06,-1.520192493e-08,-2.786377429e-06
1.7578125,-2.4609375,579.9736584,8.535489323,-4.985882111e-07,-3.163928779e-08,-3.766130779e-06
1.7578125,-2.2265625,579.9736584,10.78986951,-2.548129773e-06,-3.066816771e-08,-2.491845598e-06
1.7578125,-1.9921875,579.9736584,13.6396731,-3.395582741e-06,-9.787287836e-09,-4.867663444e-07
1.7578125,-1.7578125,579.9736584,17.24216239,-3.637986827e-06,1.801923548e-08,9.829819574e-07
1.7578125,-1.5234375,579.9736584,21.79613556,-2.714633385e-06,3.191414351e-08,1.206776387e-06
1.7578125,-1.2890625,579.9736584,27.55289705,-2.247754351e-06,1.998295351e-08,6.382829451e-07
1.7578125,-1.0546875,579.9736584,34.83012544,-7.078289785e-06,-1.068085359e-08,-3.496534429e-06
1.7578125,-0.8203125,579.9736584,44.02940411,-6.063701399e-05,-3.731358434e-08,9.68212599e-06
1.7578125,-0.5859375,579.9736584,55.65838198,0.01812878196,-3.592847247e-08,0.005474694065
1.7578125,-0.3515625,579.9736584,70.35878743,0.5021190134,-8.564591788e-09,0.08267583806
1.7578125,-0.1171875,579.9736584,88.94184116,4.68601024,7.509856259e-08,0.4070634478
1.7578125,0.1171875,579.9736584,112.4330222,19.67248084,4.507937931e-07,0.825652009
1.7578125,0.3515625,579.9736584,142.1286575,47.24090076,-3.335846062e-06,0.9819235598
1.7578125,0.5859375,579.9736584,179.6674579,84.58740916,-4.532277753e-05,0.9998895388
1.7578125,0.8203125,579.9736584,227.120948,132.0459191,9.257714694e-05,1.000100505
1.7578125,1.0546875,579.9736584,287.1077802,191.8125164,0.004563857546,0.9903896791
1.7578125,1.2890625,579.9736584,362.9382414,265.1427836,0.03775127782,0.9325729523
1.7578125,1.5234375,579.9736584,458.7969264,347.0108848,0.166334899,0.7533787306
1.7578125,1.7578125,579.9736584,579.9736584,420.8131765,0.4436631778,0.4436631834
1.7578125,1.9921875,579.9736584,733.1554008,463.7866524,0.7533786648,0.1663348536
1.7578125,2.2265625,579.9736584,926.7952672,480.5802006,0.9325728888,0.03775123195
1.7578125,2.4609375,579.9736584,1171.578995,484.5028718,0.9903896511,0.00456385707
1.7578125,2.6953125,579.9736584,1481.01462,484.9735628,1.000098677,9.262953029e-05
1.7578125,2.9296875,579.9736584,1872.177903,484.9721535,1.000452997,-4.528594512e-05
1.7578125,3.1640625,579.9736584,2366.654624,484.9646201,1.000305126,-3.35363674e-06
1.7578125,3.3984375,579.9736584,2991.73177,484.9642252,1.000288971,4.099054953e-07
1.7578125,3.6328125,579.9736584,3781.903321,484.964332,1.000290936,5.009408549e-08
1.7578125,3.8671875,579.9736584,4780.773756,484.9643469,1.000291182,-2.053265898e-09
1.7578125,4.1015625,579.9736584,6043.464299,484.9643509,1.000291105,-2.807085021e-09
1.7578125,4.3359375,579.9736584,7639.654709,484.9643549,1.0002911,-4.083812826e-09
1.7578125,4.5703125,579.9736584,9657.428452,484.9643515,1.000291131,-4.476841621e-09
1.7578125,4.8046875,579.9736584,12208.13346,484.9643479,1.000291173,-2.918260137e-10
1.7578125,5.0390625,579.9736584,15432.52672,484.9643528,1.000291223,1.192218637e-10
1.7578125,5.2734375,579.9736584,19508.54173,484.9643767,1.000291286,2.252572528e-08
1.7578125,5.5078125,579.9736584,24661.10749,484.9650514,1.000292512,3.190506196e-07
1.7578125,5.7421875,579.9736584,31174.56092,484.9668851,1.000295706,-3.875246324e-07
1.7578125,5.9765625,579.9736584,39408.33756,484.9498544,1.000215873,-1.538344575e-05
1.9921875,-5.9765625,733.1554008,0.2537534091,3.991283055e-07,6.643828927e-10,-6.081257125e-06
1.9921875,-5.7421875,733.1554008,0.3207743656,1.93171524e-07,7.240654808e-09,3.630114729e-06
1.9921875,-5.5078125,733.1554008,0.4054967931,2.991377148e-07,1.054463781e-08,7.317836062e-06
1.9921875,-5.2734375,733.1554008,0.5125959766,4.8957527e-07,9.715052235e-09,3.86173962e-06
1.9921875,-5.0390625,733.1554008,0.6479820303,2.476854877e-07,4.864692849e-09,-3.908932975e-06
1.9921875,-4.8046875,733.1554008,0.8191260383,-3.607791052e-07,-2.055005931e-09,-1.160988231e-05
1.9921875,-4.5703125,733.1554008,1.035472336,-1.027259031e-06,-8.000867192e-09,-1.630794964e-05
1.9921875,-4.3359375,733.1554008,1.308959682,-2.153632203e-06,-9.556775399e-09,-1.279106123e-05
1.9921875,-4.1015625,733.1554008,1.654680082,-2.741043163e-06,-5.048099235e-09,-3.021641349e-06
1.9921875,-3.8671875,733.1554008,2.091711616,-2.159053801e-06,3.974728497e-09,5.492009746e-06
1.9921875,-3.6328125,733.1554008,2.644171242,-1.561610047e-06,1.262844846e-08,1.070620115e-05
1.9921875,-3.3984375,733.1554008,3.342545645,-1.829322015e-07,1.54841477e-08,1.04273524e-05
1.9921875,-3.1640625,733.1554008,4.225373613,1.435382126e-06,9.956208971e-09,4.934146818e-06
1.9921875,-2.9296875,733.1554008,5.341372733,2.16881357e-06,-3.589630379e-09,-1.496066254e-06
1.9921875,-2.6953125,733.1554008,6.752127808,1.205112434e-06,-1.715759332e-08,-4.383164961e-06
1.9921875,-2.4609375,733.1554008,8.535489323,-1.443982792e-06,-2.418189706e-08,-4.150569419e-06
1.9921875,-2.2265625,733.1554008,10.78986951,-3.11646071e-06,-1.656702007e-08,-1.663582071e-06
1.9921875,-1.9921875,733.1554008,13.6396731,-3.697142962e-06,2.7609795e-09,6.827961932e-07
1.9921875,-1.7578125,733.1554008,17.24216239,-3.266089064e-06,1.975219642e-08,1.634815311e-06
1.9921875,-1.5234375,733.1554008,21.79613556,-2.253568107e-06,2.000771077e-08,1.054691629e-06
1.9921875,-1.2890625,733.1554008,27.55289705,-2.434053421e-06,1.478814206e-09,5.960584012e-08
1.9921875,-1.0546875,733.1554008,34.83012544,-7.393756757e-06,-2.21028319e-08,-3.984031575e-06
1.9921875,-0.8203125,733.1554008,44.02940411,-6.118814725e-05,-2.909155272e-08,9.628493843e-06
1.9921875,-0.5859375,733.1554008,55.65838198,0.01812835604,-1.109374697e-08,0.005474984922
1.9921875,-0.3515625,733.1554008,70.35878743,0.5021205801,2.074961773e-08,0.08267613892
1.9921875,-0.1171875,733.1554008,88.94184116,4.686012876,4.23977551e-08,0.4070639187
1.9921875,0.1171875,733.1554008,112.4330222,19.67250231,7.534065097e-08,0.8256539468
1.9921875,0.3515625,733.1554008,142.1286575,47.24080395,3.952571691e-07,0.9819072345
1.9921875,0.5859375,733.1554008,179.6674579,84.58507636,-3.399753872e-06,0.9997415057
1.9921875,0.8203125,733.1554008,227.120948,132.0453674,-4.533235372e-05,1.000454789
1.9921875,1.0546875,733.1554008,287.1077802,192.0455272,9.264337164e-05,1.000098781
1.9921875,1.2890625,733.1554008,362.9382414,267.5975321,0.004563951008,0.9903898145
1.9921875,1.5234375,733.1554008,458.7969264,360.2956757,0.03775131836,0.9325730083
1.9921875,1.7578125,733.1554008,579.9736584,463.7866527,0.1663348535,0.7533786695
1.9921875,1.9921875,733.1554008,733.1554008,557.081494,0.4436630915,0.4436630899
1.9921875,2.2265625,733.1554008,926.7952672,611.4050557,0.7533786227,0.1663347993
1.9921875,2.4609375,733.1554008,1171.578995,632.6340863,0.9325729379,0.0377512396
1.9921875,2.6953125,733.1554008,1481.01462,637.5928051,0.9903897681,0.00456392188
1.9921875,2.9296875,733.1554008,1872.177903,638.1878128,1.000098768,9.265735886e-05
1.9921875,3.1640625,733.1554008,2366.654624,638.1860261,1.000452975,-4.529980178e-05
1.9921875,3.3984375,733.1554008,2991.73177,638.1765061,1.000305007,-3.369607409e-06
1.9921875,3.6328125,733.1554008,3781.903321,638.1760109,1.000288835,3.963719456e-07
1.9921875,3.8671875,733.1554008,4780.773756,638.1761579,1.00029088,4.309812675e-08
1.9921875,4.1015625,733.1554008,6043.464299,638.176177,1.000291266,-2.059563478e-09
1.9921875,4.3359375,733.1554008,7639.654709,638.1761791,1.000291318,6.913201824e-10
1.9921875,4.5703125,733.1554008,9657.428452,638.176173,1.000291374,-1.015775662e-09
1.9921875,4.8046875,733.1554008,12208.13346,638.1761655,1.000291406,2.379650391e-09
1.9921875,5.0390625,733.1554008,15432.52672,638.1761692,1.000291415,7.774908696e-10
1.9921875,5.2734375,733.1554008,19508.54173,638.1761981,1.000291416,2.787178897e-08
1.9921875,5.5078125,733.1554008,24661.10749,638.1770506,1.000292586,4.023032415e-07
1.9921875,5.7421875,733.1554008,31174.56092,638.1793659,1.000295743,-4.927907611e-07
1.9921875,5.9765625,733.1554008,39408.33756,638.1578046,1.000215877,-1.945829357e-05
2.2265625,-5.9765625,926.7952672,0.2537534091,4.297949091e-07,5.160868999e-10,1.201620917e-05
2.2265625,-5.7421875,926.7952672,0.3207743656,5.977397539e-07,5.377575681e-09,1.400651339e-05
2.2265625,-5.5078125,926.7952672,0.4054967931,7.69054188e-07,7.64184383e-09,8.97162629e-06
2.2265625,-5.2734375,926.7952672,0.5125959766,8.227177164e-07,6.786155522e-09,-7.431994197e-07
2.2265625,-5.0390625,926.7952672,0.6479820303,3.283971199e-07,3.073286169e-09,-1.098697313e-05
2.2265625,-4.8046875,926.7952672,0.8191260383,-4.878760343e-07,-1.864040926e-09,-1.719725109e-05
2.2265625,-4.5703125,926.7952672,1.035472336,-1.371543311e-06,-5.445505078e-09,-1.862676636e-05
2.2265625,-4.3359375,926.7952672,1.308959682,-2.519371768e-06,-5.454396249e-09,-1.148977148e-05
2.2265625,-4.1015625,926.7952672,1.654680082,-2.742898977e-06,-1.24544594e-09,3.28033669e-07
2.2265625,-3.8671875,926.7952672,2.091711616,-1.878411494e-06,5.276580075e-09,8.58011475e-06
2.2265625,-3.6328125,926.7952672,2.644171242,-1.04854169e-06,1.020981751e-08,1.205284882e-05
2.2265625,-3.3984375,926.7952672,3.342545645,4.589417287e-07,1.002908663e-08,9.727538567e-06
2.2265625,-3.1640625,926.7952672,4.225373613,1.862798412e-06,3.961428951e-09,2.857568185e-06
2.2265625,-2.9296875,926.7952672,5.341372733,2.231483635e-06,-5.980622057e-09,-3.305390183e-06
2.2265625,-2.6953125,926.7952672,6.752127808,3.345008996e-07,-1.455449413e-08,-5.535179487e-06
2.2265625,-2.4609375,926.7952672,8.535489323,-2.240201475e-06,-1.576843666e-08,-3.954393661e-06
2.2265625,-2.2265625,926.7952672,10.78986951,-3.49357773e-06,-6.015915172e-09,-5.633413928e-07
2.2265625,-1.9921875,926.7952672,13.6396731,-3.538243296e-06,8.707475389e-09,1.698802915e-06
2.2265625,-1.7578125,926.7952672,17.24216239,-2.66541761e-06,1.622754489e-08,1.863050242e-06
2.2265625,-1.5234375,926.7952672,21.79613556,-2.093037126e-06,8.922265541e-09,5.731097471e-07
2.2265625,-1.2890625,926.7952672,27.55289705,-2.699948787e-06,-8.25697596e-09,-5.549734414e-07
2.2265625,-1.0546875,926.7952672,34.83012544,-7.83537741e-06,-1.967614894e-08,-4.226936743e-06
2.2265625,-0.8203125,926.7952672,44.02940411,-6.15821774e-05,-1.276254508e-08,9.8732085e-06
2.2265625,-0.5859375,926.7952672,55.65838198,0.01812915234,1.089789845e-08,0.00547541353
2.2265625,-0.3515625,926.7952672,70.35878743,0.5021214535,3.23255725e-08,0.08267639768
2.2265625,-0.1171875,926.7952672,88.94184116,4.686014654,3.217055064e-08,0.407063867
2.2265625,0.1171875,926.7952672,112.4330222,19.67250675,5.633102576e-09,0.825654031
2.2265625,0.3515625,926.7952672,142.1286575,47.2408304,2.490447448e-08,0.981909098
2.2265625,0.5859375,926.7952672,179.6674579,84.58495565,3.764834389e-07,0.9997253763
2.2265625,0.8203125,926.7952672,227.120948,132.0424198,-3.361594664e-06,1.000306994
2.2265625,1.0546875,926.7952672,287.1077802,192.0448299,-4.526501175e-05,1.000453149
2.2265625,1.2890625,926.7952672,362.9382414,267.8920847,9.267824717e-05,1.000098821
2.2265625,1.5234375,926.7952672,458.7969264,363.3987667,0.004563916373,0.9903897291
2.2265625,1.7578125,926.7952672,579.9736584,480.5802021,0.03775124196,0.932572891
2.2265625,1.9921875,926.7952672,733.1554008,611.4050559,0.1663348129,0.7533786249
2.2265625,2.2265625,926.7952672,926.7952672,729.3407818,0.4436631225,0.4436631096
2.2265625,2.4609375,926.7952672,1171.578995,798.012192,0.7533786865,0.1663348361
2.2265625,2.6953125,926.7952672,1481.01462,824.8481918,0.9325729497,0.03775128592
2.2265625,2.9296875,926.7952672,1872.177903,831.1166036,0.9903896768,0.004563898121
2.2265625,3.1640625,926.7952672,2366.654624,831.8687599,1.000098602,9.261642617e-05
2.2265625,3.3984375,926.7952672,2991.73177,831.8665064,1.000452848,-4.531031086e-05
2.2265625,3.6328125,926.7952672,3781.903321,831.8544778,1.000304987,-3.361797028e-06
2.2265625,3.8671875,926.7952672,4780.773756,831.8538608,1.000288934,4.117062575e-07
2.2265625,4.1015625,926.7952672,6043.464299,831.8540368,1.000291031,5.483988153e-08
2.2265625,4.3359375,926.7952672,7639.654709,831.8540554,1.000291366,1.2785573e-09
2.2265625,4.5703125,926.7952672,9657.428452,831.8540451,1.000291309,-1.649598327e-09
2.2265625,4.8046875,926.7952672,12208.13346,831.8540362,1.000291261,1.664641221e-09
2.2265625,5.0390625,926.7952672,15432.52672,831.8540443,1.000291228,-1.090118432e-09
2.2265625,5.2734375,926.7952672,19508.54173,831.8540827,1.000291237,3.381076787e-08
2.2265625,5.5078125,926.7952672,24661.10749,831.855163,1.000292447,5.07672376e-07
2.2265625,5.7421875,926.7952672,31174.56092,831.8580893,1.000295656,-6.251839655e-07
2.2265625,5.9765625,926.7952672,39408.33756,831.8308011,1.000215868,-2.460864008e-05
2.4609375,-5.9765625,1171.578995,0.2537534091,4.846087458e-07,3.638853908e-10,2.854011655e-05
2.4609375,-5.7421875,1171.578995,0.3207743656,9.838494054e-07,3.713633635e-09,2.302813967e-05
2.4609375,-5.5078125,1171.578995,0.4054967931,1.130965131e-06,5.126261252e-09,9.862991641e-06
2.4609375,-5.2734375,1171.578995,0.5125959766,1.136899e-06,4.302777754e-09,-5.321805236e-06
2.4609375,-5.0390625,1171.578995,0.6479820303,4.766518799e-07,1.562198988e-09,-1.745746172e-05
2.4609375,-4.8046875,1171.578995,0.8191260383,-6.598933988e-07,-1.626203665e-09,-2.1618588e-05
2.4609375,-4.5703125,1171.578995,1.035472336,-1.708148609e-06,-3.444743162e-09,-1.982702676e-05
2.4609375,-4.3359375,1171.578995,1.308959682,-2.721245746e-06,-2.61195385e-09,-9.535750388e-06
2.4609375,-4.1015625,1171.578995,1.654680082,-2.695700701e-06,8.347054931e-10,3.538638499e-06
2.4609375,-3.8671875,1171.578995,2.091711616,-1.470775468e-06,5.129037025e-09,1.102225245e-05
2.4609375,-3.6328125,1171.578995,2.644171242,-4.243064759e-07,7.587805117e-09,1.269562993e-05
2.4609375,-3.3984375,1171.578995,3.342545645,1.054183603e-06,6.162699709e-09,8.532952933e-06
2.4609375,-3.1640625,1171.578995,4.225373613,2.41024202e-06,9.882506935e-10,6.904674837e-07
2.4609375,-2.9296875,1171.578995,5.341372733,1.970390879e-06,-6.492998241e-09,-4.920428307e-06
2.4609375,-2.6953125,1171.578995,6.752127808,-3.414337492e-07,-1.053750679e-08,-6.065622423e-06
2.4609375,-2.4609375,1171.578995,8.535489323,-2.734998183e-06,-8.23364525e-09,-3.293173365e-06
2.4609375,-2.2265625,1171.578995,10.78986951,-3.322673483e-06,6.427226879e-10,5.965589077e-07
2.4609375,-1.9921875,1171.578995,13.6396731,-2.854484937e-06,9.870390647e-09,2.415617639e-06
2.4609375,-1.7578125,1171.578995,17.24216239,-1.93919702e-06,1.132873152e-08,1.707076948e-06
2.4609375,-1.5234375,1171.578995,21.79613556,-1.801432438e-06,2.055871045e-09,-9.021138188e-08
2.4609375,-1.2890625,1171.578995,27.55289705,-2.914665566e-06,-9.620006933e-09,-1.012878788e-06
2.4609375,-1.0546875,1171.578995,34.83012544,-7.889560375e-06,-1.092439721e-08,-4.149338738e-06
2.4609375,-0.8203125,1171.578995,44.02940411,-6.093587136e-05,2.578797649e-09,1.032510506e-05
2.4609375,-0.5859375,1171.578995,55.65838198,0.01813062831,2.065475829e-08,0.005475801681
2.4609375,-0.3515625,1171.578995,70.35878743,0.5021227539,2.61351317e-08,0.08267644626
2.4609375,-0.1171875,1171.578995,88.94184116,4.686016321,1.233958183e-08,0.4070636448
2.4609375,0.1171875,1171.578995,112.4330222,19.67250807,-1.175469975e-08,0.825653768
2.4609375,0.3515625,1171.578995,142.1286575,47.24083479,-2.385904253e-08,0.9819093582
2.4609375,0.5859375,1171.578995,179.6674579,84.58498989,4.01575961e-08,0.9997275362
2.4609375,0.8203125,1171.578995,227.120948,132.0422665,4.244085155e-07,1.000291001
2.4609375,1.0546875,1171.578995,287.1077802,192.0411051,-3.33042667e-06,1.000305273
2.4609375,1.2890625,1171.578995,362.9382414,267.8912037,-4.528550775e-05,1.000453014
2.4609375,1.5234375,1171.578995,458.7969264,363.7711157,9.261647227e-05,1.000098637
2.4609375,1.7578125,1171.578995,579.9736584,484.5028766,0.004563873285,0.9903896582
2.4609375,1.9921875,1171.578995,733.1554008,632.6340913,0.03775125614,0.9325729378
2.4609375,2.2265625,1171.578995,926.7952672,798.0121958,0.1663348537,0.753378672
2.4609375,2.4609375,1171.578995,1171.578995,947.0969096,0.4436631159,0.4436630994
2.4609375,2.6953125,1171.578995,1481.01462,1033.905701,0.7533785971,0.1663348191
2.4609375,2.9296875,1171.578995,1872.177903,1067.829593,0.932572819,0.03775122761
2.4609375,3.1640625,1171.578995,2366.654624,1075.753601,0.9903895795,0.00456387599
2.4609375,3.3984375,1171.578995,2991.73177,1076.704427,1.000098606,9.264029807e-05
2.4609375,3.6328125,1171.578995,3781.903321,1076.701581,1.000452914,-4.528129271e-05
2.4609375,3.8671875,1171.578995,4780.773756,1076.686381,1.000305026,-3.344039579e-06
2.4609375,4.1015625,1171.578995,6043.464299,1076.685593,1.000288878,4.098353441e-07
2.4609375,4.3359375,1171.578995,7639.654709,1076.685821,1.000290863,4.216190126e-08
2.4609375,4.5703125,1171.578995,9657.428452,1076.685834,1.000291138,-1.064023403e-08
2.4609375,4.8046875,1171.578995,12208.13346,1076.685826,1.00029109,-5.926993808e-10
2.4609375,5.0390625,1171.578995,15432.52672,1076.685839,1.000291115,-5.199406021e-10
2.4609375,5.2734375,1171.578995,19508.54173,1076.685891,1.000291194,4.42579049e-08
2.4609375,5.5078125,1171.578995,24661.10749,1076.687255,1.000292428,6.426807986e-07
2.4609375,5.7421875,1171.578995,31174.56092,1076.690942,1.000295663,-7.907739586e-07
2.4609375,5.9765625,1171.578995,39408.33756,1076.656408,1.000215868,-3.111814929e-05
2.6953125,-5.9765625,1481.01462,0.2537534091,5.503684392e-07,2.134542355e-10,4.26584966e-05
2.6953125,-5.7421875,1481.01462,0.3207743656,1.251351677e-06,2.41204808e-09,3.103102327e-05
2.6953125,-5.5078125,1481.01462,0.4054967931,1.47419333e-06,3.291571124e-09,1.02602943e-05
2.6953125,-5.2734375,1481.01462,0.5125959766,1.521756568e-06,2.550468114e-09,-9.840495446e-06
2.6953125,-5.0390625,1481.01462,0.6479820303,4.850963459e-07,7.152744065e-10,-2.293162225e-05
2.6953125,-4.8046875,1481.01462,0.8191260383,-9.065725335e-07,-1.375767933e-09,-2.483645604e-05
2.6953125,-4.5703125,1481.01462,1.035472336,-1.88801022e-06,-1.974929122e-09,-1.9913247e-05
2.6953125,-4.3359375,1481.01462,1.308959682,-2.83808082e-06,-8.786669423e-10,-7.248988375e-06
2.6953125,-4.1015625,1481.01462,1.654680082,-2.428504598e-06,1.62339219e-09,6.513448966e-06
2.6953125,-3.8671875,1481.01462,2.091711616,-9.335173424e-07,4.261759888e-09,1.271809778e-05
2.6953125,-3.6328125,1481.01462,2.644171242,-4.467987694e-08,5.156341298e-09,1.265657007e-05
2.6953125,-3.3984375,1481.01462,3.342545645,1.426156821e-06,3.335840877e-09,7.33954647e-06
2.6953125,-3.1640625,1481.01462,4.225373613,2.165700837e-06,-3.892212564e-10,-1.351205126e-06
2.6953125,-2.9296875,1481.01462,5.341372733,1.666699947e-06,-3.703429233e-09,-5.909173985e-06
2.6953125,-2.6953125,1481.01462,6.752127808,-1.264548284e-06,-5.283851649e-09,-6.135140992e-06
2.6953125,-2.4609375,1481.01462,8.535489323,-3.011291061e-06,-2.254473537e-09,-2.378049691e-06
2.6953125,-2.2265625,1481.01462,10.78986951,-2.980405252e-06,4.422255595e-09,1.603821474e-06
2.6953125,-1.9921875,1481.01462,13.6396731,-2.402314126e-06,9.404306066e-09,2.810299793e-06
2.6953125,-1.7578125,1481.01462,17.24216239,-1.369085867e-06,8.405206943e-09,1.311439351e-06
2.6953125,-1.5234375,1481.01462,21.79613556,-1.577078853e-06,1.501954444e-09,-7.152935845e-07
2.6953125,-1.2890625,1481.01462,27.55289705,-2.297175597e-06,-4.330430455e-09,-1.232109717e-06
2.6953125,-1.0546875,1481.01462,34.83012544,-6.559660432e-06,-6.085708813e-10,-3.809002365e-06
2.6953125,-0.8203125,1481.01462,44.02940411,-5.869919719e-05,1.139798079e-08,1.081757827e-05
2.6953125,-0.5859375,1481.01462,55.65838198,0.01813298755,2.000810084e-08,0.005476002176
2.6953125,-0.3515625,1481.01462,70.35878743,0.5021256658,1.467109815e-08,0.0826762573
2.6953125,-0.1171875,1481.01462,88.94184116,4.68601809,-3.775495358e-09,0.4070632677
2.6953125,0.1171875,1481.01462,112.4330222,19.67250618,-2.18434237e-08,0.8256536201
2.6953125,0.3515625,1481.01462,142.1286575,47.24083388,-1.320860213e-08,0.9819094635
2.6953125,0.5859375,1481.01462,179.6674579,84.58499683,7.774881264e-09,0.9997280282
2.6953125,0.8203125,1481.01462,227.120948,132.0423123,7.097457285e-08,1.000293111
2.6953125,1.0546875,1481.01462,287.1077802,192.0409121,4.210907368e-07,1.000289082
2.6953125,1.2890625,1481.01462,362.9382414,267.8864937,-3.364813121e-06,1.000305
2.6953125,1.5234375,1481.01462,458.7969264,363.7700029,-4.531211071e-05,1.00045286
2.6953125,1.7578125,1481.01462,579.9736584,484.9735692,9.263540553e-05,1.000098681
2.6953125,1.9921875,1481.01462,733.1554008,637.5928109,0.004563922568,0.9903897678
2.6953125,2.2265625,1481.01462,926.7952672,824.8482024,0.0377512852,0.9325729391
2.6953125,2.4609375,1481.01462,1171.578995,1033.905704,0.1663348216,0.7533785809
2.6953125,2.6953125,1481.01462,1481.01462,1222.366443,0.443663053,0.4436630506
2.6953125,2.9296875,1481.01462,1872.177903,1332.103038,0.75337857,0.1663347919
2.6953125,3.1640625,1481.01462,2366.654624,1374.986852,0.9325728763,0.03775125851
2.6953125,3.3984375,1481.01462,2991.73177,1385.003749,0.9903896925,0.004563923283
2.6953125,3.6328125,1481.01462,3781.903321,1386.205709,1.000098681,9.265787894e-05
2.6953125,3.8671875,1481.01462,4780.773756,1386.202126,1.000452917,-4.5284837e-05
2.6953125,4.1015625,1481.01462,6043.464299,1386.182916,1.000304995,-3.362224112e-06
2.6953125,4.3359375,1481.01462,7639.654709,1386.181927,1.000288864,3.950726555e-07
2.6953125,4.5703125,1481.01462,9657.428452,1386.182192,1.000290925,3.599210361e-08
2.6953125,4.8046875,1481.01462,12208.13346,1386.182203,1.00029128,4.513346134e-10
2.6953125,5.0390625,1481.01462,15432.52672,1386.182214,1.000291308,4.280833124e-09
2.6953125,5.2734375,1481.01462,19508.54173,1386.18228,1.000291348,5.697002798e-08
2.6953125,5.5078125,1481.01462,24661.10749,1386.184001,1.000292561,8.130010232e-07
2.6953125,5.7421875,1481.01462,31174.56092,1386.188656,1.000295729,-1.002662378e-06
2.6953125,5.9765625,1481.01462,39408.33756,1386.144972,1.000215877,-3.934824098e-05
2.9296875,-5.9765625,1872.177903,0.2537534091,1.351771444e-06,-1.725576082e-11,5.137517463e-05
2.9296875,-5.7421875,1872.177903,0.3207743656,1.362150948e-06,2.100120719e-09,3.99171038e-05
2.9296875,-5.5078125,1872.177903,0.4054967931,1.753120933e-06,3.152621476e-09,1.226572601e-05
2.9296875,-5.2734375,1872.177903,0.5125959766,1.346388742e-06,2.320249911e-09,-1.218387795e-05
2.9296875,-5.0390625,1872.177903,0.6479820303,1.594920988e-06,9.690924576e-10,-2.882852008e-05
2.9296875,-4.8046875,1872.177903,0.8191260383,2.796797177e-07,-1.545271197e-09,-3.16219323e-05
2.9296875,-4.5703125,1872.177903,1.035472336,-2.221068144e-06,-1.436525965e-09,-2.204808018e-05
2.9296875,-4.3359375,1872.177903,1.308959682,-3.24222844e-06,-1.345547964e-09,-4.687579847e-06
2.9296875,-4.1015625,1872.177903,1.654680082,-2.995611002e-06,3.742512201e-10,8.114444976e-06
2.9296875,-3.8671875,1872.177903,2.091711616,-1.176317208e-06,3.165919858e-09,1.551736714e-05
2.9296875,-3.6328125,1872.177903,2.644171242,3.615518395e-07,3.152895444e-09,1.324687894e-05
2.9296875,-3.3984375,1872.177903,3.342545645,1.48481446e-06,2.027871171e-09,4.757517997e-06
2.9296875,-3.1640625,1872.177903,4.225373613,3.060334626e-06,-7.829064931e-10,-2.414703997e-06
2.9296875,-2.9296875,1872.177903,5.341372733,1.690500141e-07,-4.346630757e-09,-6.719599477e-06
2.9296875,-2.6953125,1872.177903,6.752127808,-9.200197293e-07,-4.920869335e-09,-5.918506357e-06
2.9296875,-2.4609375,1872.177903,8.535489323,-2.611069709e-06,-2.230827605e-09,-1.466571568e-06
2.9296875,-2.2265625,1872.177903,10.78986951,-2.793705285e-06,3.045269592e-09,2.461381807e-06
2.9296875,-1.9921875,1872.177903,13.6396731,-1.969829393e-06,6.403847185e-09,2.977924951e-06
2.9296875,-1.7578125,1872.177903,17.24216239,1.057399713e-07,3.919007526e-09,8.187332732e-07
2.9296875,-1.5234375,1872.177903,21.79613556,-7.905276146e-07,-2.207531155e-09,-1.171441539e-06
2.9296875,-1.2890625,1872.177903,27.55289705,-1.031554153e-06,-4.820351049e-09,-1.255718589e-06
2.9296875,-1.0546875,1872.177903,34.83012544,-5.154135332e-06,-9.531195388e-11,-3.386788391e-06
2.9296875,-0.8203125,1872.177903,44.02940411,-5.729241774e-05,9.141687196e-09,1.120080464e-05
2.9296875,-0.5859375,1872.177903,55.65838198,0.01813543595,1.322977431e-08,0.00547600422
2.9296875,-0.3515625,1872.177903,70.35878743,0.5021261674,3.100179132e-09,0.0826758818
2.9296875,-0.1171875,1872.177903,88.94184116,4.686018894,-1.335713986e-08,0.4070628855
2.9296875,0.1171875,1872.177903,112.4330222,19.67250627,-1.910403905e-08,0.8256536783
2.9296875,0.3515625,1872.177903,142.1286575,47.24083519,-2.096758468e-09,0.9819097382
2.9296875,0.5859375,1872.177903,179.6674579,84.58499562,1.656657124e-08,0.9997281967
2.9296875,0.8203125,1872.177903,227.120948,132.0423183,1.936842437e-08,1.000293426
2.9296875,1.0546875,1872.177903,287.1077802,192.0409714,5.138396236e-08,1.00029102
2.9296875,1.2890625,1872.177903,362.9382414,267.8862549,3.975264439e-07,1.000288819
2.9296875,1.5234375,1872.177903,458.7969264,363.7640509,-3.359305478e-06,1.000304996
2.9296875,1.7578125,1872.177903,579.9736584,484.9721622,-4.527469255e-05,1.000452995
2.9296875,1.9921875,1872.177903,733.1554008,638.1878231,9.266603591e-05,1.000098761
2.9296875,2.2265625,1872.177903,926.7952672,831.1166149,0.004563908743,0.9903896635
2.9296875,2.4609375,1872.177903,1171.578995,1067.829598,0.03775123621,0.9325727953
2.9296875,2.6953125,1872.177903,1481.01462,1332.10304,0.166334804,0.7533785652
2.9296875,2.9296875,1872.177903,1872.177903,1570.33973,0.4436630931,0.4436630901
2.9296875,3.1640625,1872.177903,2366.654624,1709.059787,0.7533786575,0.1663348496
2.9296875,3.3984375,1872.177903,2991.73177,1763.270025,0.9325729227,0.03775128725
2.9296875,3.6328125,1872.177903,3781.903321,1775.932585,0.9903896796,0.004563915454
2.9296875,3.8671875,1872.177903,4780.773756,1777.452027,1.00009867,9.265201506e-05
2.9296875,4.1015625,1872.177903,6043.464299,1777.44749,1.000452969,-4.529149166e-05
2.9296875,4.3359375,1872.177903,7639.654709,1777.423187,1.0003051,-3.36292907e-06
2.9296875,4.5703125,1872.177903,9657.428452,1777.421893,1.000288979,3.947464238e-07
2.9296875,4.8046875,1872.177903,12208.13346,1777.422214,1.000291,5.019314672e-08
2.9296875,5.0390625,1872.177903,15432.52672,1777.422275,1.000291327,2.729076026e-09
2.9296875,5.2734375,1872.177903,19508.54173,1777.422354,1.000291299,7.022298871e-08
2.9296875,5.5078125,1872.177903,24661.10749,1777.424546,1.000292501,1.02555927e-06
2.9296875,5.7421875,1872.177903,31174.56092,1777.430426,1.000295685,-1.270402792e-06
2.9296875,5.9765625,1872.177903,39408.33756,1777.375176,1.000215874,-4.975413638e-05
3.1640625,-5.9765625,2366.654624,0.2537534091,2.250046251e-07,2.421835906e-10,6.496923265e-05
3.1640625,-5.7421875,2366.654624,0.3207743656,2.066018807e-06,1.273409671e-09,4.284379235e-05
3.1640625,-5.5078125,2366.654624,0.4054967931,2.357488424e-06,1.636176627e-09,1.077285096e-05
3.1640625,-5.2734375,2366.654624,0.5125959766,2.203781712e-06,1.404423864e-09,-1.659477541e-05
3.1640625,-5.0390625,2366.654624,0.6479820303,8.118566672e-07,5.951530869e-10,-3.24765411e-05
3.1640625,-4.8046875,2366.654624,0.8191260383,-1.203149276e-06,4.267954196e-11,-3.071618992e-05
3.1640625,-4.5703125,2366.654624,1.035472336,-2.15457163e-06,-6.901554885e-10,-2.021775302e-05
3.1640625,-4.3359375,2366.654624,1.308959682,-2.765461351e-06,-8.424558062e-11,-2.53294435e-06
3.1640625,-4.1015625,2366.654624,1.654680082,-1.995449918e-06,1.333117976e-09,1.108012131e-05
3.1640625,-3.8671875,2366.654624,2.091711616,-2.514131313e-07,2.284416539e-09,1.534428207e-05
3.1640625,-3.6328125,2366.654624,2.644171242,8.553592939e-07,2.233297131e-09,1.185841074e-05
3.1640625,-3.3984375,2366.654624,3.342545645,2.070480676e-06,5.53122125e-10,3.637755022e-06
3.1640625,-3.1640625,2366.654624,4.225373613,3.040728419e-06,-2.058103936e-09,-4.022453867e-06
3.1640625,-2.9296875,2366.654624,5.341372733,1.822906991e-06,-3.327304264e-09,-7.076995895e-06
3.1640625,-2.6953125,2366.654624,6.752127808,-1.943227668e-06,-3.294972829e-09,-5.549298569e-06
3.1640625,-2.4609375,2366.654624,8.535489323,-2.808101348e-06,-1.06005188e-09,-6.292926086e-07
3.1640625,-2.2265625,2366.654624,10.78986951,-1.496913264e-06,1.659603949e-09,3.024349657e-06
3.1640625,-1.9921875,2366.654624,13.6396731,-6.116351965e-07,2.503315296e-09,2.930708705e-06
3.1640625,-1.7578125,2366.654624,17.24216239,1.103644032e-08,3.474817545e-11,2.562377508e-07
3.1640625,-1.5234375,2366.654624,21.79613556,-1.462939284e-06,-3.999182787e-09,-1.565434734e-06
3.1640625,-1.2890625,2366.654624,27.55289705,-2.477583514e-06,-5.872113911e-09,-1.13658608e-06
3.1640625,-1.0546875,2366.654624,34.83012544,-5.050170713e-06,-3.372139744e-09,-3.060888298e-06
3.1640625,-0.8203125,2366.654624,44.02940411,-5.653719947e-05,1.484714529e-09,1.145134384e-05
3.1640625,-0.5859375,2366.654624,55.65838198,0.01813554846,2.471521424e-09,0.005475867095
3.1640625,-0.3515625,2366.654624,70.35878743,0.5021249237,-3.69072903e-09,0.08267558786
3.1640625,-0.1171875,2366.654624,88.94184116,4.686019007,-8.687284659e-09,0.4070626968
3.1640625,0.1171875,2366.654624,112.4330222,19.67250838,-5.822734121e-09,0.8256537829
3.1640625,0.3515625,2366.654624,142.1286575,47.24083793,2.052797401e-09,0.9819099504
3.1640625,0.5859375,2366.654624,179.6674579,84.58499756,8.450961938e-09,0.9997282535
3.1640625,0.8203125,2366.654624,227.120948,132.042317,1.282320501e-09,1.000293285
3.1640625,1.0546875,2366.654624,287.1077802,192.0409754,-1.345387406e-08,1.000291248
3.1640625,1.2890625,2366.654624,362.9382414,267.8863243,3.162624328e-08,1.000290877
3.1640625,1.5234375,2366.654624,458.7969264,363.7637435,4.031878154e-07,1.000288951
3.1640625,1.7578125,2366.654624,579.9736584,484.9646325,-3.349194858e-06,1.000305119
3.1640625,1.9921875,2366.654624,733.1554008,638.1860404,-4.529355105e-05,1.00045297
3.1640625,2.2265625,2366.654624,926.7952672,831.8687802,9.262154696e-05,1.000098594
3.1640625,2.4609375,2366.654624,1171.578995,1075.753616,0.004563884919,0.9903895751
3.1640625,2.6953125,2366.654624,1481.01462,1374.986868,0.03775126738,0.9325728647
3.1640625,2.9296875,2366.654624,1872.177903,1709.059797,0.1663348561,0.7533786369
3.1640625,3.1640625,2366.654624,2366.654624,2010.219202,0.4436631225,0.4436631195
3.1640625,3.3984375,2366.654624,2991.73177,2185.577811,0.7533786298,0.1663348428
3.1640625,3.6328125,2366.654624,3781.903321,2254.105993,0.9325729053,0.03775127976
3.1640625,3.8671875,2366.654624,4780.773756,2270.11298,0.990389705,0.004563929143
3.1640625,4.1015625,2366.654624,6043.464299,2272.033708,1.00009871,9.265339097e-05
3.1640625,4.3359375,2366.654624,7639.654709,2272.027951,1.000452957,-4.529891717e-05
3.1640625,4.5703125,2366.654624,9657.428452,2271.997203,1.00030502,-3.376092236e-06
3.1640625,4.8046875,2366.654624,12208.13346,2271.99559,1.000288869,4.043321558e-07
3.1640625,5.0390625,2366.654624,15432.52672,2271.996075,1.0002909,5.01507253e-08
3.1640625,5.2734375,2366.654624,19508.54173,2271.996218,1.000291266,8.427366435e-08
3.1640625,5.5078125,2366.654624,24661.10749,2271.998972,1.000292458,1.296696898e-06
3.1640625,5.7421875,2366.654624,31174.56092,2272.006385,1.000295668,-1.606424487e-06
3.1640625,5.9765625,2366.654624,39408.33756,2271.936497,1.000215871,-6.290516687e-05
3.3984375,-5.9765625,2991.73177,0.2537534091,5.761821676e-07,6.989064414e-11,7.608249263e-05
3.3984375,-5.7421875,2991.73177,0.3207743656,1.963386796e-06,7.829059003e-10,4.843064561e-05
3.3984375,-5.5078125,2991.73177,0.4054967931,2.221887863e-06,1.142832038e-09,1.10742734e-05
3.3984375,-5.2734375,2991.73177,0.5125959766,1.993453397e-06,1.097201746e-09,-1.941734303e-05
3.3984375,-5.0390625,2991.73177,0.6479820303,6.677889041e-07,5.763244505e-10,-3.461075876e-05
3.3984375,-4.8046875,2991.73177,0.8191260383,-1.048163725e-06,-6.801545439e-11,-3.186420499e-05
3.3984375,-4.5703125,2991.73177,1.035472336,-2.189806002e-06,-4.097510539e-10,-1.957005136e-05
3.3984375,-4.3359375,2991.73177,1.308959682,-2.921904963e-06,-1.577550909e-10,-1.532078993e-06
3.3984375,-4.1015625,2991.73177,1.654680082,-2.037063191e-06,5.70360664e-10,1.27095283e-05
3.3984375,-3.8671875,2991.73177,2.091711616,-1.760991863e-07,1.14948387e-09,1.579739411e-05
3.3984375,-3.6328125,2991.73177,2.644171242,8.350968995e-07,8.64405347e-10,1.08094473e-05
3.3984375,-3.3984375,2991.73177,3.342545645,1.741717223e-06,-5.34419589e-10,2.431093843e-06
3.3984375,-3.1640625,2991.73177,4.225373613,2.126594294e-06,-2.074676971e-09,-5.31253665e-06
3.3984375,-2.9296875,2991.73177,5.341372733,3.953562758e-07,-2.565759382e-09,-6.94215022e-06
3.3984375,-2.6953125,2991.73177,6.752127808,-2.15705693e-06,-1.647458818e-09,-4.968080227e-06
3.3984375,-2.4609375,2991.73177,8.535489323,-2.666856859e-06,3.313763997e-10,1.572126474e-07
3.3984375,-2.2265625,2991.73177,10.78986951,-1.615300085e-06,2.34424029e-09,3.438179178e-06
3.3984375,-1.9921875,2991.73177,13.6396731,-1.014389621e-06,2.451465831e-09,2.694325635e-06
3.3984375,-1.7578125,2991.73177,17.24216239,-7.163144422e-07,-5.363498561e-11,-2.892458004e-07
3.3984375,-1.5234375,2991.73177,21.79613556,-2.527553779e-06,-3.154584766e-09,-1.984746403e-06
3.3984375,-1.2890625,2991.73177,27.55289705,-3.57681077e-06,-4.270245887e-09,-1.124675139e-06
3.3984375,-1.0546875,2991.73177,34.83012544,-7.214263314e-06,-1.836879572e-09,-2.743531397e-06
3.3984375,-0.8203125,2991.73177,44.02940411,-5.880675301e-05,1.780555308e-09,1.164211791e-05
3.3984375,-0.5859375,2991.73177,55.65838198,0.0181333952,1.145464224e-09,0.005475719318
3.3984375,-0.3515625,2991.73177,70.35878743,0.5021223317,-3.694115732e-09,0.08267538795
3.3984375,-0.1171875,2991.73177,88.94184116,4.686019696,-7.64509873e-09,0.4070627182
3.3984375,0.1171875,2991.73177,112.4330222,19.67250863,-3.278623745e-09,0.8256539238
3.3984375,0.3515625,2991.73177,142.1286575,47.24083818,1.700229746e-09,0.9819100573
3.3984375,0.5859375,2991.73177,179.6674579,84.58499631,1.04828525e-09,0.9997282109
3.3984375,0.8203125,2991.73177,227.120948,132.0423162,-7.986623941e-09,1.000293148
3.3984375,1.0546875,2991.73177,287.1077802,192.0409719,-1.413683553e-08,1.000291174
3.3984375,1.2890625,2991.73177,362.9382414,267.886325,-1.031775822e-08,1.000291284
3.3984375,1.5234375,2991.73177,458.7969264,363.7638243,4.900195558e-08,1.000291058
3.3984375,1.7578125,2991.73177,579.9736584,484.9642388,4.041737331e-07,1.000288978
3.3984375,1.9921875,2991.73177,733.1554008,638.1765229,-3.371220745e-06,1.000305009
3.3984375,2.2265625,2991.73177,926.7952672,831.8665244,-4.530772238e-05,1.00045284
3.3984375,2.4609375,2991.73177,1171.578995,1076.704441,9.264222297e-05,1.000098607
3.3984375,2.6953125,2991.73177,1481.01462,1385.003755,0.004563923414,0.9903896843
3.3984375,2.9296875,2991.73177,1872.177903,1763.270032,0.03775128554,0.9325729076
3.3984375,3.1640625,2991.73177,2366.654624,2185.577815,0.1663348425,0.7533786264
3.3984375,3.3984375,2991.73177,2991.73177,2566.279005,0.443663121,0.4436631197
3.3984375,3.6328125,2991.73177,3781.903321,2787.953071,0.7533786759,0.1663348665
3.3984375,3.8671875,2991.73177,4780.773756,2874.580803,0.9325729598,0.03775129685
3.3984375,4.1015625,2991.73177,6043.464299,2894.815497,0.9903897245,0.004563914323
3.3984375,4.3359375,2991.73177,7639.654709,2897.243526,1.000098693,9.262772079e-05
3.3984375,4.5703125,2991.73177,9657.428452,2897.236234,1.00045295,-4.531538893e-05
3.3984375,4.8046875,2991.73177,12208.13346,2897.197382,1.000305066,-3.355487707e-06
3.3984375,5.0390625,2991.73177,15432.52672,2897.195393,1.000288966,4.106283568e-07
3.3984375,5.2734375,2991.73177,19508.54173,2897.196058,1.000291038,1.540538999e-07
3.3984375,5.5078125,2991.73177,24661.10749,2897.199575,1.000292562,1.63616689e-06
3.3984375,5.7421875,2991.73177,31174.56092,2897.208945,1.000295712,-2.033399321e-06
3.3984375,5.9765625,2991.73177,39408.33756,2897.120579,1.000215876,-7.953110414e-05
3.6328125,-5.9765625,3781.903321,0.2537534091,5.931960517e-07,2.856546095e-11,8.309274652e-05
3.6328125,-5.7421875,3781.903321,0.3207743656,2.067457154e-06,3.746193581e-10,5.212371615e-05
3.6328125,-5.5078125,3781.903321,0.4054967931,2.316895397e-06,5.334505989e-10,1.186412047e-05
3.6328125,-5.2734375,3781.903321,0.5125959766,2.207576701e-06,4.561292062e-10,-2.110476368e-05
3.6328125,-5.0390625,3781.903321,0.6479820303,6.765997306e-07,2.150532618e-10,-3.710923033e-05
3.6328125,-4.8046875,3781.903321,0.8191260383,-1.169228543e-06,-1.589055392e-11,-3.303162707e-05
3.6328125,-4.5703125,3781.903321,1.035472336,-2.255184154e-06,-2.526921539e-11,-1.943085313e-05
3.6328125,-4.3359375,3781.903321,1.308959682,-2.893586287e-06,2.292418927e-10,-2.104579864e-07
3.6328125,-4.1015625,3781.903321,1.654680082,-1.790972464e-06,6.259485889e-10,1.387293481e-05
3.6328125,-3.8671875,3781.903321,2.091711616,5.567477224e-08,7.438659837e-10,1.577258338e-05
3.6328125,-3.6328125,3781.903321,2.644171242,9.314349309e-07,2.512009721e-10,9.778802175e-06
3.6328125,-3.3984375,3781.903321,3.342545645,1.694059487e-06,-7.694977357e-10,7.97752434e-07
3.6328125,-3.1640625,3781.903321,4.225373613,1.695210996e-06,-1.670410458e-09,-6.06012563e-06
3.6328125,-2.9296875,3781.903321,5.341372733,2.023384538e-07,-1.834336938e-09,-6.665345224e-06
3.6328125,-2.6953125,3781.903321,6.752127808,-2.385436214e-06,-8.062595635e-10,-4.189993004e-06
3.6328125,-2.4609375,3781.903321,8.535489323,-2.523495852e-06,9.004382304e-10,9.685982878e-07
3.6328125,-2.2265625,3781.903321,10.78986951,-1.51804136e-06,2.096385654e-09,3.715314752e-06
3.6328125,-1.9921875,3781.903321,13.6396731,-1.066911346e-06,1.56444474e-09,2.323954714e-06
3.6328125,-1.7578125,3781.903321,17.24216239,-1.051037864e-06,-5.289670353e-10,-8.612208035e-07
3.6328125,-1.5234375,3781.903321,21.79613556,-3.338118665e-06,-2.341535943e-09,-2.256750751e-06
3.6328125,-1.2890625,3781.903321,27.55289705,-4.291727131e-06,-2.069675335e-09,-9.8465013e-07
3.6328125,-1.0546875,3781.903321,34.83012544,-8.197444162e-06,1.348280794e-10,-2.446034844e-06
3.6328125,-0.8203125,3781.903321,44.02940411,-5.984972879e-05,1.61573126e-09,1.171981136e-05
3.6328125,-0.5859375,3781.903321,55.65838198,0.0181318174,7.475450761e-11,0.005475547968
3.6328125,-0.3515625,3781.903321,70.35878743,0.5021216357,-3.117555841e-09,0.08267519355
3.6328125,-0.1171875,3781.903321,88.94184116,4.686017955,-3.770732039e-09,0.4070627471
3.6328125,0.1171875,3781.903321,112.4330222,19.67250841,-6.289337587e-10,0.8256540871
3.6328125,0.3515625,3781.903321,142.1286575,47.2408355,2.667134475e-09,0.9819100891
3.6328125,0.5859375,3781.903321,179.6674579,84.58499444,-9.902540037e-10,0.9997281011
3.6328125,0.8203125,3781.903321,227.120948,132.0423132,-8.077566217e-09,1.000293044
3.6328125,1.0546875,3781.903321,287.1077802,192.04097,-7.929252164e-09,1.000291217
3.6328125,1.2890625,3781.903321,362.9382414,267.8863222,2.181752411e-09,1.000291378
3.6328125,1.5234375,3781.903321,458.7969264,363.7638282,5.895726423e-09,1.000291405
3.6328125,1.7578125,3781.903321,579.9736584,484.9643448,4.587827294e-08,1.000290953
3.6328125,1.9921875,3781.903321,733.1554008,638.176027,3.951435548e-07,1.000288858
3.6328125,2.2265625,3781.903321,926.7952672,831.8544968,-3.360140479e-06,1.000304982
3.6328125,2.4609375,3781.903321,1171.578995,1076.701593,-4.528131725e-05,1.0004529
3.6328125,2.6953125,3781.903321,1481.01462,1386.205715,9.265288801e-05,1.00009867
3.6328125,2.9296875,3781.903321,1872.177903,1775.932585,0.00456391153,0.9903896737
3.6328125,3.1640625,3781.903321,2366.654624,2254.10599,0.03775127433,0.932572901
3.6328125,3.3984375,3781.903321,2991.73177,2787.953063,0.1663348636,0.7533786777
3.6328125,3.6328125,3781.903321,3781.903321,3269.204452,0.4436631523,0.4436631529
3.6328125,3.8671875,3781.903321,4780.773756,3549.42673,0.7533786705,0.1663348577
3.6328125,4.1015625,3781.903321,6043.464299,3658.934427,0.932572932,0.03775126964
3.6328125,4.3359375,3781.903321,7639.654709,3684.513487,0.9903897162,0.004563895867
3.6328125,4.5703125,3781.903321,9657.428452,3687.582748,1.000098719,9.262607531e-05
3.6328125,4.8046875,3781.903321,12208.13346,3687.573521,1.000452981,-4.52835609e-05
3.6328125,5.0390625,3781.903321,15432.52672,3687.524472,1.000305068,-3.353910747e-06
3.6328125,5.2734375,3781.903321,19508.54173,3687.52206,1.000288943,5.353856472e-07
3.6328125,5.5078125,3781.903321,24661.10749,3687.527156,1.000292185,2.114016313e-06
3.6328125,5.7421875,3781.903321,31174.56092,3687.539061,1.000295711,-2.57566746e-06
3.6328125,5.9765625,3781.903321,39408.33756,3687.427316,1.000215873,-0.0001005491034
3.8671875,-5.9765625,4780.773756,0.2537534091,5.728543985e-07,-1.033773628e-12,8.644719043e-05
3.8671875,-5.7421875,4780.773756,0.3207743656,2.098369187e-06,5.647838753e-11,5.36166741e-05
3.8671875,-5.5078125,4780.773756,0.4054967931,2.426828011e-06,5.101318371e-11,1.169537429e-05
3.8671875,-5.2734375,4780.773756,0.5125959766,2.253495066e-06,1.065908905e-12,-2.205517632e-05
3.8671875,-5.0390625,4780.773756,0.6479820303,6.112898331e-07,-3.174283137e-11,-3.785685927e-05
3.8671875,-4.8046875,4780.773756,0.8191260383,-1.178883357e-06,3.907542324e-11,-3.296302353e-05
3.8671875,-4.5703125,4780.773756,1.035472336,-2.228151303e-06,2.381967209e-10,-1.853929057e-05
3.8671875,-4.3359375,4780.773756,1.308959682,-2.825190794e-06,5.25197146e-10,8.664396523e-07
3.8671875,-4.1015625,4780.773756,1.654680082,-1.647206815e-06,6.807916152e-10,1.426392398e-05
3.8671875,-3.8671875,4780.773756,2.091711616,1.068878676e-07,4.932895164e-10,1.524656845e-05
3.8671875,-3.6328125,4780.773756,2.644171242,8.636293779e-07,-1.124168527e-10,8.470701485e-06
3.8671875,-3.3984375,4780.773756,3.342545645,1.494642319e-06,-8.930769136e-10,-3.767237972e-07
3.8671875,-3.1640625,4780.773756,4.225373613,1.197894051e-06,-1.36377363e-09,-6.485899813e-06
3.8671875,-2.9296875,4780.773756,5.341372733,-3.052469759e-07,-1.140320526e-09,-6.162045544e-06
3.8671875,-2.6953125,4780.773756,6.752127808,-2.396474648e-06,-1.339598493e-10,-3.25996411e-06
3.8671875,-2.4609375,4780.773756,8.535489323,-2.245642579e-06,1.074549042e-09,1.652575658e-06
3.8671875,-2.2265625,4780.773756,10.78986951,-1.283467931e-06,1.508405801e-09,3.757565886e-06
3.8671875,-1.9921875,4780.773756,13.6396731,-9.296058836e-07,6.261752996e-10,1.865787943e-06
3.8671875,-1.7578125,4780.773756,17.24216239,-1.384557204e-06,-8.907013577e-10,-1.318664256e-06
3.8671875,-1.5234375,4780.773756,21.79613556,-3.678340968e-06,-1.582751021e-09,-2.331500275e-06
3.8671875,-1.2890625,4780.773756,27.55289705,-4.488809403e-06,-6.479978923e-10,-7.504236314e-07
3.8671875,-1.0546875,4780.773756,34.83012544,-8.469385743e-06,9.214762845e-10,-2.235128479e-06
3.8671875,-0.8203125,4780.773756,44.02940411,-6.010300872e-05,1.096332357e-09,1.166259286e-05
3.8671875,-0.5859375,4780.773756,55.65838198,0.01813091116,-9.827724582e-10,0.005475328955
3.8671875,-0.3515625,4780.773756,70.35878743,0.5021208641,-3.162647639e-09,0.08267509359
3.8671875,-0.1171875,4780.773756,88.94184116,4.686015676,-2.262419682e-09,0.4070628811
3.8671875,0.1171875,4780.773756,112.4330222,19.6725064,8.563179784e-10,0.8256542482
3.8671875,0.3515625,4780.773756,142.1286575,47.24083388,2.686858802e-09,0.9819100809
3.8671875,0.5859375,4780.773756,179.6674579,84.58499209,-1.09111603e-09,0.9997279407
3.8671875,0.8203125,4780.773756,227.120948,132.0423131,-5.961259215e-09,1.00029298
3.8671875,1.0546875,4780.773756,287.1077802,192.0409699,-3.022540224e-09,1.000291325
3.8671875,1.2890625,4780.773756,362.9382414,267.8863221,5.354370596e-09,1.00029148
3.8671875,1.5234375,4780.773756,458.7969264,363.7638282,5.911536542e-09,1.000291346
3.8671875,1.7578125,4780.773756,579.9736584,484.9643594,-5.17482286e-09,1.000291207
3.8671875,1.9921875,4780.773756,733.1554008,638.1761724,4.127951197e-08,1.00029092
3.8671875,2.2265625,4780.773756,926.7952672,831.8538752,4.092608174e-07,1.000288918
3.8671875,2.4609375,4780.773756,1171.578995,1076.686389,-3.351376408e-06,1.000304998
3.8671875,2.6953125,4780.773756,1481.01462,1386.202131,-4.529412153e-05,1.0004529
3.8671875,2.9296875,4780.773756,1872.177903,1777.452017,9.264197473e-05,1.000098666
3.8671875,3.1640625,4780.773756,2366.654624,2270.112971,0.004563917917,0.9903896985
3.8671875,3.3984375,4780.773756,2991.73177,2874.580791,0.0377512872,0.9325729676
3.8671875,3.6328125,4780.773756,3781.903321,3549.426727,0.1663348526,0.7533786728
3.8671875,3.8671875,4780.773756,4780.773756,4157.785521,0.4436631211,0.4436631253
3.8671875,4.1015625,4780.773756,6043.464299,4512.019647,0.7533786609,0.1663348457
3.8671875,4.3359375,4780.773756,7639.654709,4650.450333,0.9325729423,0.03775126332
3.8671875,4.5703125,4780.773756,9657.428452,4682.78522,0.9903897108,0.004563887707
3.8671875,4.8046875,4780.773756,12208.13346,4686.665178,1.000098685,9.265098898e-05
3.8671875,5.0390625,4780.773756,15432.52672,4686.653641,1.000452954,-4.529006049e-05
3.8671875,5.2734375,4780.773756,19508.54173,4686.591755,1.000305092,-3.193177255e-06
3.8671875,5.5078125,4780.773756,24661.10749,4686.594052,1.00029019,3.019889847e-06
3.8671875,5.7421875,4780.773756,31174.56092,4686.609889,1.000295424,-3.209280745e-06
3.8671875,5.9765625,4780.773756,39408.33756,4686.468648,1.000215881,-0.0001271232435
4.1015625,-5.9765625,6043.464299,0.2537534091,5.442040424e-07,-1.610573336e-11,8.590471015e-05
4.1015625,-5.7421875,6043.464299,0.3207743656,2.100035887e-06,-1.383285965e-10,5.256842793e-05
4.1015625,-5.5078125,6043.464299,0.4054967931,2.395565531e-06,-2.282139423e-10,1.095827364e-05
4.1015625,-5.2734375,6043.464299,0.5125959766,2.116394205e-06,-2.460829058e-10,-2.207694752e-05
4.1015625,-5.0390625,6043.464299,0.6479820303,5.668502688e-07,-1.49779564e-10,-3.70686342e-05
4.1015625,-4.8046875,6043.464299,0.8191260383,-1.120644465e-06,6.585761294e-11,-3.16564509e-05
4.1015625,-4.5703125,6043.464299,1.035472336,-2.127958734e-06,3.675363764e-10,-1.699906244e-05
4.1015625,-4.3359375,6043.464299,1.308959682,-2.612960072e-06,6.097272226e-10,1.695744948e-06
4.1015625,-4.1015625,6043.464299,1.654680082,-1.458521415e-06,6.213331174e-10,1.401907571e-05
4.1015625,-3.8671875,6043.464299,2.091711616,1.281431666e-07,2.965923799e-10,1.416510986e-05
4.1015625,-3.6328125,6043.464299,2.644171242,8.049401385e-07,-2.752617376e-10,7.114289056e-06
4.1015625,-3.3984375,6043.464299,3.342545645,1.232375435e-06,-8.001760487e-10,-1.320107276e-06
4.1015625,-3.1640625,6043.464299,4.225373613,7.827453976e-07,-9.245902046e-10,-6.371863263e-06
4.1015625,-2.9296875,6043.464299,5.341372733,-6.137568302e-07,-4.184545012e-10,-5.411396252e-06
4.1015625,-2.6953125,6043.464299,6.752127808,-2.241812097e-06,3.973606301e-10,-2.433780846e-06
4.1015625,-2.4609375,6043.464299,8.535489323,-1.977677557e-06,1.057028516e-09,2.071610159e-06
4.1015625,-2.2265625,6043.464299,10.78986951,-1.056500576e-06,8.821409246e-10,3.532464755e-06
4.1015625,-1.9921875,6043.464299,13.6396731,-9.980695075e-07,-1.36325101e-10,1.352089151e-06
4.1015625,-1.7578125,6043.464299,17.24216239,-1.622401635e-06,-1.140317812e-09,-1.61786124e-06
4.1015625,-1.5234375,6043.464299,21.79613556,-3.82945546e-06,-1.066564995e-09,-2.213591751e-06
4.1015625,-1.2890625,6043.464299,27.55289705,-4.414422109e-06,1.401387494e-10,-4.674278335e-07
4.1015625,-1.0546875,6043.464299,34.83012544,-8.302017959e-06,1.187866758e-09,-2.119613062e-06
4.1015625,-0.8203125,6043.464299,44.02940411,-6.008242646e-05,6.47595664e-10,1.149446483e-05
4.1015625,-0.5859375,6043.464299,55.65838198,0.01813028709,-1.40040374e-09,0.005475088323
4.1015625,-0.3515625,6043.464299,70.35878743,0.5021207858,-2.712785349e-09,0.08267505397
4.1015625,-0.1171875,6043.464299,88.94184116,4.686014328,-1.116104742e-09,0.4070630679
4.1015625,0.1171875,6043.464299,112.4330222,19.67250474,2.276839184e-09,0.825654398
4.1015625,0.3515625,6043.464299,142.1286575,47.24083253,2.977910314e-09,0.9819100358
4.1015625,0.5859375,6043.464299,179.6674579,84.58499125,-5.427629525e-10,0.9997277928
4.1015625,0.8203125,6043.464299,227.120948,132.042313,-3.212174062e-09,1.00029296
4.1015625,1.0546875,6043.464299,287.1077802,192.0409698,-1.827463979e-10,1.000291452
4.1015625,1.2890625,6043.464299,362.9382414,267.8863215,3.938150892e-09,1.000291539
4.1015625,1.5234375,6043.464299,458.7969264,363.7638273,1.515521616e-09,1.000291276
4.1015625,1.7578125,6043.464299,579.9736584,484.9643621,-3.587498217e-09,1.000291138
4.1015625,1.9921875,6043.464299,733.1554008,638.1761877,-2.254411027e-09,1.000291312
4.1015625,2.2265625,6043.464299,926.7952672,831.8540472,5.187016675e-08,1.000290994
4.1015625,2.4609375,6043.464299,1171.578995,1076.685595,4.044419742e-07,1.000288834
4.1015625,2.6953125,6043.464299,1481.01462,1386.182909,-3.368765093e-06,1.000304979
4.1015625,2.9296875,6043.464299,1872.177903,1777.447472,-4.529728643e-05,1.000452958
4.1015625,3.1640625,6043.464299,2366.654624,2272.033687,9.264895948e-05,1.000098705
4.1015625,3.3984375,6043.464299,2991.73177,2894.815479,0.004563910419,0.9903897376
4.1015625,3.6328125,6043.464299,3781.903321,3658.934425,0.03775126801,0.9325729392
4.1015625,3.8671875,6043.464299,4780.773756,4512.019648,0.1663348479,0.7533786674
4.1015625,4.1015625,6043.464299,6043.464299,5281.057157,0.4436631322,0.4436631285
4.1015625,4.3359375,6043.464299,7639.654709,5728.851031,0.7533786512,0.1663348272
4.1015625,4.5703125,6043.464299,9657.428452,5903.843773,0.9325729144,0.03775124186
4.1015625,4.8046875,6043.464299,12208.13346,5944.718954,0.9903897036,0.004563926165
4.1015625,5.0390625,6043.464299,15432.52672,5949.623762,1.000098724,9.26559281e-05
4.1015625,5.2734375,6043.464299,19508.54173,5949.609292,1.000453017,-4.508009096e-05
4.1015625,5.5078125,6043.464299,24661.10749,5949.537844,1.000306312,-5.44134412e-08
4.1015625,5.7421875,6043.464299,31174.56092,5949.552663,1.000293346,-3.721473197e-06
4.1015625,5.9765625,6043.464299,39408.33756,5949.375157,1.000215714,-0.000160644085
4.3359375,-5.9765625,7639.654709,0.2537534091,5.211425262e-07,-2.485225626e-11,8.153580717e-05
4.3359375,-5.7421875,7639.654709,0.3207743656,1.987103296e-06,-2.322604598e-10,4.955687641e-05
4.3359375,-5.5078125,7639.654709,0.4054967931,2.17138045e-06,-3.512739863e-10,9.823623667e-06
4.3359375,-5.2734375,7639.654709,0.5125959766,1.949602621e-06,-3.492273136e-10,-2.123119662e-05
4.3359375,-5.0390625,7639.654709,0.6479820303,5.427409601e-07,-2.00974604e-10,-3.50079695e-05
4.3359375,-4.8046875,7639.654709,0.8191260383,-1.056875434e-06,6.976055179e-11,-2.92762909e-05
4.3359375,-4.5703125,7639.654709,1.035472336,-1.943082236e-06,3.719845437e-10,-1.515401374e-05
4.3359375,-4.3359375,7639.654709,1.308959682,-2.341817419e-06,5.608129855e-10,2.291925531e-06
4.3359375,-4.1015625,7639.654709,1.654680082,-1.300521133e-06,4.97324101e-10,1.324321383e-05
4.3359375,-3.8671875,7639.654709,2.091711616,1.628727669e-07,1.517821904e-10,1.276643999e-05
4.3359375,-3.6328125,7639.654709,2.644171242,6.83471757e-07,-2.98888569e-10,5.846826531e-06
4.3359375,-3.3984375,7639.654709,3.342545645,9.679244894e-07,-6.030074294e-10,-1.919921903e-06
4.3359375,-3.1640625,7639.654709,4.225373613,5.138041646e-07,-5.47011674e-10,-5.848405533e-06
4.3359375,-2.9296875,7639.654709,5.341372733,-5.833690232e-07,-1.814409552e-11,-4.491950519e-06
4.3359375,-2.6953125,7639.654709,6.752127808,-2.037956063e-06,6.242745782e-10,-1.751137599e-06
4.3359375,-2.4609375,7639.654709,8.535489323,-1.677780704e-06,8.742866016e-10,2.145256488e-06
4.3359375,-2.2265625,7639.654709,10.78986951,-9.798641789e-07,3.569554661e-10,3.046526427e-06
4.3359375,-1.9921875,7639.654709,13.6396731,-1.127979073e-06,-6.351842387e-10,8.143742904e-07
4.3359375,-1.7578125,7639.654709,17.24216239,-1.797417893e-06,-1.217112888e-09,-1.739191102e-06
4.3359375,-1.5234375,7639.654709,21.79613556,-3.911941712e-06,-6.91483137e-10,-1.915443666e-06
4.3359375,-1.2890625,7639.654709,27.55289705,-4.119568985e-06,5.580050213e-10,-1.530773542e-07
4.3359375,-1.0546875,7639.654709,34.83012544,-7.914936333e-06,1.252622725e-09,-2.089847197e-06
4.3359375,-0.8203125,7639.654709,44.02940411,-6.006728179e-05,4.085366978e-10,1.124597068e-05
4.3359375,-0.5859375,7639.654709,55.65838198,0.01813014419,-1.242624092e-09,0.005474874309
4.3359375,-0.3515625,7639.654709,70.35878743,0.5021197586,-1.57885996e-09,0.08267509598
4.3359375,-0.1171875,7639.654709,88.94184116,4.686015275,5.093201021e-10,0.4070633076
4.3359375,0.1171875,7639.654709,112.4330222,19.67250499,3.047847078e-09,0.8256545192
4.3359375,0.3515625,7639.654709,142.1286575,47.24083277,2.304721031e-09,0.9819099302
4.3359375,0.5859375,7639.654709,179.6674579,84.58499123,-7.435631831e-10,0.9997276601
4.3359375,0.8203125,7639.654709,227.120948,132.0423137,-1.743854982e-09,1.000292978
4.3359375,1.0546875,7639.654709,287.1077802,192.0409702,3.683563953e-10,1.000291539
4.3359375,1.2890625,7639.654709,362.9382414,267.886321,1.032016757e-09,1.000291534
4.3359375,1.5234375,7639.654709,458.7969264,363.7638288,-2.587439121e-09,1.000291204
4.3359375,1.7578125,7639.654709,579.9736584,484.9643658,-3.882141291e-09,1.000291147
4.3359375,1.9921875,7639.654709,733.1554008,638.1761879,4.853615075e-10,1.000291349
4.3359375,2.2265625,7639.654709,926.7952672,831.854061,-1.57507742e-09,1.000291312
4.3359375,2.4609375,7639.654709,1171.578995,1076.685816,3.863737141e-08,1.000290818
4.3359375,2.6953125,7639.654709,1481.01462,1386.181914,3.924487979e-07,1.000288853
4.3359375,2.9296875,7639.654709,1872.177903,1777.423165,-3.365060716e-06,1.000305078
4.3359375,3.1640625,7639.654709,2366.654624,2272.027928,-4.530251472e-05,1.000452949
4.3359375,3.3984375,7639.654709,2991.73177,2897.243508,9.262518857e-05,1.00009871
4.3359375,3.6328125,7639.654709,3781.903321,3684.513482,0.004563895248,0.9903897299
4.3359375,3.8671875,7639.654709,4780.773756,4650.450336,0.03775126346,0.9325729506
4.3359375,4.1015625,7639.654709,6043.464299,5728.851035,0.1663348265,0.7533786471
4.3359375,4.3359375,7639.654709,7639.654709,6701.005577,0.4436630903,0.4436630918
4.3359375,4.5703125,7639.654709,9657.428452,7267.070017,0.7533786196,0.1663348128
4.3359375,4.8046875,7639.654709,12208.13346,7488.281586,0.9325728953,0.03775129992
4.3359375,5.0390625,7639.654709,15432.52672,7539.952805,0.9903896798,0.004563926035
4.3359375,5.2734375,7639.654709,19508.54173,7546.153296,1.000098698,9.291153121e-05
4.3359375,5.5078125,7639.654709,24661.10749,7546.143607,1.000454158,-4.112081928e-05
4.3359375,5.7421875,7639.654709,31174.56092,7546.068368,1.000309672,-8.52721224e-06
4.3359375,5.9765625,7639.654709,39408.33756,7545.838301,1.000215452,-0.0002024473659
4.5703125,-5.9765625,9657.428452,0.2537534091,4.522044724e-07,-2.595851545e-11,7.428057588e-05
4.5703125,-5.7421875,9657.428452,0.3207743656,1.759820519e-06,-2.591474613e-10,4.476296835e-05
4.5703125,-5.5078125,9657.428452,0.4054967931,1.941445117e-06,-3.828860805e-10,8.592010291e-06
4.5703125,-5.2734375,9657.428452,0.5125959766,1.789424897e-06,-3.683103581e-10,-1.971992315e-05
4.5703125,-5.0390625,9657.428452,0.6479820303,4.72131633e-07,-2.045771882e-10,-3.187852277e-05
4.5703125,-4.8046875,9657.428452,0.8191260383,-9.789154164e-07,6.940955579e-11,-2.623203861e-05
4.5703125,-4.5703125,9657.428452,1.035472336,-1.739410451e-06,3.402808739e-10,-1.311168434e-05
4.5703125,-4.3359375,9657.428452,1.308959682,-2.118942455e-06,4.777706939e-10,2.607267227e-06
4.5703125,-4.1015625,9657.428452,1.654680082,-1.133464296e-06,3.713145197e-10,1.205405825e-05
4.5703125,-3.8671875,9657.428452,2.091711616,1.768218659e-07,6.213304864e-11,1.121084591e-05
4.5703125,-3.6328125,9657.428452,2.644171242,5.784398771e-07,-2.696028295e-10,4.799422167e-06
4.5703125,-3.3984375,9657.428452,3.342545645,7.579093667e-07,-3.9102191e-10,-2.087775012e-06
4.5703125,-3.1640625,9657.428452,4.225373613,3.347163303e-07,-2.01943142e-10,-5.081578552e-06
4.5703125,-2.9296875,9657.428452,5.341372733,-5.132058035e-07,2.208525711e-10,-3.584322348e-06
4.5703125,-2.6953125,9657.428452,6.752127808,-1.749064626e-06,6.265032729e-10,-1.242294918e-06
4.5703125,-2.4609375,9657.428452,8.535489323,-1.431382589e-06,6.224247052e-10,1.90598753e-06
4.5703125,-2.2265625,9657.428452,10.78986951,-1.03262418e-06,-8.200986955e-13,2.370374715e-06
4.5703125,-1.9921875,9657.428452,13.6396731,-1.202525042e-06,-8.303522241e-10,3.057055058e-07
4.5703125,-1.7578125,9657.428452,17.24216239,-2.025383189e-06,-1.095735063e-09,-1.682747564e-06
4.5703125,-1.5234375,9657.428452,21.79613556,-3.822591645e-06,-4.13243842e-10,-1.486514436e-06
4.5703125,-1.2890625,9657.428452,27.55289705,-3.664687035e-06,6.87721795e-10,1.788286856e-07
4.5703125,-1.0546875,9657.428452,34.83012544,-7.567608634e-06,1.139126162e-09,-2.121302131e-06
4.5703125,-0.8203125,9657.428452,44.02940411,-5.983794862e-05,3.582026875e-10,1.096914584e-05
4.5703125,-0.5859375,9657.428452,55.65838198,0.01812982812,-7.886691389e-10,0.005474706857
4.5703125,-0.3515625,9657.428452,70.35878743,0.5021199218,-9.668837301e-10,0.08267519928
4.5703125,-0.1171875,9657.428452,88.94184116,4.686015032,1.721740069e-10,0.4070635422
4.5703125,0.1171875,9657.428452,112.4330222,19.67250617,1.299793679e-09,0.8256545626
4.5703125,0.3515625,9657.428452,142.1286575,47.24083292,4.38485129e-10,0.9819097989
4.5703125,0.5859375,9657.428452,179.6674579,84.58499038,-1.172209707e-09,0.9997275744
4.5703125,0.8203125,9657.428452,227.120948,132.0423126,-1.108829625e-09,1.000293022
4.5703125,1.0546875,9657.428452,287.1077802,192.0409676,2.404465846e-10,1.000291585
4.5703125,1.2890625,9657.428452,362.9382414,267.8863171,-7.264380049e-10,1.000291478
4.5703125,1.5234375,9657.428452,458.7969264,363.7638246,-3.73972572e-09,1.000291147
4.5703125,1.7578125,9657.428452,579.9736584,484.9643609,-3.967732984e-09,1.000291183
4.5703125,1.9921875,9657.428452,733.1554008,638.1761795,-1.202065941e-09,1.000291387
4.5703125,2.2265625,9657.428452,926.7952672,831.8540488,-2.809214406e-09,1.000291239
4.5703125,2.4609375,9657.428452,1171.578995,1076.685827,-1.212457803e-08,1.000291099
4.5703125,2.6953125,9657.428452,1481.01462,1386.18217,3.523326246e-08,1.000290922
4.5703125,2.9296875,9657.428452,1872.177903,1777.421868,3.917483078e-07,1.000288945
4.5703125,3.1640625,9657.428452,2366.654624,2271.997176,-3.378836616e-06,1.00030501
4.5703125,3.3984375,9657.428452,2991.73177,2897.236214,-4.531678334e-05,1.00045297
4.5703125,3.6328125,9657.428452,3781.903321,3687.582742,9.262420957e-05,1.000098732
4.5703125,3.8671875,9657.428452,4780.773756,4682.785225,0.004563883366,0.9903897156
4.5703125,4.1015625,9657.428452,6043.464299,5903.84377,0.03775123704,0.9325729081
4.5703125,4.3359375,9657.428452,7639.654709,7267.070014,0.1663348058,0.7533786202
4.5703125,4.5703125,9657.428452,9657.428452,8495.988356,0.4436630726,0.443663081
4.5703125,4.8046875,9657.428452,12208.13346,9211.560909,0.7533785902,0.1663348729
4.5703125,5.0390625,9657.428452,15432.52672,9491.198747,0.9325728758,0.03775129535
4.5703125,5.2734375,9657.428452,19508.54173,9556.517484,0.9903896789,0.004564248871
4.5703125,5.5078125,9657.428452,24661.10749,9564.366537,1.000100158,9.801951471e-05
4.5703125,5.7421875,9657.428452,31174.56092,9564.374808,1.00045941,-5.134857619e-05
4.5703125,5.9765625,9657.428452,39408.33756,9563.962436,1.000224226,-0.0002614313876
4.8046875,-5.9765625,12208.13346,0.2537534091,3.633559122e-07,-2.296593818e-11,6.467078161e-05
4.8046875,-5.7421875,12208.13346,0.3207743656,1.516352643e-06,-2.503723752e-10,3.879339698e-05
4.8046875,-5.5078125,12208.13346,0.4054967931,1.733486141e-06,-3.687225428e-10,7.137908047e-06
4.8046875,-5.2734375,12208.13346,0.5125959766,1.556910786e-06,-3.503803573e-10,-1.753743076e-05
4.8046875,-5.0390625,12208.13346,0.6479820303,3.613291719e-07,-1.804475119e-10,-2.78575749e-05
4.8046875,-4.8046875,12208.13346,0.8191260383,-8.713770473e-07,7.471601458e-11,-2.266000425e-05
4.8046875,-4.5703125,12208.13346,1.035472336,-1.55758102e-06,3.093285715e-10,-1.10176761e-05
4.8046875,-4.3359375,12208.13346,1.308959682,-1.858668205e-06,4.00145962e-10,2.601941762e-06
4.8046875,-4.1015625,12208.13346,1.654680082,-9.480141701e-07,2.829554929e-10,1.056067258e-05
4.8046875,-3.8671875,12208.13346,2.091711616,1.546485487e-07,1.301999938e-11,9.620538261e-06
4.8046875,-3.6328125,12208.13346,2.644171242,5.145498324e-07,-2.27222603e-10,3.987723967e-06
4.8046875,-3.3984375,12208.13346,3.342545645,6.487284673e-07,-2.568178111e-10,-1.841507634e-06
4.8046875,-3.1640625,12208.13346,4.225373613,1.908566283e-07,-5.048515339e-11,-4.177341456e-06
4.8046875,-2.9296875,12208.13346,5.341372733,-4.548508748e-07,2.616548045e-10,-2.836520192e-06
4.8046875,-2.6953125,12208.13346,6.752127808,-1.37819103e-06,5.000526966e-10,-9.413512887e-07
4.8046875,-2.4609375,12208.13346,8.535489323,-1.265499007e-06,3.847109971e-10,1.457960331e-06
4.8046875,-2.2265625,12208.13346,10.78986951,-1.111777942e-06,-1.679682702e-10,1.626436998e-06
4.8046875,-1.9921875,12208.13346,13.6396731,-1.410022201e-06,-7.521712597e-10,-1.072755572e-07
4.8046875,-1.7578125,12208.13346,17.24216239,-2.304735584e-06,-8.037239693e-10,-1.49144336e-06
4.8046875,-1.5234375,12208.13346,21.79613556,-3.550149039e-06,-1.787526958e-10,-1.005453835e-06
4.8046875,-1.2890625,12208.13346,27.55289705,-3.166041168e-06,6.243090115e-10,4.811856419e-07
4.8046875,-1.0546875,12208.13346,34.83012544,-7.070971778e-06,8.364865993e-10,-2.190018245e-06
4.8046875,-0.8203125,12208.13346,44.02940411,-5.943334152e-05,2.761364636e-10,1.072309649e-05
4.8046875,-0.5859375,12208.13346,55.65838198,0.01812987334,-3.637489558e-10,0.005474581298
4.8046875,-0.3515625,12208.13346,70.35878743,0.5021199964,-2.825454156e-10,0.08267527204
4.8046875,-0.1171875,12208.13346,88.94184116,4.686014258,1.5647934e-10,0.4070636015
4.8046875,0.1171875,12208.13346,112.4330222,19.67250588,3.323069851e-10,0.8256545761
4.8046875,0.3515625,12208.13346,142.1286575,47.24083242,-3.251722416e-10,0.9819097094
4.8046875,0.5859375,12208.13346,179.6674579,84.58499025,-6.304410721e-10,0.9997275583
4.8046875,0.8203125,12208.13346,227.120948,132.0423119,5.40805985e-10,1.000293088
4.8046875,1.0546875,12208.13346,287.1077802,192.0409657,1.671417711e-09,1.000291599
4.8046875,1.2890625,12208.13346,362.9382414,267.8863144,8.829563532e-10,1.000291411
4.8046875,1.5234375,12208.13346,458.7969264,363.7638219,-4.87798387e-10,1.000291111
4.8046875,1.7578125,12208.13346,579.9736584,484.964358,5.468460686e-10,1.000291223
4.8046875,1.9921875,12208.13346,733.1554008,638.176173,2.784647379e-09,1.000291408
4.8046875,2.2265625,12208.13346,926.7952672,831.8540425,1.707421966e-09,1.000291183
4.8046875,2.4609375,12208.13346,1171.578995,1076.685821,-6.553949237e-10,1.000291048
4.8046875,2.6953125,12208.13346,1481.01462,1386.182175,-8.771944065e-10,1.000291267
4.8046875,2.9296875,12208.13346,1872.177903,1777.422177,4.624481177e-08,1.000290971
4.8046875,3.1640625,12208.13346,2366.654624,2271.995552,3.993939061e-07,1.000288864
4.8046875,3.3984375,12208.13346,2991.73177,2897.197356,-3.358617609e-06,1.000305089
4.8046875,3.6328125,12208.13346,3781.903321,3687.573512,-4.528824293e-05,1.000452985
4.8046875,3.8671875,12208.13346,4780.773756,4686.665173,9.264349913e-05,1.000098687
4.8046875,4.1015625,12208.13346,6043.464299,5944.718934,0.004563917852,0.9903896946
4.8046875,4.3359375,12208.13346,7639.654709,7488.281563,0.0377512872,0.9325728913
4.8046875,4.5703125,12208.13346,9657.428452,9211.560891,0.1663348582,0.7533785967
4.8046875,4.8046875,12208.13346,12208.13346,10765.05936,0.4436631482,0.4436631642
4.8046875,5.0390625,12208.13346,15432.52672,11669.62805,0.7533786989,0.1663348719
4.8046875,5.2734375,12208.13346,19508.54173,12023.12391,0.932573342,0.03775188914
4.8046875,5.5078125,12208.13346,24661.10749,12105.71031,0.9903931514,0.004571470621
4.8046875,5.7421875,12208.13346,31174.56092,12115.65201,1.000094346,8.111902408e-05
4.8046875,5.9765625,12208.13346,39408.33756,12115.15321,1.000258506,-0.000400774969
5.0390625,-5.9765625,15432.52672,0.2537534091,3.164769757e-07,-2.190132465e-11,5.329450706e-05
5.0390625,-5.7421875,15432.52672,0.3207743656,1.269540076e-06,-2.292194325e-10,3.186411763e-05
5.0390625,-5.5078125,15432.52672,0.4054967931,1.425322227e-06,-3.358944551e-10,5.57981298e-06
5.0390625,-5.2734375,15432.52672,0.5125959766,1.229304083e-06,-3.086760145e-10,-1.46821861e-05
5.0390625,-5.0390625,15432.52672,0.6479820303,2.596135767e-07,-1.496799622e-10,-2.312885932e-05
5.0390625,-4.8046875,15432.52672,0.8191260383,-7.516954663e-07,8.005442349e-11,-1.868079342e-05
5.0390625,-4.5703125,15432.52672,1.035472336,-1.313024046e-06,2.783718939e-10,-8.956467762e-06
5.0390625,-4.3359375,15432.52672,1.308959682,-1.504204374e-06,3.418297125e-10,2.328148868e-06
5.0390625,-4.1015625,15432.52672,1.654680082,-7.644699885e-07,2.231291652e-10,8.842198651e-06
5.0390625,-3.8671875,15432.52672,2.091711616,1.399622922e-07,-8.801598651e-12,7.993424702e-06
5.0390625,-3.6328125,15432.52672,2.644171242,4.508526599e-07,-1.983479593e-10,3.352388879e-06
5.0390625,-3.3984375,15432.52672,3.342545645,5.725658394e-07,-1.961537148e-10,-1.357737109e-06
5.0390625,-3.1640625,15432.52672,4.225373613,1.610133814e-07,-8.488726699e-12,-3.269753986e-06
5.0390625,-2.9296875,15432.52672,5.341372733,-3.276034576e-07,2.122869899e-10,-2.257364103e-06
5.0390625,-2.6953125,15432.52672,6.752127808,-1.0806664e-06,3.445507154e-10,-7.989039059e-07
5.0390625,-2.4609375,15432.52672,8.535489323,-1.121375075e-06,2.165306549e-10,9.296587548e-07
5.0390625,-2.2265625,15432.52672,10.78986951,-1.237835107e-06,-1.776971272e-10,9.50861938e-07
5.0390625,-1.9921875,15432.52672,13.6396731,-1.717021598e-06,-5.09832122e-10,-3.739548204e-07
5.0390625,-1.7578125,15432.52672,17.24216239,-2.450657396e-06,-4.457557221e-10,-1.228529885e-06
5.0390625,-1.5234375,15432.52672,21.79613556,-3.279467653e-06,3.247493527e-12,-5.732477291e-07
5.0390625,-1.2890625,15432.52672,27.55289705,-2.631611916e-06,4.189089966e-10,6.799314804e-07
5.0390625,-1.0546875,15432.52672,34.83012544,-6.565697141e-06,4.098835388e-10,-2.286374145e-06
5.0390625,-0.8203125,15432.52672,44.02940411,-5.914324223e-05,9.464210973e-13,1.053638401e-05
5.0390625,-0.5859375,15432.52672,55.65838198,0.0181305109,-1.180780225e-10,0.005474572095
5.0390625,-0.3515625,15432.52672,70.35878743,0.5021202346,3.535916799e-10,0.08267536731
5.0390625,-0.1171875,15432.52672,88.94184116,4.68601189,4.198623014e-10,0.4070636827
5.0390625,0.1171875,15432.52672,112.4330222,19.67250445,-2.616539019e-11,0.8256544974
5.0390625,0.3515625,15432.52672,142.1286575,47.24083256,-6.194632797e-10,0.981909645
5.0390625,0.5859375,15432.52672,179.6674579,84.58499174,-6.382826181e-10,0.9997276086
5.0390625,0.8203125,15432.52672,227.120948,132.0423131,4.72262367e-10,1.000293174
5.0390625,1.0546875,15432.52672,287.1077802,192.0409669,9.391356944e-10,1.000291594
5.0390625,1.2890625,15432.52672,362.9382414,267.8863158,-1.419886384e-10,1.000291354
5.0390625,1.5234375,15432.52672,458.7969264,363.7638254,-9.72551173e-10,1.000291107
5.0390625,1.7578125,15432.52672,579.9736584,484.9643603,-7.218289701e-11,1.000291268
5.0390625,1.9921875,15432.52672,733.1554008,638.1761742,9.381058378e-11,1.000291403
5.0390625,2.2265625,15432.52672,926.7952672,831.8540485,-1.907511858e-09,1.000291153
5.0390625,2.4609375,15432.52672,1171.578995,1076.685827,-1.445359167e-10,1.000291077
5.0390625,2.6953125,15432.52672,1481.01462,1386.182177,3.975403347e-09,1.000291283
5.0390625,2.9296875,15432.52672,1872.177903,1777.422223,-7.459000035e-10,1.00029128
5.0390625,3.1640625,15432.52672,2366.654624,2271.996017,4.404728126e-08,1.000290894
5.0390625,3.3984375,15432.52672,2991.73177,2897.195341,4.031647364e-07,1.000288988
5.0390625,3.6328125,15432.52672,3781.903321,3687.524431,-3.365605613e-06,1.000305059
5.0390625,3.8671875,15432.52672,4780.773756,4686.65359,-4.530464654e-05,1.000452954
5.0390625,4.1015625,15432.52672,6043.464299,5949.623686,9.263745181e-05,1.000098701
5.0390625,4.3359375,15432.52672,7639.654709,7539.952708,0.004563899838,0.9903896671
5.0390625,4.5703125,15432.52672,9657.428452,9491.198632,0.03775126405,0.9325728786
5.0390625,4.8046875,15432.52672,12208.13346,11669.62793,0.1663348328,0.7533787092
5.0390625,5.0390625,15432.52672,15432.52672,13633.43461,0.4436634139,0.4436634562
5.0390625,5.2734375,15432.52672,19508.54173,14776.91969,0.7533806889,0.1663368372
5.0390625,5.5078125,15432.52672,24661.10749,15223.78794,0.932561643,0.03775241991
5.0390625,5.7421875,15432.52672,31174.56092,15328.05262,0.9902586572,0.004497308187
5.0390625,5.9765625,15432.52672,39408.33756,15339.83502,0.9999438302,-0.00033867886
5.2734375,-5.9765625,19508.54173,0.2537534091,2.58525286e-07,-1.863932805e-11,4.078777767e-05
5.2734375,-5.7421875,19508.54173,0.3207743656,9.712118583e-07,-1.932232879e-10,2.419242456e-05
5.2734375,-5.5078125,19508.54173,0.4054967931,1.031011661e-06,-2.781787266e-10,4.219806048e-06
5.2734375,-5.2734375,19508.54173,0.5125959766,8.931181828e-07,-2.515799684e-10,-1.13751679e-05
5.2734375,-5.0390625,19508.54173,0.6479820303,1.723891582e-07,-1.144358819e-10,-1.786033791e-05
5.2734375,-4.8046875,19508.54173,0.8191260383,-6.018349355e-07,8.001035021e-11,-1.442440869e-05
5.2734375,-4.5703125,19508.54173,1.035472336,-9.837138759e-07,2.430448767e-10,-6.870999351e-06
5.2734375,-4.3359375,19508.54173,1.308959682,-1.136627382e-06,2.89725913e-10,1.867309129e-06
5.2734375,-4.1015625,19508.54173,1.654680082,-5.787640225e-07,1.843214786e-10,6.920598824e-06
5.2734375,-3.8671875,19508.54173,2.091711616,1.281204186e-07,-1.408069394e-11,6.279842055e-06
5.2734375,-3.6328125,19508.54173,2.644171242,3.498906865e-07,-1.722124872e-10,2.743893924e-06
5.2734375,-3.3984375,19508.54173,3.342545645,4.63013759e-07,-1.802245104e-10,-8.623314837e-07
5.2734375,-3.1640625,19508.54173,4.225373613,2.8786122e-07,-4.839836591e-11,-2.424931167e-06
5.2734375,-2.9296875,19508.54173,5.341372733,-1.05966627e-07,1.161127142e-10,-1.762900624e-06
5.2734375,-2.6953125,19508.54173,6.752127808,-8.30782422e-07,2.088270797e-10,-7.375354786e-07
5.2734375,-2.4609375,19508.54173,8.535489323,-1.007848019e-06,1.253382389e-10,4.536372855e-07
5.2734375,-2.2265625,19508.54173,10.78986951,-1.335093613e-06,-1.021392387e-10,4.442050667e-07
5.2734375,-1.9921875,19508.54173,13.6396731,-1.831183673e-06,-2.464924189e-10,-4.830802739e-07
5.2734375,-1.7578125,19508.54173,17.24216239,-2.475324564e-06,-1.318916283e-10,-9.449798082e-07
5.2734375,-1.5234375,19508.54173,21.79613556,-3.027453261e-06,1.363602873e-10,-2.758680835e-07
5.2734375,-1.2890625,19508.54173,27.55289705,-2.289843133e-06,2.448848706e-10,7.26684681e-07
5.2734375,-1.0546875,19508.54173,34.83012544,-6.431784756e-06,-1.274612343e-12,-2.459989312e-06
5.2734375,-0.8203125,19508.54173,44.02940411,-5.944672008e-05,-5.566927462e-10,1.039900658e-05
5.2734375,-0.5859375,19508.54173,55.65838198,0.01813269667,1.72232783e-09,0.005475099759
5.2734375,-0.3515625,19508.54173,70.35878743,0.5021244492,2.563376707e-09,0.08267512062
5.2734375,-0.1171875,19508.54173,88.94184116,4.686009942,-3.435770145e-09,0.4070633651
5.2734375,0.1171875,19508.54173,112.4330222,19.67250397,-1.208381369e-09,0.8256547896
5.2734375,0.3515625,19508.54173,142.1286575,47.24084095,6.300391763e-09,0.9819097538
5.2734375,0.5859375,19508.54173,179.6674579,84.58500069,7.510834355e-09,0.9997276232
5.2734375,0.8203125,19508.54173,227.120948,132.0423224,8.983701859e-09,1.000293284
5.2734375,1.0546875,19508.54173,287.1077802,192.0409783,1.136785343e-08,1.000291592
5.2734375,1.2890625,19508.54173,362.9382414,267.8863303,1.325178461e-08,1.000291332
5.2734375,1.5234375,19508.54173,458.7969264,363.7638441,1.669411863e-08,1.000291155
5.2734375,1.7578125,19508.54173,579.9736584,484.9643805,2.186596633e-08,1.000291322
5.2734375,1.9921875,19508.54173,733.1554008,638.1762006,2.675018936e-08,1.000291397
5.2734375,2.2265625,19508.54173,926.7952672,831.8540838,3.322083595e-08,1.000291184
5.2734375,2.4609375,19508.54173,1171.578995,1076.685875,4.405541978e-08,1.000291164
5.2734375,2.6953125,19508.54173,1481.01462,1386.182244,5.796864158e-08,1.000291314
5.2734375,2.9296875,19508.54173,1872.177903,1777.422315,7.218864409e-08,1.000291248
5.2734375,3.1640625,19508.54173,2366.654624,2271.996159,8.796104431e-08,1.00029127
5.2734375,3.3984375,19508.54173,2991.73177,2897.196005,1.578091934e-07,1.000291057
5.2734375,3.6328125,19508.54173,3781.903321,3687.522017,5.390250737e-07,1.000288932
5.2734375,3.8671875,19508.54173,4780.773756,4686.59169,-3.188198728e-06,1.000305096
5.2734375,4.1015625,19508.54173,6043.464299,5949.609196,-4.507574418e-05,1.000452988
5.2734375,4.3359375,19508.54173,7639.654709,7546.15318,9.291584547e-05,1.000098686
5.2734375,4.5703125,19508.54173,9657.428452,9556.517328,0.004564254217,0.9903896815
5.2734375,4.8046875,19508.54173,12208.13346,12023.12376,0.03775189367,0.9325733516
5.2734375,5.0390625,19508.54173,15432.52672,14776.91966,0.1663368488,0.7533807407
5.2734375,5.2734375,19508.54173,19508.54173,17259.39169,0.4436514759,0.4436514644
5.2734375,5.5078125,19508.54173,24661.10749,18704.68605,0.7532403532,0.1662452451
5.2734375,5.7421875,19508.54173,31174.56092,19269.48236,0.9326920531,0.03781817989
5.2734375,5.9765625,19508.54173,39408.33756,19409.84391,0.9965357546,0.006462211723
5.5078125,-5.9765625,24661.10749,0.2537534091,1.548503626e-07,-1.360461143e-11,2.769253271e-05
5.5078125,-5.7421875,24661.10749,0.3207743656,6.314763522e-07,-1.517871986e-10,1.644518653e-05
5.5078125,-5.5078125,24661.10749,0.4054967931,6.810477736e-07,-2.180101515e-10,2.886155273e-06
5.5078125,-5.2734375,24661.10749,0.5125959766,6.138406778e-07,-1.958976691e-10,-7.799535024e-06
5.5078125,-5.0390625,24661.10749,0.6479820303,1.071005595e-07,-8.390644577e-11,-1.224159234e-05
5.5078125,-4.8046875,24661.10749,0.8191260383,-4.024957887e-07,7.380348507e-11,-9.913780319e-06
5.5078125,-4.5703125,24661.10749,1.035472336,-6.654223334e-07,2.064725863e-10,-4.739229805e-06
5.5078125,-4.3359375,24661.10749,1.308959682,-7.889250948e-07,2.431666781e-10,1.315200399e-06
5.5078125,-4.1015625,24661.10749,1.654680082,-3.87511974e-07,1.54270117e-10,4.812883632e-06
5.5078125,-3.8671875,24661.10749,2.091711616,1.000735275e-07,-1.278308666e-11,4.424087496e-06
5.5078125,-3.6328125,24661.10749,2.644171242,2.47727977e-07,-1.528139828e-10,2.01132993e-06
5.5078125,-3.3984375,24661.10749,3.342545645,3.428244271e-07,-1.764613897e-10,-4.822296585e-07
5.5078125,-3.1640625,24661.10749,4.225373613,2.667208977e-07,-8.957268867e-11,-1.636347801e-06
5.5078125,-2.9296875,24661.10749,5.341372733,-7.12011475e-09,3.557273281e-11,-1.265552818e-06
5.5078125,-2.6953125,24661.10749,6.752127808,-6.334061583e-07,1.161812831e-10,-6.44727972e-07
5.5078125,-2.4609375,24661.10749,8.535489323,-8.934478554e-07,8.940210447e-11,1.249690956e-07
5.5078125,-2.2265625,24661.10749,10.78986951,-1.270642511e-06,-1.762934056e-11,1.278952952e-07
5.5078125,-1.9921875,24661.10749,13.6396731,-1.73122336e-06,-4.994058103e-11,-4.511988601e-07
5.5078125,-1.7578125,24661.10749,17.24216239,-2.375623786e-06,8.121888515e-11,-6.687859913e-07
5.5078125,-1.5234375,24661.10749,21.79613556,-2.758593415e-06,2.32868211e-10,-1.257848607e-07
5.5078125,-1.2890625,24661.10749,27.55289705,-2.213321352e-06,1.620572721e-10,6.041367769e-07
5.5078125,-1.0546875,24661.10749,34.83012544,-7.087122081e-06,-3.946064675e-10,-2.926905463e-06
5.5078125,-0.8203125,24661.10749,44.02940411,-5.736326721e-05,1.33453522e-09,1.194548883e-05
5.5078125,-0.5859375,24661.10749,55.65838198,0.0181782139,2.34874969e-08,0.005480106772
5.5078125,-0.3515625,24661.10749,70.35878743,0.5021258129,-1.317848295e-08,0.08266445517
5.5078125,-0.1171875,24661.10749,88.94184116,4.685854799,-8.509686989e-08,0.4070618136
5.5078125,0.1171875,24661.10749,112.4330222,19.67244165,-4.194837048e-08,0.8256627389
5.5078125,0.3515625,24661.10749,142.1286575,47.24099769,6.523630977e-08,0.9819154909
5.5078125,0.5859375,24661.10749,179.6674579,84.58523535,1.107117728e-07,0.9997278873
5.5078125,0.8203125,24661.10749,227.120948,132.0425889,1.258127622e-07,1.000294444
5.5078125,1.0546875,24661.10749,287.1077802,192.0413141,1.5788994e-07,1.000292756
5.5078125,1.2890625,24661.10749,362.9382414,267.886755,1.98754855e-07,1.00029251
5.5078125,1.5234375,24661.10749,458.7969264,363.7643781,2.515389581e-07,1.000292402
5.5078125,1.7578125,24661.10749,579.9736584,484.9650521,3.182668476e-07,1.000292529
5.5078125,1.9921875,24661.10749,733.1554008,638.1770502,4.012172319e-07,1.000292568
5.5078125,2.2265625,24661.10749,926.7952672,831.8551616,5.068318226e-07,1.000292408
5.5078125,2.4609375,24661.10749,1171.578995,1076.687237,6.42660596e-07,1.000292421
5.5078125,2.6953125,24661.10749,1481.01462,1386.183973,8.133197302e-07,1.000292544
5.5078125,2.9296875,24661.10749,1872.177903,1777.424504,1.027492344e-06,1.000292454
5.5078125,3.1640625,24661.10749,2366.654624,2271.998918,1.299100501e-06,1.000292461
5.5078125,3.3984375,24661.10749,2991.73177,2897.19952,1.637228012e-06,1.000292565
5.5078125,3.6328125,24661.10749,3781.903321,3687.527106,2.114203139e-06,1.000292171
5.5078125,3.8671875,24661.10749,4780.773756,4686.593972,3.019543176e-06,1.00029019
5.5078125,4.1015625,24661.10749,6043.464299,5949.537731,-5.637511756e-08,1.000306276
5.5078125,4.3359375,24661.10749,7639.654709,7546.143448,-4.112266776e-05,1.000454148
5.5078125,4.5703125,24661.10749,9657.428452,9564.366348,9.80143261e-05,1.000100151
5.5078125,4.8046875,24661.10749,12208.13346,12105.71008,0.004571463054,0.9903931589
5.5078125,5.0390625,24661.10749,15432.52672,15223.7879,0.03775240713,0.9325616872
5.5078125,5.2734375,24661.10749,19508.54173,18704.68599,0.1662452301,0.7532403331
5.5078125,5.5078125,24661.10749,24661.10749,21842.82761,0.443873912,0.4438739246
5.5078125,5.7421875,24661.10749,31174.56092,23686.56261,0.7616503249,0.1721146096
5.5078125,5.9765625,24661.10749,39408.33756,24513.595,0.9827176641,0.06041038792
5.7421875,-5.9765625,31174.56092,0.2537534091,4.262643721e-08,-1.079447179e-11,1.460575952e-05
5.7421875,-5.7421875,31174.56092,0.3207743656,3.295046571e-07,-1.23610188e-10,8.622257345e-06
5.7421875,-5.5078125,31174.56092,0.4054967931,4.014331742e-07,-1.798023304e-10,1.547903793e-06
5.7421875,-5.2734375,31174.56092,0.5125959766,3.53366754e-07,-1.620136822e-10,-4.084736471e-06
5.7421875,-5.0390625,31174.56092,0.6479820303,8.222710239e-08,-6.975415474e-11,-6.430527336e-06
5.7421875,-4.8046875,31174.56092,0.8191260383,-1.902439441e-07,6.170920111e-11,-5.255990906e-06
5.7421875,-4.5703125,31174.56092,1.035472336,-3.803134442e-07,1.729383082e-10,-2.52293359e-06
5.7421875,-4.3359375,31174.56092,1.308959682,-4.427085245e-07,2.038136388e-10,6.923667707e-07
5.7421875,-4.1015625,31174.56092,1.654680082,-2.197427713e-07,1.269402466e-10,2.560839157e-06
5.7421875,-3.8671875,31174.56092,2.091711616,4.101804074e-08,-1.894685248e-11,2.381189856e-06
5.7421875,-3.6328125,31174.56092,2.644171242,1.633761263e-07,-1.47170058e-10,1.109648514e-06
5.7421875,-3.3984375,31174.56092,3.342545645,2.039639163e-07,-1.788241652e-10,-2.230408879e-07
5.7421875,-3.1640625,31174.56092,4.225373613,2.83306263e-08,-1.141932197e-10,-8.503839889e-07
5.7421875,-2.9296875,31174.56092,5.341372733,-1.416418451e-07,-8.419459826e-12,-7.248058519e-07
5.7421875,-2.6953125,31174.56092,6.752127808,-4.647896106e-07,8.37652221e-11,-4.328267586e-07
5.7421875,-2.4609375,31174.56092,8.535489323,-6.822293204e-07,1.076125156e-10,-1.840389714e-08
5.7421875,-2.2265625,31174.56092,10.78986951,-9.655108601e-07,8.044973367e-11,-1.226089153e-08
5.7421875,-1.9921875,31174.56092,13.6396731,-1.330023711e-06,1.143908738e-10,-3.022069652e-07
5.7421875,-1.7578125,31174.56092,17.24216239,-1.811789822e-06,2.576327641e-10,-3.854696033e-07
5.7421875,-1.5234375,31174.56092,21.79613556,-2.085723827e-06,3.723700139e-10,-6.860186724e-08
5.7421875,-1.2890625,31174.56092,27.55289705,-1.888934183e-06,2.417641874e-10,3.085071605e-07
5.7421875,-1.0546875,31174.56092,34.83012544,-7.516617334e-06,-2.031774788e-11,-3.160073365e-06
5.7421875,-0.8203125,31174.56092,44.02940411,-6.580295235e-06,1.585878854e-08,2.850884927e-05
5.7421875,-0.5859375,31174.56092,55.65838198,0.01841430797,5.611386825e-08,0.005475896066
5.7421875,-0.3515625,31174.56092,70.35878743,0.5008694353,-5.797027555e-07,0.08248932027
5.7421875,-0.1171875,31174.56092,88.94184116,4.682918491,-9.730444851e-07,0.4070852793
5.7421875,0.1171875,31174.56092,112.4330222,19.67035854,-8.025093806e-07,0.8256878005
5.7421875,0.3515625,31174.56092,142.1286575,47.2407361,-3.875133229e-07,0.9819817031
5.7421875,0.5859375,31174.56092,179.6674579,84.585953,-7.890058299e-08,0.9997290892
5.7421875,0.8203125,31174.56092,227.120948,132.0433357,-1.415537992e-07,1.000296457
5.7421875,1.0546875,31174.56092,287.1077802,192.0422326,-1.883357961e-07,1.00029589
5.7421875,1.2890625,31174.56092,362.9382414,267.8879119,-2.405910611e-07,1.000295696
5.7421875,1.5234375,31174.56092,458.7969264,363.765833,-3.05610745e-07,1.000295644
5.7421875,1.7578125,31174.56092,579.9736584,484.9668836,-3.880396786e-07,1.000295712
5.7421875,1.9921875,31174.56092,733.1554008,638.1793624,-4.93325133e-07,1.000295733
5.7421875,2.2265625,31174.56092,926.7952672,831.8580832,-6.253618537e-07,1.000295641
5.7421875,2.4609375,31174.56092,1171.578995,1076.690929,-7.907162544e-07,1.000295655
5.7421875,2.6953125,31174.56092,1481.01462,1386.188633,-1.00236256e-06,1.000295727
5.7421875,2.9296875,31174.56092,1872.177903,1777.430401,-1.269230689e-06,1.000295673
5.7421875,3.1640625,31174.56092,2366.654624,2272.006357,-1.604884555e-06,1.000295674
5.7421875,3.3984375,31174.56092,2991.73177,2897.208918,-2.032115131e-06,1.000295716
5.7421875,3.6328125,31174.56092,3781.903321,3687.539035,-2.574403282e-06,1.000295702
5.7421875,3.8671875,31174.56092,4780.773756,4686.609837,-3.207982862e-06,1.000295422
5.7421875,4.1015625,31174.56092,6043.464299,5949.55259,-3.719475504e-06,1.00029332
5.7421875,4.3359375,31174.56092,7639.654709,7546.068256,-8.522881241e-06,1.000309667
5.7421875,4.5703125,31174.56092,9657.428452,9564.374672,-5.134537267e-05,1.0004594
5.7421875,4.8046875,31174.56092,12208.13346,12115.65184,8.112147302e-05,1.000094358
5.7421875,5.0390625,31174.56092,15432.52672,15328.05262,0.004497299346,0.9902586705
5.7421875,5.2734375,31174.56092,19508.54173,19269.48231,0.03781817943,0.9326920484
5.7421875,5.5078125,31174.56092,24661.10749,23686.56272,0.1721145964,0.7616503317
5.7421875,5.7421875,31174.56092,31174.56092,27823.72901,0.4934641474,0.4934641514
5.7421875,5.9765625,31174.56092,39408.33756,30829.37646,0.9539998631,0.2814330598
5.9765625,-5.9765625,39408.33756,0.2537534091,-1.0055133e-08,-6.022624334e-12,9.511484217e-07
5.9765625,-5.7421875,39408.33756,0.3207743656,-3.715392168e-08,-7.826651122e-11,6.094138842e-07
5.9765625,-5.5078125,39408.33756,0.4054967931,-4.789087524e-08,-1.126225661e-10,1.329072054e-07
5.9765625,-5.2734375,39408.33756,0.5125959766,-5.513750212e-08,-1.01172424e-10,-2.90716849e-07
5.9765625,-5.0390625,39408.33756,0.6479820303,-3.905953238e-08,-4.090639786e-11,-4.737786265e-07
5.9765625,-4.8046875,39408.33756,0.8191260383,6.111158831e-09,4.534137633e-11,-4.010118754e-07
5.9765625,-4.5703125,39408.33756,1.035472336,1.643938588e-08,1.20016517e-10,-2.085279543e-07
5.9765625,-4.3359375,39408.33756,1.308959682,3.116188849e-08,1.412612463e-10,4.237614942e-08
5.9765625,-4.1015625,39408.33756,1.654680082,2.511809864e-08,9.017232795e-11,1.948448537e-07
5.9765625,-3.8671875,39408.33756,2.091711616,-1.871506477e-08,-9.740573671e-12,1.889490926e-07
5.9765625,-3.6328125,39408.33756,2.644171242,-2.779963091e-08,-9.793905254e-11,8.701015203e-08
5.9765625,-3.3984375,39408.33756,3.342545645,-4.486794747e-08,-1.192418806e-10,-1.319659434e-08
5.9765625,-3.1640625,39408.33756,4.225373613,5.379097783e-08,-7.00953073e-11,-9.088346002e-08
5.9765625,-2.9296875,39408.33756,5.341372733,6.760352314e-08,1.123378602e-11,-5.806568021e-08
5.9765625,-2.6953125,39408.33756,6.752127808,-7.293914539e-09,8.932325379e-11,-3.972835181e-08
5.9765625,-2.4609375,39408.33756,8.535489323,-4.41547421e-08,1.279590886e-10,-6.213217417e-09
5.9765625,-2.2265625,39408.33756,10.78986951,-1.264857717e-07,1.323377805e-10,-4.459269356e-09
5.9765625,-1.9921875,39408.33756,13.6396731,-1.261498281e-07,1.871269921e-10,-2.680490254e-08
5.9765625,-1.7578125,39408.33756,17.24216239,-1.220880438e-07,3.287198529e-10,-3.620031939e-08
5.9765625,-1.5234375,39408.33756,21.79613556,-1.718559717e-07,4.490657503e-10,-9.317984109e-09
5.9765625,-1.2890625,39408.33756,27.55289705,-2.402896628e-07,3.924716558e-10,2.02439289e-08
5.9765625,-1.0546875,39408.33756,34.83012544,-1.459634503e-07,1.458119434e-09,-1.355551616e-07
5.9765625,-0.8203125,39408.33756,44.02940411,0.0001926850141,3.93757511e-08,8.453623085e-05
5.9765625,-0.5859375,39408.33756,55.65838198,0.01813959204,-1.136898708e-07,0.005164883708
5.9765625,-0.3515625,39408.33756,70.35878743,0.488246042,-4.137541279e-06,0.08091202104
5.9765625,-0.1171875,39408.33756,88.94184116,4.690733298,-6.22306622e-06,0.4075292989
5.9765625,0.1171875,39408.33756,112.4330222,19.66913104,-6.251515215e-06,0.825242999
5.9765625,0.3515625,39408.33756,142.1286575,47.23043943,-5.513336638e-06,0.9823588565
5.9765625,0.5859375,39408.33756,179.6674579,84.58089307,-4.722519727e-06,0.9996731247
5.9765625,0.8203125,39408.33756,227.120948,132.0368155,-5.984307476e-06,1.000212063
5.9765625,1.0546875,39408.33756,287.1077802,192.0338672,-7.594462151e-06,1.000215891
5.9765625,1.2890625,39408.33756,362.9382414,267.8773014,-9.612050309e-06,1.000215873
5.9765625,1.5234375,39408.33756,458.7969264,363.7523858,-1.216129509e-05,1.000215868
5.9765625,1.7578125,39408.33756,579.9736584,484.9498491,-1.538404557e-05,1.000215874
5.9765625,1.9921875,39408.33756,733.1554008,638.1577976,-1.945892274e-05,1.000215876
5.9765625,2.2265625,39408.33756,926.7952672,831.8307919,-2.460912649e-05,1.000215869
5.9765625,2.4609375,39408.33756,1171.578995,1076.656397,-3.111843496e-05,1.000215867
5.9765625,2.6953125,39408.33756,1481.01462,1386.144958,-3.934877483e-05,1.000215879
5.9765625,2.9296875,39408.33756,1872.177903,1777.37516,-4.975337068e-05,1.000215873
5.9765625,3.1640625,39408.33756,2366.654624,2271.936478,-6.290374346e-05,1.00021587
5.9765625,3.3984375,39408.33756,2991.73177,2897.120559,-7.952999114e-05,1.000215876
5.9765625,3.6328125,39408.33756,3781.903321,3687.427293,-0.0001005466878,1.000215872
5.9765625,3.8671875,39408.33756,4780.773756,4686.468617,-0.0001271199145,1.000215881
5.9765625,4.1015625,39408.33756,6043.464299,5949.375118,-0.0001606378268,1.000215711
5.9765625,4.3359375,39408.33756,7639.654709,7545.838251,-0.0002024368182,1.000215451
5.9765625,4.5703125,39408.33756,9657.428452,9563.962368,-0.0002614183925,1.000224224
5.9765625,4.8046875,39408.33756,12208.13346,12115.15314,-0.000400759063,1.000258507
5.9765625,5.0390625,39408.33756,15432.52672,15339.83495,-0.0003386697631,0.99994383
5.9765625,5.2734375,39408.33756,19508.54173,19409.8439,0.006462226232,0.996535754
5.9765625,5.5078125,39408.33756,24661.10749,24513.59497,0.06041039908,0.982717664
5.9765625,5.7421875,39408.33756,31174.56092,30829.37642,0.2814330673,0.9539998647
5.9765625,5.9765625,39408.33756,39408.33756,38438.36181,0.8975809436,0.8975809437
