x1,x2,S1,S2,delta1,delta2
-2.953125,-2.953125,5.217639967,5.217639967,2.873270381e-07,2.885729247e-07
-2.953125,-2.859375,5.217639967,5.730456443,7.489061913e-07,1.697853065e-07
-2.953125,-2.765625,5.217639967,6.293675158,9.927213208e-07,7.791377336e-08
-2.953125,-2.671875,5.217639967,6.912249904,1.075644788e-06,2.03275898e-08
-2.953125,-2.578125,5.217639967,7.591621356,1.027918472e-06,-2.332816257e-08
-2.953125,-2.484375,5.217639967,8.337764926,8.62837409e-07,-5.605890045e-08
-2.953125,-2.390625,5.217639967,9.157243322,6.216862014e-07,-6.765500587e-08
-2.953125,-2.296875,5.217639967,10.05726427,3.166864766e-07,-8.461184498e-08
-2.953125,-2.203125,5.217639967,11.0457439,-7.685935e-09,-7.322848437e-08
-2.953125,-2.109375,5.217639967,12.13137638,-3.3856508e-07,-7.969345593e-08
-2.953125,-2.015625,5.217639967,13.32371041,-6.479741962e-07,-6.053321616e-08
-2.953125,-1.921875,5.217639967,14.63323316,-9.052233419e-07,-5.343768413e-08
-2.953125,-1.828125,5.217639967,16.07146254,-1.089442337e-06,-3.165177205e-08
-2.953125,-1.734375,5.217639967,17.65104849,-1.184462911e-06,-2.13870775e-08
-2.953125,-1.640625,5.217639967,19.38588426,-1.194898708e-06,-6.231730777e-09
-2.953125,-1.546875,5.217639967,21.29122862,-1.1203316e-06,1.400417325e-09
-2.953125,-1.453125,5.217639967,23.38384001,-9.726439509e-07,1.029786391e-08
-2.953125,-1.359375,5.217639967,25.68212401,-7.707230516e-07,1.223267336e-08
-2.953125,-1.265625,5.217639967,28.20629517,-5.321189307e-07,1.572187484e-08
-2.953125,-1.171875,5.217639967,30.97855485,-2.795314018e-07,1.330585487e-08
-2.953125,-1.078125,5.217639967,34.02328646,-4.559419876e-08,1.107396839e-08
-2.953125,-0.984375,5.217639967,37.36726994,1.607794335e-07,7.981639254e-09
-2.953125,-0.890625,5.217639967,41.03991731,3.206083204e-07,4.420513752e-09
-2.953125,-0.796875,5.217639967,45.07353134,4.33621938e-07,1.95073787e-09
-2.953125,-0.703125,5.217639967,49.50358969,4.840083877e-07,-1.979264404e-09
-2.953125,-0.609375,5.217639967,54.36905695,4.637955039e-07,-4.619158961e-09
-2.953125,-0.515625,5.217639967,59.71272734,4.005683288e-07,-4.640818738e-09
-2.953125,-0.421875,5.217639967,65.58160113,3.152316181e-07,-4.945618625e-09
-2.953125,-0.328125,5.217639967,72.027298,1.929480456e-07,-5.903843953e-09
-2.953125,-0.234375,5.217639967,79.10651109,8.073185767e-10,-8.117347527e-09
-2.953125,-0.140625,5.217639967,86.88150563,-1.579766938e-07,-2.385152973e-09
-2.953125,-0.046875,5.217639967,95.4206666,-3.377964155e-07,-7.130873418e-09
-2.953125,0.046875,5.217639967,104.7991002,-4.901144009e-07,-2.535843046e-10
-2.953125,0.140625,5.217639967,115.0992945,-6.237816826e-07,-4.373696939e-09
-2.953125,0.234375,5.217639967,126.4118448,-7.900001539e-07,-9.838851997e-10
-2.953125,0.328125,5.217639967,138.8362507,-8.728279133e-07,-2.489746432e-11
-2.953125,0.421875,5.217639967,152.4817911,-9.569193378e-07,-4.595114971e-10
-2.953125,0.515625,5.217639967,167.4684853,-1.053389677e-06,-4.262137856e-11
-2.953125,0.609375,5.217639967,183.9281489,-1.145101978e-06,-9.840085263e-12
-2.953125,0.703125,5.217639967,202.0055528,-1.237893043e-06,1.354309776e-10
-2.953125,0.796875,5.217639967,221.8596969,-1.33954352e-06,-1.442590669e-10
-2.953125,0.890625,5.217639967,243.6652083,-1.460279801e-06,-3.33987267e-10
-2.953125,0.984375,5.217639967,267.6138775,-1.593121016e-06,-4.398039393e-10
-2.953125,1.078125,5.217639967,293.916345,-1.724387413e-06,-3.894723712e-10
-2.953125,1.171875,5.217639967,322.8039542,-1.836638652e-06,-2.899711024e-10
-2.953125,1.265625,5.217639967,354.5307861,-1.919746581e-06,-1.938310488e-10
-2.953125,1.359375,5.217639967,389.3758942,-1.965238164e-06,-8.844678871e-11
-2.953125,1.453125,5.217639967,427.6457586,-1.95497277e-06,1.323938699e-10
-2.953125,1.546875,5.217639967,469.676982,-1.878531804e-06,2.689443446e-10
-2.953125,1.640625,5.217639967,515.83925,-1.725477635e-06,5.195399018e-10
-2.953125,1.734375,5.217639967,566.5385831,-1.511964596e-06,4.417094239e-10
-2.953125,1.828125,5.217639967,622.2209072,-1.258560506e-06,4.445455406e-10
-2.953125,1.921875,5.217639967,683.3759764,-9.665532856e-07,3.878304547e-10
-2.953125,2.015625,5.217639967,750.5416801,-6.461456577e-07,3.658035983e-10
-2.953125,2.109375,5.217639967,824.3087744,-2.903964225e-07,4.491723252e-10
-2.953125,2.203125,5.217639967,905.326078,5.593007293e-08,2.502310988e-10
-2.953125,2.296875,5.217639967,994.3061786,3.162209455e-07,1.415351169e-11
-2.953125,2.390625,5.217639967,1092.031701,4.672482141e-07,-1.651436498e-10
-2.953125,2.484375,5.217639967,1199.36219,5.377547034e-07,-1.665542943e-10
-2.953125,2.578125,5.217639967,1317.241671,5.47256921e-07,-2.032527748e-10
-2.953125,2.671875,5.217639967,1446.706953,5.238278709e-07,-7.762081085e-11
-2.953125,2.765625,5.217639967,1588.896749,5.280799885e-07,1.004517321e-10
-2.953125,2.859375,5.217639967,1745.061689,3.738007409e-07,-3.910071797e-10
-2.953125,2.953125,5.217639967,1916.575322,1.01560232e-07,-2.959183268e-10
-2.859375,-2.953125,5.730456443,5.217639967,1.710175888e-07,7.639480458e-07
-2.859375,-2.859375,5.730456443,5.730456443,4.703335549e-07,4.702281263e-07
-2.859375,-2.765625,5.730456443,6.293675158,6.921801234e-07,2.271702689e-07
-2.859375,-2.671875,5.730456443,6.912249904,8.072266969e-07,5.717465906e-08
-2.859375,-2.578125,5.730456443,7.591621356,8.300516697e-07,-6.912452473e-08
-2.859375,-2.484375,5.730456443,8.337764926,7.786185143e-07,-1.519832227e-07
-2.859375,-2.390625,5.730456443,9.157243322,6.436337991e-07,-2.04806791e-07
-2.859375,-2.296875,5.730456443,10.05726427,4.582427788e-07,-2.269188549e-07
-2.859375,-2.203125,5.730456443,11.0457439,2.239767244e-07,-2.225016483e-07
-2.859375,-2.109375,5.730456443,12.13137638,-3.264699428e-08,-2.096508131e-07
-2.859375,-2.015625,5.730456443,13.32371041,-2.837788512e-07,-1.738077114e-07
-2.859375,-1.921875,5.730456443,14.63323316,-5.204391044e-07,-1.354485101e-07
-2.859375,-1.828125,5.730456443,16.07146254,-7.10949629e-07,-8.41502997e-08
-2.859375,-1.734375,5.730456443,17.65104849,-8.47650888e-07,-4.357746515e-08
-2.859375,-1.640625,5.730456443,19.38588426,-9.103269202e-07,-4.03086634e-09
-2.859375,-1.546875,5.730456443,21.29122862,-9.056618501e-07,2.329155425e-08
-2.859375,-1.453125,5.730456443,23.38384001,-8.431072224e-07,4.34546496e-08
-2.859375,-1.359375,5.730456443,25.68212401,-7.28983461e-07,5.394033012e-08
-2.859375,-1.265625,5.730456443,28.20629517,-5.716775642e-07,5.947412188e-08
-2.859375,-1.171875,5.730456443,30.97855485,-3.957024448e-07,5.406461795e-08
-2.859375,-1.078125,5.730456443,34.02328646,-2.160367895e-07,4.511579277e-08
-2.859375,-0.984375,5.730456443,37.36726994,-6.248038046e-08,3.364883676e-08
-2.859375,-0.890625,5.730456443,41.03991731,6.980327644e-08,2.357541402e-08
-2.859375,-0.796875,5.730456443,45.07353134,1.63171516e-07,1.228743516e-08
-2.859375,-0.703125,5.730456443,49.50358969,2.093323171e-07,1.232336938e-09
-2.859375,-0.609375,5.730456443,54.36905695,2.107761245e-07,-8.35656186e-09
-2.859375,-0.515625,5.730456443,59.71272734,1.678030145e-07,-1.073316077e-08
-2.859375,-0.421875,5.730456443,65.58160113,9.352335369e-08,-1.327592531e-08
-2.859375,-0.328125,5.730456443,72.027298,-9.322459162e-09,-1.663819514e-08
-2.859375,-0.234375,5.730456443,79.10651109,-1.280258854e-07,-2.142605113e-08
-2.859375,-0.140625,5.730456443,86.88150563,-2.537884314e-07,-1.045299244e-08
-2.859375,-0.046875,5.730456443,95.4206666,-3.906098689e-07,-2.046346978e-08
-2.859375,0.046875,5.730456443,104.7991002,-5.044655331e-07,-4.784639569e-09
-2.859375,0.140625,5.730456443,115.0992945,-5.936633299e-07,-1.393936203e-08
-2.859375,0.234375,5.730456443,126.4118448,-6.727795164e-07,-5.743856743e-09
-2.859375,0.328125,5.730456443,138.8362507,-6.998486271e-07,-3.071116538e-09
-2.859375,0.421875,5.730456443,152.4817911,-7.327550276e-07,-4.789245636e-09
-2.859375,0.515625,5.730456443,167.4684853,-7.53510223e-07,-2.62615234e-09
-2.859375,0.609375,5.730456443,183.9281489,-7.421376814e-07,-2.567199225e-09
-2.859375,0.703125,5.730456443,202.0055528,-7.524742811e-07,-2.66193901e-09
-2.859375,0.796875,5.730456443,221.8596969,-7.772022579e-07,-2.839675672e-09
-2.859375,0.890625,5.730456443,243.6652083,-7.95738041e-07,-2.853277087e-09
-2.859375,0.984375,5.730456443,267.6138775,-8.277543731e-07,-3.081845503e-09
-2.859375,1.078125,5.730456443,293.916345,-8.704900472e-07,-2.457443935e-09
-2.859375,1.171875,5.730456443,322.8039542,-9.080816224e-07,-1.864941903e-09
-2.859375,1.265625,5.730456443,354.5307861,-9.356414043e-07,-1.080720933e-09
-2.859375,1.359375,5.730456443,389.3758942,-9.46178331e-07,-4.158673139e-10
-2.859375,1.453125,5.730456443,427.6457586,-9.348677287e-07,6.380516432e-10
-2.859375,1.546875,5.730456443,469.676982,-8.858371695e-07,1.480893377e-09
-2.859375,1.640625,5.730456443,515.83925,-7.96197927e-07,2.439161506e-09
-2.859375,1.734375,5.730456443,566.5385831,-6.705922753e-07,2.623391342e-09
-2.859375,1.828125,5.730456443,622.2209072,-5.340237327e-07,2.659477153e-09
-2.859375,1.921875,5.730456443,683.3759764,-3.910685794e-07,2.688377719e-09
-2.859375,2.015625,5.730456443,750.5416801,-2.230077058e-07,2.72616372e-09
-2.859375,2.109375,5.730456443,824.3087744,-3.95991711e-08,2.802148643e-09
-2.859375,2.203125,5.730456443,905.326078,1.300479059e-07,2.132979705e-09
-2.859375,2.296875,5.730456443,994.3061786,2.454029258e-07,1.191678531e-09
-2.859375,2.390625,5.730456443,1092.031701,2.638638171e-07,2.919944143e-10
-2.859375,2.484375,5.730456443,1199.36219,2.31664474e-07,7.841399125e-11
-2.859375,2.578125,5.730456443,1317.241671,1.529353004e-07,-4.654689428e-10
-2.859375,2.671875,5.730456443,1446.706953,4.410822064e-08,-3.47284354e-10
-2.859375,2.765625,5.730456443,1588.896749,5.606966602e-08,1.305069235e-10
-2.859375,2.859375,5.730456443,1745.061689,4.166055593e-08,-1.142750113e-09
-2.859375,2.953125,5.730456443,1916.575322,-2.385930472e-08,-6.154791945e-10
-2.765625,-2.953125,6.293675158,5.217639967,8.569098407e-08,1.029558919e-06
-2.765625,-2.859375,6.293675158,5.730456443,2.314500416e-07,6.912433788e-07
-2.765625,-2.765625,6.293675158,6.293675158,3.731737914e-07,3.658094701e-07
-2.765625,-2.671875,6.293675158,6.912249904,4.792996413e-07,1.273328107e-07
-2.765625,-2.578125,6.293675158,7.591621356,5.35721008e-07,-6.656728339e-08
-2.765625,-2.484375,6.293675158,8.337764926,5.287120097e-07,-1.949839739e-07
-2.765625,-2.390625,6.293675158,9.157243322,4.762330794e-07,-2.857677058e-07
-2.765625,-2.296875,6.293675158,10.05726427,3.857672697e-07,-3.157149923e-07
-2.765625,-2.203125,6.293675158,11.0457439,2.5217103e-07,-3.391780706e-07
-2.765625,-2.109375,6.293675158,12.13137638,9.203374338e-08,-3.079008919e-07
-2.765625,-2.015625,6.293675158,13.32371041,-8.565011516e-08,-2.762750466e-07
-2.765625,-1.921875,6.293675158,14.63323316,-2.513109698e-07,-2.06010558e-07
-2.765625,-1.828125,6.293675158,16.07146254,-3.945725855e-07,-1.424696145e-07
-2.765625,-1.734375,6.293675158,17.65104849,-5.028083551e-07,-7.06142856e-08
-2.765625,-1.640625,6.293675158,19.38588426,-5.754989199e-07,-1.824341663e-08
-2.765625,-1.546875,6.293675158,21.29122862,-6.051325644e-07,3.241705142e-08
-2.765625,-1.453125,6.293675158,23.38384001,-5.825505273e-07,6.057881745e-08
-2.765625,-1.359375,6.293675158,25.68212401,-5.27664364e-07,8.153449281e-08
-2.765625,-1.265625,6.293675158,28.20629517,-4.535152925e-07,8.716284766e-08
-2.765625,-1.171875,6.293675158,30.97855485,-3.616898182e-07,8.434526226e-08
-2.765625,-1.078125,6.293675158,34.02328646,-2.682643351e-07,6.865308592e-08
-2.765625,-0.984375,6.293675158,37.36726994,-1.807069679e-07,5.366383523e-08
-2.765625,-0.890625,6.293675158,41.03991731,-1.169790367e-07,3.607285698e-08
-2.765625,-0.796875,6.293675158,45.07353134,-7.824636852e-08,2.039464401e-08
-2.765625,-0.703125,6.293675158,49.50358969,-6.683303543e-08,1.982373565e-09
-2.765625,-0.609375,6.293675158,54.36905695,-8.626478132e-08,-1.016303509e-08
-2.765625,-0.515625,6.293675158,59.71272734,-1.260407264e-07,-1.709153345e-08
-2.765625,-0.421875,6.293675158,65.58160113,-1.847068202e-07,-1.959224096e-08
-2.765625,-0.328125,6.293675158,72.027298,-2.536703028e-07,-2.529165496e-08
-2.765625,-0.234375,6.293675158,79.10651109,-3.302929188e-07,-2.86490043e-08
-2.765625,-0.140625,6.293675158,86.88150563,-3.899974009e-07,-1.673677719e-08
-2.765625,-0.046875,6.293675158,95.4206666,-4.466948412e-07,-2.73312007e-08
-2.765625,0.046875,6.293675158,104.7991002,-4.761996194e-07,-6.863166909e-09
-2.765625,0.140625,6.293675158,115.0992945,-4.847420104e-07,-1.793994647e-08
-2.765625,0.234375,6.293675158,126.4118448,-4.729028577e-07,-5.417137289e-09
-2.765625,0.328125,6.293675158,138.8362507,-4.149326944e-07,-2.621941272e-09
-2.765625,0.421875,6.293675158,152.4817911,-3.555145126e-07,-4.712568608e-09
-2.765625,0.515625,6.293675158,167.4684853,-2.862157648e-07,-1.499689688e-09
-2.765625,0.609375,6.293675158,183.9281489,-1.983635624e-07,-9.55816952e-10
-2.765625,0.703125,6.293675158,202.0055528,-1.220977437e-07,-2.771633043e-09
-2.765625,0.796875,6.293675158,221.8596969,-5.635171959e-08,-2.210287551e-09
-2.765625,0.890625,6.293675158,243.6652083,9.756597822e-09,-2.830400526e-09
-2.765625,0.984375,6.293675158,267.6138775,5.048043876e-08,-3.406862794e-09
-2.765625,1.078125,6.293675158,293.916345,7.965863041e-08,-2.825661976e-09
-2.765625,1.171875,6.293675158,322.8039542,9.658478028e-08,-2.240136323e-09
-2.765625,1.265625,6.293675158,354.5307861,1.032875589e-07,-1.337053406e-09
-2.765625,1.359375,6.293675158,389.3758942,1.025254105e-07,-5.609925077e-10
-2.765625,1.453125,6.293675158,427.6457586,9.78777817e-08,6.864435491e-10
-2.765625,1.546875,6.293675158,469.676982,1.010162405e-07,1.976441055e-09
-2.765625,1.640625,6.293675158,515.83925,1.068502978e-07,3.004706224e-09
-2.765625,1.734375,6.293675158,566.5385831,1.1609362e-07,3.484787132e-09
-2.765625,1.828125,6.293675158,622.2209072,1.301174273e-07,3.291611316e-09
-2.765625,1.921875,6.293675158,683.3759764,1.243586806e-07,3.259641047e-09
-2.765625,2.015625,6.293675158,750.5416801,1.269831217e-07,3.545368246e-09
-2.765625,2.109375,6.293675158,824.3087744,1.415311143e-07,3.518394005e-09
-2.765625,2.203125,6.293675158,905.326078,1.597273565e-07,2.784102251e-09
-2.765625,2.296875,6.293675158,994.3061786,1.52729587e-07,1.330903987e-09
-2.765625,2.390625,6.293675158,1092.031701,1.002455038e-07,8.184608e-11
-2.765625,2.484375,6.293675158,1199.36219,2.834733582e-08,-1.2868045e-10
-2.765625,2.578125,6.293675158,1317.241671,-7.477729465e-08,-9.751923145e-10
-2.765625,2.671875,6.293675158,1446.706953,-1.86899279e-07,-5.808601266e-10
-2.765625,2.765625,6.293675158,1588.896749,-1.901965624e-07,6.203719328e-10
-2.765625,2.859375,6.293675158,1745.061689,-1.480204614e-07,-1.268933415e-09
-2.765625,2.953125,6.293675158,1916.575322,-8.84066329e-08,-2.540648083e-10
-2.671875,-2.953125,6.912249904,5.217639967,2.065687e-08,1.12390389e-06
-2.671875,-2.859375,6.912249904,5.730456443,5.069782697e-08,8.188707205e-07
-2.671875,-2.765625,6.912249904,6.293675158,1.15438318e-07,4.629951165e-07
-2.671875,-2.671875,6.912249904,6.912249904,1.72437131e-07,1.974699778e-07
-2.671875,-2.578125,6.912249904,7.591621356,2.234872587e-07,-3.202613951e-08
-2.671875,-2.484375,6.912249904,8.337764926,2.559902626e-07,-2.016950522e-07
-2.671875,-2.390625,6.912249904,9.157243322,2.643306179e-07,-3.085640241e-07
-2.671875,-2.296875,6.912249904,10.05726427,2.327581528e-07,-3.736430998e-07
-2.671875,-2.203125,6.912249904,11.0457439,1.846002532e-07,-3.92097997e-07
-2.671875,-2.109375,6.912249904,12.13137638,1.077139472e-07,-3.861920004e-07
-2.671875,-2.015625,6.912249904,13.32371041,1.551783244e-08,-3.363354022e-07
-2.671875,-1.921875,6.912249904,14.63323316,-7.162640528e-08,-2.637265413e-07
-2.671875,-1.828125,6.912249904,16.07146254,-1.596200587e-07,-1.820920797e-07
-2.671875,-1.734375,6.912249904,17.65104849,-2.295897051e-07,-9.788532852e-08
-2.671875,-1.640625,6.912249904,19.38588426,-2.753327643e-07,-2.997249758e-08
-2.671875,-1.546875,6.912249904,21.29122862,-2.976589378e-07,3.05301301e-08
-2.671875,-1.453125,6.912249904,23.38384001,-3.065689623e-07,6.946734314e-08
-2.671875,-1.359375,6.912249904,25.68212401,-2.952328323e-07,9.366365559e-08
-2.671875,-1.265625,6.912249904,28.20629517,-2.679737839e-07,1.033400859e-07
-2.671875,-1.171875,6.912249904,30.97855485,-2.348754272e-07,9.946865201e-08
-2.671875,-1.078125,6.912249904,34.02328646,-2.096394184e-07,8.044773114e-08
-2.671875,-0.984375,6.912249904,37.36726994,-1.869802803e-07,6.440091161e-08
-2.671875,-0.890625,6.912249904,41.03991731,-1.745005753e-07,4.025913191e-08
-2.671875,-0.796875,6.912249904,45.07353134,-1.715069832e-07,2.41524808e-08
-2.671875,-0.703125,6.912249904,49.50358969,-1.931161266e-07,-1.979819604e-09
-2.671875,-0.609375,6.912249904,54.36905695,-2.303502608e-07,-1.302811185e-08
-2.671875,-0.515625,6.912249904,59.71272734,-2.637396812e-07,-2.242676426e-08
-2.671875,-0.421875,6.912249904,65.58160113,-2.928692733e-07,-2.367094289e-08
-2.671875,-0.328125,6.912249904,72.027298,-3.195902993e-07,-3.060226927e-08
-2.671875,-0.234375,6.912249904,79.10651109,-3.56117822e-07,-3.372912749e-08
-2.671875,-0.140625,6.912249904,86.88150563,-3.785792801e-07,-1.880247743e-08
-2.671875,-0.046875,6.912249904,95.4206666,-3.506065962e-07,-2.810689692e-08
-2.671875,0.046875,6.912249904,104.7991002,-2.767344344e-07,-3.338024612e-09
-2.671875,0.140625,6.912249904,115.0992945,-2.311848032e-07,-2.008110317e-08
-2.671875,0.234375,6.912249904,126.4118448,-1.905560121e-07,-1.121595868e-09
-2.671875,0.328125,6.912249904,138.8362507,-6.523609778e-08,1.514843959e-09
-2.671875,0.421875,6.912249904,152.4817911,5.838020736e-08,-1.226557993e-09
-2.671875,0.515625,6.912249904,167.4684853,1.647254871e-07,1.650588848e-09
-2.671875,0.609375,6.912249904,183.9281489,2.796260966e-07,2.83704085e-09
-2.671875,0.703125,6.912249904,202.0055528,3.875466046e-07,-7.907122296e-10
-2.671875,0.796875,6.912249904,221.8596969,4.868611601e-07,4.437198765e-10
-2.671875,0.890625,6.912249904,243.6652083,5.768462962e-07,-1.464259e-09
-2.671875,0.984375,6.912249904,267.6138775,6.327185723e-07,-2.63685532e-09
-2.671875,1.078125,6.912249904,293.916345,6.671202929e-07,-2.384141611e-09
-2.671875,1.171875,6.912249904,322.8039542,6.859175882e-07,-2.099205943e-09
-2.671875,1.265625,6.912249904,354.5307861,6.804528739e-07,-1.567605218e-09
-2.671875,1.359375,6.912249904,389.3758942,6.546576954e-07,-8.956469204e-10
-2.671875,1.453125,6.912249904,427.6457586,6.073668595e-07,1.053124177e-10
-2.671875,1.546875,6.912249904,469.676982,5.491498385e-07,1.660456474e-09
-2.671875,1.640625,6.912249904,515.83925,4.993624656e-07,2.698222814e-09
-2.671875,1.734375,6.912249904,566.5385831,4.4048341e-07,3.186006309e-09
-2.671875,1.828125,6.912249904,622.2209072,3.715161612e-07,3.005463501e-09
-2.671875,1.921875,6.912249904,683.3759764,3.076677604e-07,2.87330951e-09
-2.671875,2.015625,6.912249904,750.5416801,2.449588872e-07,3.411304317e-09
-2.671875,2.109375,6.912249904,824.3087744,2.025584717e-07,3.51232615e-09
-2.671875,2.203125,6.912249904,905.326078,1.819589507e-07,2.906809771e-09
-2.671875,2.296875,6.912249904,994.3061786,1.609395964e-07,1.187947798e-09
-2.671875,2.390625,6.912249904,1092.031701,1.37942622e-07,-4.954504492e-11
-2.671875,2.484375,6.912249904,1199.36219,1.225892526e-07,-2.509146568e-10
-2.671875,2.578125,6.912249904,1317.241671,7.405089419e-08,-1.413051661e-09
-2.671875,2.671875,6.912249904,1446.706953,-1.47361848e-08,-9.373108449e-10
-2.671875,2.765625,6.912249904,1588.896749,-4.134106041e-08,9.04456393e-10
-2.671875,2.859375,6.912249904,1745.061689,-5.160660934e-08,-1.41584877e-09
-2.671875,2.953125,6.912249904,1916.575322,-4.903692994e-08,2.590234325e-10
-2.578125,-2.953125,7.591621356,5.217639967,-1.931975925e-08,1.07465907e-06
-2.578125,-2.859375,7.591621356,5.730456443,-9.237298337e-08,8.261952336e-07
-2.578125,-2.765625,7.591621356,6.293675158,-1.072502935e-07,5.112738416e-07
-2.578125,-2.671875,7.591621356,6.912249904,-8.009139848e-08,2.462719577e-07
-2.578125,-2.578125,7.591621356,7.591621356,-4.695479415e-08,1.014024529e-08
-2.578125,-2.484375,7.591621356,8.337764926,-2.789087794e-09,-1.666243997e-07
-2.578125,-2.390625,7.591621356,9.157243322,3.713842975e-08,-2.995491097e-07
-2.578125,-2.296875,7.591621356,10.05726427,6.477042559e-08,-3.816006118e-07
-2.578125,-2.203125,7.591621356,11.0457439,6.88428686e-08,-4.118678527e-07
-2.578125,-2.109375,7.591621356,12.13137638,5.871896733e-08,-4.172665535e-07
-2.578125,-2.015625,7.591621356,13.32371041,5.007750399e-08,-3.60644976e-07
-2.578125,-1.921875,7.591621356,14.63323316,2.480577334e-08,-2.961088684e-07
-2.578125,-1.828125,7.591621356,16.07146254,6.751025721e-09,-1.981298426e-07
-2.578125,-1.734375,7.591621356,17.65104849,-1.180177445e-08,-1.167913246e-07
-2.578125,-1.640625,7.591621356,19.38588426,-2.962016094e-08,-3.397731971e-08
-2.578125,-1.546875,7.591621356,21.29122862,-3.974178686e-08,2.545013285e-08
-2.578125,-1.453125,7.591621356,23.38384001,-4.392628695e-08,7.228428766e-08
-2.578125,-1.359375,7.591621356,25.68212401,-4.719281026e-08,9.533194788e-08
-2.578125,-1.265625,7.591621356,28.20629517,-5.33168439e-08,1.092776338e-07
-2.578125,-1.171875,7.591621356,30.97855485,-6.616957546e-08,1.004778169e-07
-2.578125,-1.078125,7.591621356,34.02328646,-7.730156779e-08,8.387433248e-08
-2.578125,-0.984375,7.591621356,37.36726994,-9.570610631e-08,6.267698133e-08
-2.578125,-0.890625,7.591621356,41.03991731,-1.217631482e-07,3.991802455e-08
-2.578125,-0.796875,7.591621356,45.07353134,-1.536394889e-07,1.988693775e-08
-2.578125,-0.703125,7.591621356,49.50358969,-1.878321336e-07,-6.512308429e-09
-2.578125,-0.609375,7.591621356,54.36905695,-2.405743581e-07,-2.160810039e-08
-2.578125,-0.515625,7.591621356,59.71272734,-2.904182348e-07,-2.569260935e-08
-2.578125,-0.421875,7.591621356,65.58160113,-3.014025492e-07,-2.617874302e-08
-2.578125,-0.328125,7.591621356,72.027298,-2.94657326e-07,-3.139376383e-08
-2.578125,-0.234375,7.591621356,79.10651109,-3.009584146e-07,-3.809247479e-08
-2.578125,-0.140625,7.591621356,86.88150563,-3.097065912e-07,-1.846492119e-08
-2.578125,-0.046875,7.591621356,95.4206666,-2.613605404e-07,-2.408095169e-08
-2.578125,0.046875,7.591621356,104.7991002,-1.477776286e-07,5.612378148e-09
-2.578125,0.140625,7.591621356,115.0992945,-5.706889023e-08,-2.109123893e-08
-2.578125,0.234375,7.591621356,126.4118448,-1.795247581e-08,3.788404373e-09
-2.578125,0.328125,7.591621356,138.8362507,1.202095893e-07,1.005800199e-08
-2.578125,0.421875,7.591621356,152.4817911,2.577185717e-07,2.702421274e-09
-2.578125,0.515625,7.591621356,167.4684853,3.446094998e-07,5.967463681e-09
-2.578125,0.609375,7.591621356,183.9281489,4.491506633e-07,7.190429581e-09
-2.578125,0.703125,7.591621356,202.0055528,5.637169427e-07,3.015118239e-09
-2.578125,0.796875,7.591621356,221.8596969,6.51318065e-07,3.021217883e-09
-2.578125,0.890625,7.591621356,243.6652083,7.174001865e-07,7.964946256e-10
-2.578125,0.984375,7.591621356,267.6138775,7.725455867e-07,-1.608283588e-09
-2.578125,1.078125,7.591621356,293.916345,7.961136999e-07,-1.706267499e-09
-2.578125,1.171875,7.591621356,322.8039542,8.012284423e-07,-1.928496614e-09
-2.578125,1.265625,7.591621356,354.5307861,7.852285248e-07,-1.839912273e-09
-2.578125,1.359375,7.591621356,389.3758942,7.468124445e-07,-1.528566156e-09
-2.578125,1.453125,7.591621356,427.6457586,6.964985623e-07,-6.759277123e-10
-2.578125,1.546875,7.591621356,469.676982,6.300195926e-07,7.088159825e-10
-2.578125,1.640625,7.591621356,515.83925,5.629236242e-07,2.167708849e-09
-2.578125,1.734375,7.591621356,566.5385831,5.050761077e-07,2.441049427e-09
-2.578125,1.828125,7.591621356,622.2209072,4.456918193e-07,2.444491019e-09
-2.578125,1.921875,7.591621356,683.3759764,3.932492898e-07,2.355912994e-09
-2.578125,2.015625,7.591621356,750.5416801,3.437601553e-07,2.968676914e-09
-2.578125,2.109375,7.591621356,824.3087744,3.153673199e-07,3.445049369e-09
-2.578125,2.203125,7.591621356,905.326078,3.081765995e-07,2.866177828e-09
-2.578125,2.296875,7.591621356,994.3061786,3.153963505e-07,1.212367348e-09
-2.578125,2.390625,7.591621356,1092.031701,3.248120871e-07,-1.005310498e-10
-2.578125,2.484375,7.591621356,1199.36219,3.554047653e-07,-4.1570258e-11
-2.578125,2.578125,7.591621356,1317.241671,3.607417504e-07,-1.809128969e-09
-2.578125,2.671875,7.591621356,1446.706953,2.909565199e-07,-1.338676676e-09
-2.578125,2.765625,7.591621356,1588.896749,2.427537896e-07,9.998094389e-10
-2.578125,2.859375,7.591621356,1745.061689,1.495151283e-07,-1.970070882e-09
-2.578125,2.953125,7.591621356,1916.575322,2.401314997e-08,3.493280697e-10
-2.484375,-2.953125,8.337764926,5.217639967,-5.525217529e-08,8.983860217e-07
-2.484375,-2.859375,8.337764926,5.730456443,-1.823610311e-07,7.312625463e-07
-2.484375,-2.765625,8.337764926,6.293675158,-2.416192343e-07,5.020146564e-07
-2.484375,-2.671875,8.337764926,6.912249904,-2.583120166e-07,2.669426384e-07
-2.484375,-2.578125,8.337764926,7.591621356,-2.336951543e-07,5.644024133e-08
-2.484375,-2.484375,8.337764926,8.337764926,-1.841343291e-07,-1.141267571e-07
-2.484375,-2.390625,8.337764926,9.157243322,-1.353326074e-07,-2.676565682e-07
-2.484375,-2.296875,8.337764926,10.05726427,-8.249808391e-08,-3.455575854e-07
-2.484375,-2.203125,8.337764926,11.0457439,-3.649540795e-08,-4.069725312e-07
-2.484375,-2.109375,8.337764926,12.13137638,7.689713052e-09,-3.970210173e-07
-2.484375,-2.015625,8.337764926,13.32371041,4.868730167e-08,-3.588025525e-07
-2.484375,-1.921875,8.337764926,14.63323316,8.798441179e-08,-2.895209697e-07
-2.484375,-1.828125,8.337764926,16.07146254,1.154537834e-07,-1.987726607e-07
-2.484375,-1.734375,8.337764926,17.65104849,1.364672737e-07,-1.137594323e-07
-2.484375,-1.640625,8.337764926,19.38588426,1.53778065e-07,-3.607331941e-08
-2.484375,-1.546875,8.337764926,21.29122862,1.603300614e-07,2.672105571e-08
-2.484375,-1.453125,8.337764926,23.38384001,1.591520758e-07,6.953268286e-08
-2.484375,-1.359375,8.337764926,25.68212401,1.47484986e-07,9.341692836e-08
-2.484375,-1.265625,8.337764926,28.20629517,1.244695479e-07,1.029432067e-07
-2.484375,-1.171875,8.337764926,30.97855485,9.341846268e-08,9.527237681e-08
-2.484375,-1.078125,8.337764926,34.02328646,5.617989435e-08,7.692261807e-08
-2.484375,-0.984375,8.337764926,37.36726994,9.68592755e-09,5.47338632e-08
-2.484375,-0.890625,8.337764926,41.03991731,-4.428129138e-08,3.071522356e-08
-2.484375,-0.796875,8.337764926,45.07353134,-8.854511065e-08,1.430048882e-08
-2.484375,-0.703125,8.337764926,49.50358969,-1.351464071e-07,-1.56010813e-08
-2.484375,-0.609375,8.337764926,54.36905695,-2.012237722e-07,-3.177891273e-08
-2.484375,-0.515625,8.337764926,59.71272734,-2.576002705e-07,-3.195440862e-08
-2.484375,-0.421875,8.337764926,65.58160113,-2.874191414e-07,-2.675044188e-08
-2.484375,-0.328125,8.337764926,72.027298,-2.574310203e-07,-2.785134049e-08
-2.484375,-0.234375,8.337764926,79.10651109,-2.465412937e-07,-4.200298061e-08
-2.484375,-0.140625,8.337764926,86.88150563,-2.60020796e-07,-1.760984821e-08
-2.484375,-0.046875,8.337764926,95.4206666,-2.41803719e-07,-2.073339571e-08
-2.484375,0.046875,8.337764926,104.7991002,-1.257293019e-07,2.019479609e-08
-2.484375,0.140625,8.337764926,115.0992945,-2.490366955e-08,-2.220690186e-08
-2.484375,0.234375,8.337764926,126.4118448,-9.708720779e-09,8.326636741e-09
-2.484375,0.328125,8.337764926,138.8362507,1.114832161e-07,2.054210851e-08
-2.484375,0.421875,8.337764926,152.4817911,2.192642951e-07,5.762679457e-09
-2.484375,0.515625,8.337764926,167.4684853,2.658833216e-07,9.621884442e-09
-2.484375,0.609375,8.337764926,183.9281489,3.578617046e-07,1.268266888e-08
-2.484375,0.703125,8.337764926,202.0055528,4.482422096e-07,6.424422769e-09
-2.484375,0.796875,8.337764926,221.8596969,4.956941778e-07,5.261175829e-09
-2.484375,0.890625,8.337764926,243.6652083,5.503902802e-07,3.19422693e-09
-2.484375,0.984375,8.337764926,267.6138775,5.918447328e-07,-3.865733206e-10
-2.484375,1.078125,8.337764926,293.916345,6.103396164e-07,-1.089188001e-09
-2.484375,1.171875,8.337764926,322.8039542,6.139067571e-07,-1.693710055e-09
-2.484375,1.265625,8.337764926,354.5307861,6.043352161e-07,-2.039576366e-09
-2.484375,1.359375,8.337764926,389.3758942,5.806903451e-07,-2.096477792e-09
-2.484375,1.453125,8.337764926,427.6457586,5.483816568e-07,-1.263205028e-09
-2.484375,1.546875,8.337764926,469.676982,5.15289637e-07,-6.820984405e-11
-2.484375,1.640625,8.337764926,515.83925,4.756982018e-07,1.514577372e-09
-2.484375,1.734375,8.337764926,566.5385831,4.45743243e-07,2.074007075e-09
-2.484375,1.828125,8.337764926,622.2209072,4.293570476e-07,2.041366982e-09
-2.484375,1.921875,8.337764926,683.3759764,4.160540512e-07,2.085547676e-09
-2.484375,2.015625,8.337764926,750.5416801,4.094132774e-07,2.676112158e-09
-2.484375,2.109375,8.337764926,824.3087744,4.05452407e-07,3.382580061e-09
-2.484375,2.203125,8.337764926,905.326078,4.156079767e-07,2.869954565e-09
-2.484375,2.296875,8.337764926,994.3061786,4.376449884e-07,1.313984764e-09
-2.484375,2.390625,8.337764926,1092.031701,4.531709417e-07,-1.488869963e-10
-2.484375,2.484375,8.337764926,1199.36219,4.914526733e-07,3.810032258e-10
-2.484375,2.578125,8.337764926,1317.241671,5.119577645e-07,-2.094750838e-09
-2.484375,2.671875,8.337764926,1446.706953,4.614581857e-07,-1.761723468e-09
-2.484375,2.765625,8.337764926,1588.896749,4.056921999e-07,8.66925622e-10
-2.484375,2.859375,8.337764926,1745.061689,2.755348496e-07,-2.948172789e-09
-2.484375,2.953125,8.337764926,1916.575322,7.495821059e-08,-8.453308233e-11
-2.390625,-2.953125,9.157243322,5.217639967,-7.150750706e-08,6.157346024e-07
-2.390625,-2.859375,9.157243322,5.730456443,-2.256983229e-07,5.846028035e-07
-2.390625,-2.765625,9.157243322,6.293675158,-3.154713204e-07,4.280512533e-07
-2.390625,-2.671875,9.157243322,6.912249904,-3.500367107e-07,2.686051938e-07
-2.390625,-2.578125,9.157243322,7.591621356,-3.352203762e-07,1.035049147e-07
-2.390625,-2.484375,9.157243322,8.337764926,-3.015458521e-07,-6.638908199e-08
-2.390625,-2.390625,9.157243322,9.157243322,-2.43614932e-07,-2.066624722e-07
-2.390625,-2.296875,9.157243322,10.05726427,-1.82546206e-07,-3.012298092e-07
-2.390625,-2.203125,9.157243322,11.0457439,-1.135657528e-07,-3.543470743e-07
-2.390625,-2.109375,9.157243322,12.13137638,-3.145214952e-08,-3.517909684e-07
-2.390625,-2.015625,9.157243322,13.32371041,4.359913081e-08,-3.226310397e-07
-2.390625,-1.921875,9.157243322,14.63323316,1.171299485e-07,-2.552826915e-07
-2.390625,-1.828125,9.157243322,16.07146254,1.795062632e-07,-1.808418204e-07
-2.390625,-1.734375,9.157243322,17.65104849,2.292561226e-07,-9.487471656e-08
-2.390625,-1.640625,9.157243322,19.38588426,2.61670372e-07,-3.111361219e-08
-2.390625,-1.546875,9.157243322,21.29122862,2.794517973e-07,3.156576788e-08
-2.390625,-1.453125,9.157243322,23.38384001,2.791794392e-07,6.362938532e-08
-2.390625,-1.359375,9.157243322,25.68212401,2.614273073e-07,8.765967903e-08
-2.390625,-1.265625,9.157243322,28.20629517,2.317268372e-07,9.110587765e-08
-2.390625,-1.171875,9.157243322,30.97855485,1.9342587e-07,8.593649709e-08
-2.390625,-1.078125,9.157243322,34.02328646,1.375237402e-07,6.052257604e-08
-2.390625,-0.984375,9.157243322,37.36726994,7.93692132e-08,4.436664277e-08
-2.390625,-0.890625,9.157243322,41.03991731,2.055920503e-08,1.53300878e-08
-2.390625,-0.796875,9.157243322,45.07353134,-2.292151699e-08,1.101890438e-08
-2.390625,-0.703125,9.157243322,49.50358969,-7.368188765e-08,-3.06229864e-08
-2.390625,-0.609375,9.157243322,54.36905695,-1.410614475e-07,-3.997876678e-08
-2.390625,-0.515625,9.157243322,59.71272734,-2.011251408e-07,-4.211347761e-08
-2.390625,-0.421875,9.157243322,65.58160113,-2.355980842e-07,-2.650313241e-08
-2.390625,-0.328125,9.157243322,72.027298,-2.00205211e-07,-2.032808274e-08
-2.390625,-0.234375,9.157243322,79.10651109,-1.763396939e-07,-4.520600077e-08
-2.390625,-0.140625,9.157243322,86.88150563,-2.110866271e-07,-1.925104936e-08
-2.390625,-0.046875,9.157243322,95.4206666,-2.267573097e-07,-1.942468197e-08
-2.390625,0.046875,9.157243322,104.7991002,-1.252226303e-07,3.830010509e-08
-2.390625,0.140625,9.157243322,115.0992945,-3.702832703e-08,-2.476692902e-08
-2.390625,0.234375,9.157243322,126.4118448,-6.166388219e-08,1.092840784e-08
-2.390625,0.328125,9.157243322,138.8362507,9.402103697e-09,3.067158171e-08
-2.390625,0.421875,9.157243322,152.4817911,9.639971133e-08,7.973538232e-09
-2.390625,0.515625,9.157243322,167.4684853,1.018136855e-07,1.092337868e-08
-2.390625,0.609375,9.157243322,183.9281489,1.507876025e-07,1.891959336e-08
-2.390625,0.703125,9.157243322,202.0055528,2.083120073e-07,7.708785084e-09
-2.390625,0.796875,9.157243322,221.8596969,2.280297785e-07,7.499742005e-09
-2.390625,0.890625,9.157243322,243.6652083,2.616609384e-07,4.931611189e-09
-2.390625,0.984375,9.157243322,267.6138775,2.824477044e-07,6.188321004e-10
-2.390625,1.078125,9.157243322,293.916345,2.988879207e-07,-3.998152163e-10
-2.390625,1.171875,9.157243322,322.8039542,3.072131671e-07,-1.500973571e-09
-2.390625,1.265625,9.157243322,354.5307861,3.074380107e-07,-2.005888561e-09
-2.390625,1.359375,9.157243322,389.3758942,3.034055718e-07,-2.409076065e-09
-2.390625,1.453125,9.157243322,427.6457586,2.940788814e-07,-1.589337421e-09
-2.390625,1.546875,9.157243322,469.676982,2.892425464e-07,-3.229492624e-10
-2.390625,1.640625,9.157243322,515.83925,2.851998402e-07,1.107334235e-09
-2.390625,1.734375,9.157243322,566.5385831,2.82660748e-07,1.9971794e-09
-2.390625,1.828125,9.157243322,622.2209072,2.931334851e-07,2.043608578e-09
-2.390625,1.921875,9.157243322,683.3759764,3.109031535e-07,2.066407852e-09
-2.390625,2.015625,9.157243322,750.5416801,3.249156482e-07,2.626520486e-09
-2.390625,2.109375,9.157243322,824.3087744,3.383318617e-07,3.318801563e-09
-2.390625,2.203125,9.157243322,905.326078,3.58243367e-07,2.976886332e-09
-2.390625,2.296875,9.157243322,994.3061786,3.690002261e-07,1.236443207e-09
-2.390625,2.390625,9.157243322,1092.031701,3.674636032e-07,-1.991253591e-10
-2.390625,2.484375,9.157243322,1199.36219,3.944717222e-07,7.721896753e-10
-2.390625,2.578125,9.157243322,1317.241671,4.063110404e-07,-2.341059974e-09
-2.390625,2.671875,9.157243322,1446.706953,3.711372418e-07,-2.089957004e-09
-2.390625,2.765625,9.157243322,1588.896749,3.487531566e-07,7.603380489e-10
-2.390625,2.859375,9.157243322,1745.061689,2.491951335e-07,-4.071030727e-09
-2.390625,2.953125,9.157243322,1916.575322,6.700054004e-08,-7.735288277e-10
-2.296875,-2.953125,10.05726427,5.217639967,-7.052648911e-08,2.829495466e-07
-2.296875,-2.859375,10.05726427,5.730456443,-2.28595818e-07,3.879964804e-07
-2.296875,-2.765625,10.05726427,6.293675158,-3.263751863e-07,3.244899228e-07
-2.296875,-2.671875,10.05726427,6.912249904,-3.679104596e-07,2.582264926e-07
-2.296875,-2.578125,10.05726427,7.591621356,-3.710646709e-07,1.285021881e-07
-2.296875,-2.484375,10.05726427,8.337764926,-3.424781167e-07,-1.44452882e-08
-2.296875,-2.390625,10.05726427,9.157243322,-2.940780583e-07,-1.409269293e-07
-2.296875,-2.296875,10.05726427,10.05726427,-2.281567588e-07,-2.376524924e-07
-2.296875,-2.203125,10.05726427,11.0457439,-1.407167108e-07,-2.738408485e-07
-2.296875,-2.109375,10.05726427,12.13137638,-4.984447545e-08,-2.856478851e-07
-2.296875,-2.015625,10.05726427,13.32371041,4.759412422e-08,-2.571278702e-07
-2.296875,-1.921875,10.05726427,14.63323316,1.394837807e-07,-2.06431341e-07
-2.296875,-1.828125,10.05726427,16.07146254,2.177665721e-07,-1.411283502e-07
-2.296875,-1.734375,10.05726427,17.65104849,2.729612663e-07,-7.446424557e-08
-2.296875,-1.640625,10.05726427,19.38588426,3.102923739e-07,-1.591387549e-08
-2.296875,-1.546875,10.05726427,21.29122862,3.257061595e-07,3.134242337e-08
-2.296875,-1.453125,10.05726427,23.38384001,3.217260003e-07,6.064892738e-08
-2.296875,-1.359375,10.05726427,25.68212401,3.012414685e-07,7.454038022e-08
-2.296875,-1.265625,10.05726427,28.20629517,2.658887093e-07,7.999467183e-08
-2.296875,-1.171875,10.05726427,30.97855485,2.173057766e-07,6.81927873e-08
-2.296875,-1.078125,10.05726427,34.02328646,1.598823108e-07,4.406241315e-08
-2.296875,-0.984375,10.05726427,37.36726994,1.037316348e-07,2.945710912e-08
-2.296875,-0.890625,10.05726427,41.03991731,5.795319218e-08,4.505878025e-09
-2.296875,-0.796875,10.05726427,45.07353134,3.075791032e-08,6.350998311e-09
-2.296875,-0.703125,10.05726427,49.50358969,-4.36554578e-09,-4.279535939e-08
-2.296875,-0.609375,10.05726427,54.36905695,-6.957773379e-08,-5.174741217e-08
-2.296875,-0.515625,10.05726427,59.71272734,-1.326279326e-07,-5.065901594e-08
-2.296875,-0.421875,10.05726427,65.58160113,-1.456673221e-07,-2.479782522e-08
-2.296875,-0.328125,10.05726427,72.027298,-8.90345845e-08,-8.570915637e-09
-2.296875,-0.234375,10.05726427,79.10651109,-4.458376287e-08,-4.701650421e-08
-2.296875,-0.140625,10.05726427,86.88150563,-1.22003771e-07,-2.891849588e-08
-2.296875,-0.046875,10.05726427,95.4206666,-1.711340618e-07,-1.655958785e-08
-2.296875,0.046875,10.05726427,104.7991002,-7.408275498e-08,5.568164059e-08
-2.296875,0.140625,10.05726427,115.0992945,-3.519488753e-09,-2.753967888e-08
-2.296875,0.234375,10.05726427,126.4118448,-8.881092958e-08,6.401558463e-09
-2.296875,0.328125,10.05726427,138.8362507,-7.109126137e-08,4.169012421e-08
-2.296875,0.421875,10.05726427,152.4817911,1.318639061e-08,8.951453803e-09
-2.296875,0.515625,10.05726427,167.4684853,-3.037150045e-08,8.463823173e-09
-2.296875,0.609375,10.05726427,183.9281489,-4.335550077e-08,2.362628663e-08
-2.296875,0.703125,10.05726427,202.0055528,-1.28788851e-08,7.940267177e-09
-2.296875,0.796875,10.05726427,221.8596969,-2.420544332e-08,8.152376665e-09
-2.296875,0.890625,10.05726427,243.6652083,-2.786930498e-08,5.800969609e-09
-2.296875,0.984375,10.05726427,267.6138775,-1.962728526e-08,1.083072082e-09
-2.296875,1.078125,10.05726427,293.916345,-1.804880861e-08,-3.017503093e-11
-2.296875,1.171875,10.05726427,322.8039542,-1.763200197e-08,-1.463767508e-09
-2.296875,1.265625,10.05726427,354.5307861,-1.85395201e-08,-1.991278273e-09
-2.296875,1.359375,10.05726427,389.3758942,-1.550133722e-08,-2.460612295e-09
-2.296875,1.453125,10.05726427,427.6457586,-7.322190927e-09,-1.616252545e-09
-2.296875,1.546875,10.05726427,469.676982,-4.312617471e-09,-4.438675447e-10
-2.296875,1.640625,10.05726427,515.83925,1.40449208e-09,1.114826374e-09
-2.296875,1.734375,10.05726427,566.5385831,1.184565039e-08,1.98658309e-09
-2.296875,1.828125,10.05726427,622.2209072,2.856609169e-08,2.316757079e-09
-2.296875,1.921875,10.05726427,683.3759764,5.199963138e-08,2.182095036e-09
-2.296875,2.015625,10.05726427,750.5416801,7.251484973e-08,2.704548582e-09
-2.296875,2.109375,10.05726427,824.3087744,8.809799808e-08,3.31232531e-09
-2.296875,2.203125,10.05726427,905.326078,1.041585806e-07,3.080612807e-09
-2.296875,2.296875,10.05726427,994.3061786,1.163668954e-07,1.096981462e-09
-2.296875,2.390625,10.05726427,1092.031701,1.029540386e-07,-4.383662046e-10
-2.296875,2.484375,10.05726427,1199.36219,1.15614956e-07,1.202143289e-09
-2.296875,2.578125,10.05726427,1317.241671,1.335648792e-07,-2.592941997e-09
-2.296875,2.671875,10.05726427,1446.706953,1.184015203e-07,-2.183709877e-09
-2.296875,2.765625,10.05726427,1588.896749,1.443788563e-07,9.25530645e-10
-2.296875,2.859375,10.05726427,1745.061689,1.172803546e-07,-4.963296697e-09
-2.296875,2.953125,10.05726427,1916.575322,2.370498539e-08,-1.268175081e-09
-2.203125,-2.953125,11.0457439,5.217639967,-5.976553547e-08,-4.78527124e-08
-2.203125,-2.859375,11.0457439,5.730456443,-2.040929564e-07,1.541275006e-07
-2.203125,-2.765625,11.0457439,6.293675158,-3.015616381e-07,2.182400522e-07
-2.203125,-2.671875,11.0457439,6.912249904,-3.50610854e-07,2.196675265e-07
-2.203125,-2.578125,11.0457439,7.591621356,-3.634559407e-07,1.435686544e-07
-2.203125,-2.484375,11.0457439,8.337764926,-3.432075276e-07,3.715695506e-08
-2.203125,-2.390625,11.0457439,9.157243322,-3.02611754e-07,-8.274038353e-08
-2.203125,-2.296875,11.0457439,10.05726427,-2.333783451e-07,-1.454554995e-07
-2.203125,-2.203125,11.0457439,11.0457439,-1.469244993e-07,-1.882112797e-07
-2.203125,-2.109375,11.0457439,12.13137638,-5.001704289e-08,-1.968527924e-07
-2.203125,-2.015625,11.0457439,13.32371041,5.346984118e-08,-1.768035526e-07
-2.203125,-1.921875,11.0457439,14.63323316,1.453311114e-07,-1.463023874e-07
-2.203125,-1.828125,11.0457439,16.07146254,2.191778503e-07,-9.60126038e-08
-2.203125,-1.734375,11.0457439,17.65104849,2.724843213e-07,-5.090170762e-08
-2.203125,-1.640625,11.0457439,19.38588426,3.01381287e-07,-2.317723305e-09
-2.203125,-1.546875,11.0457439,21.29122862,3.096329298e-07,2.947477498e-08
-2.203125,-1.453125,11.0457439,23.38384001,2.97844639e-07,5.349869142e-08
-2.203125,-1.359375,11.0457439,25.68212401,2.707459925e-07,6.009474813e-08
-2.203125,-1.265625,11.0457439,28.20629517,2.333349615e-07,6.492845043e-08
-2.203125,-1.171875,11.0457439,30.97855485,1.821722786e-07,4.733562203e-08
-2.203125,-1.078125,11.0457439,34.02328646,1.320659267e-07,2.922717208e-08
-2.203125,-0.984375,11.0457439,37.36726994,9.178812925e-08,1.599554656e-08
-2.203125,-0.890625,11.0457439,41.03991731,6.445325867e-08,-1.681878467e-09
-2.203125,-0.796875,11.0457439,45.07353134,7.21632042e-08,9.096879208e-09
-2.203125,-0.703125,11.0457439,49.50358969,7.091977952e-08,-5.229949803e-08
-2.203125,-0.609375,11.0457439,54.36905695,1.411987627e-08,-6.521664433e-08
-2.203125,-0.515625,11.0457439,59.71272734,-4.78956681e-08,-5.933828308e-08
-2.203125,-0.421875,11.0457439,65.58160113,-5.324111595e-08,-1.830400549e-08
-2.203125,-0.328125,11.0457439,72.027298,6.611779381e-08,1.331770071e-08
-2.203125,-0.234375,11.0457439,79.10651109,1.491718298e-07,-4.905288349e-08
-2.203125,-0.140625,11.0457439,86.88150563,1.7013119e-08,-5.13404075e-08
-2.203125,-0.046875,11.0457439,95.4206666,-8.451964942e-08,-1.190055811e-08
-2.203125,0.046875,11.0457439,104.7991002,3.965522133e-08,7.597205474e-08
-2.203125,0.140625,11.0457439,115.0992945,1.040961741e-07,-3.434352232e-08
-2.203125,0.234375,11.0457439,126.4118448,-6.701786894e-08,-7.744943952e-09
-2.203125,0.328125,11.0457439,138.8362507,-9.286248685e-08,5.478217307e-08
-2.203125,0.421875,11.0457439,152.4817911,-6.611848541e-09,8.502499208e-09
-2.203125,0.515625,11.0457439,167.4684853,-9.697437056e-08,6.258966129e-10
-2.203125,0.609375,11.0457439,183.9281489,-1.679346331e-07,2.631960276e-08
-2.203125,0.703125,11.0457439,202.0055528,-1.651789702e-07,6.983305594e-09
-2.203125,0.796875,11.0457439,221.8596969,-2.16651619e-07,6.123585847e-09
-2.203125,0.890625,11.0457439,243.6652083,-2.507566241e-07,5.911542441e-09
-2.203125,0.984375,11.0457439,267.6138775,-2.634669101e-07,6.298644586e-10
-2.203125,1.078125,11.0457439,293.916345,-2.820042656e-07,-3.738973522e-10
-2.203125,1.171875,11.0457439,322.8039542,-2.932329744e-07,-1.700365784e-09
-2.203125,1.265625,11.0457439,354.5307861,-3.009851025e-07,-2.246895519e-09
-2.203125,1.359375,11.0457439,389.3758942,-3.018106103e-07,-2.386575223e-09
-2.203125,1.453125,11.0457439,427.6457586,-3.006060551e-07,-1.66772221e-09
-2.203125,1.546875,11.0457439,469.676982,-2.958005241e-07,-4.093607987e-10
-2.203125,1.640625,11.0457439,515.83925,-2.887507082e-07,1.15549913e-09
-2.203125,1.734375,11.0457439,566.5385831,-2.827273149e-07,2.077799172e-09
-2.203125,1.828125,11.0457439,622.2209072,-2.719508486e-07,2.518033682e-09
-2.203125,1.921875,11.0457439,683.3759764,-2.557556451e-07,2.394829663e-09
-2.203125,2.015625,11.0457439,750.5416801,-2.390887856e-07,2.811702531e-09
-2.203125,2.109375,11.0457439,824.3087744,-2.19708276e-07,3.438208203e-09
-2.203125,2.203125,11.0457439,905.326078,-1.968440804e-07,3.207846783e-09
-2.203125,2.296875,11.0457439,994.3061786,-1.833412952e-07,1.044201282e-09
-2.203125,2.390625,11.0457439,1092.031701,-1.915231774e-07,-7.812076475e-10
-2.203125,2.484375,11.0457439,1199.36219,-1.599426562e-07,1.865338979e-09
-2.203125,2.578125,11.0457439,1317.241671,-1.313044959e-07,-2.872435515e-09
-2.203125,2.671875,11.0457439,1446.706953,-1.210033356e-07,-1.910497607e-09
-2.203125,2.765625,11.0457439,1588.896749,-5.322128184e-08,1.386696922e-09
-2.203125,2.859375,11.0457439,1745.061689,-2.088542566e-08,-5.378265332e-09
-2.203125,2.953125,11.0457439,1916.575322,-2.251175252e-08,-1.310366344e-09
-2.109375,-2.953125,12.13137638,5.217639967,-4.570089763e-08,-3.410354746e-07
-2.109375,-2.859375,12.13137638,5.730456443,-1.611767775e-07,-8.484645887e-08
-2.109375,-2.765625,12.13137638,6.293675158,-2.497639052e-07,1.038051662e-07
-2.109375,-2.671875,12.13137638,6.912249904,-2.96210947e-07,1.708318623e-07
-2.109375,-2.578125,12.13137638,7.591621356,-3.107169027e-07,1.506944113e-07
-2.109375,-2.484375,12.13137638,8.337764926,-3.002968899e-07,7.595213428e-08
-2.109375,-2.390625,12.13137638,9.157243322,-2.589380933e-07,-1.054269878e-08
-2.109375,-2.296875,12.13137638,10.05726427,-1.972565184e-07,-5.676099874e-08
-2.109375,-2.203125,12.13137638,11.0457439,-1.183338699e-07,-9.152250844e-08
-2.109375,-2.109375,12.13137638,12.13137638,-2.43658808e-08,-9.878038136e-08
-2.109375,-2.015625,12.13137638,13.32371041,6.680830204e-08,-9.440143184e-08
-2.109375,-1.921875,12.13137638,14.63323316,1.47623119e-07,-8.386200932e-08
-2.109375,-1.828125,12.13137638,16.07146254,2.087301931e-07,-5.537871657e-08
-2.109375,-1.734375,12.13137638,17.65104849,2.462343177e-07,-2.875511576e-08
-2.109375,-1.640625,12.13137638,19.38588426,2.579272833e-07,4.168019822e-10
-2.109375,-1.546875,12.13137638,21.29122862,2.542514052e-07,2.793305791e-08
-2.109375,-1.453125,12.13137638,23.38384001,2.360816703e-07,3.831631992e-08
-2.109375,-1.359375,12.13137638,25.68212401,2.041871674e-07,4.566166853e-08
-2.109375,-1.265625,12.13137638,28.20629517,1.591935959e-07,4.295888924e-08
-2.109375,-1.171875,12.13137638,30.97855485,1.134858103e-07,3.052914159e-08
-2.109375,-1.078125,12.13137638,34.02328646,7.153324066e-08,1.266587012e-08
-2.109375,-0.984375,12.13137638,37.36726994,4.858843124e-08,1.192601747e-08
-2.109375,-0.890625,12.13137638,41.03991731,5.350214489e-08,-3.670943616e-09
-2.109375,-0.796875,12.13137638,45.07353134,1.140815513e-07,3.084050651e-08
-2.109375,-0.703125,12.13137638,49.50358969,1.456217874e-07,-6.425407416e-08
-2.109375,-0.609375,12.13137638,54.36905695,9.593306607e-08,-7.50751791e-08
-2.109375,-0.515625,12.13137638,59.71272734,2.868668963e-08,-7.425616722e-08
-2.109375,-0.421875,12.13137638,65.58160113,1.866652233e-08,-5.671831558e-09
-2.109375,-0.328125,12.13137638,72.027298,2.216169751e-07,5.624005834e-08
-2.109375,-0.234375,12.13137638,79.10651109,3.868285104e-07,-5.100819991e-08
-2.109375,-0.140625,12.13137638,86.88150563,2.004803995e-07,-9.123521283e-08
-2.109375,-0.046875,12.13137638,95.4206666,-1.067939608e-08,-1.28598693e-08
-2.109375,0.046875,12.13137638,104.7991002,1.351955712e-07,1.089668084e-07
-2.109375,0.140625,12.13137638,115.0992945,2.491839791e-07,-4.781982661e-08
-2.109375,0.234375,12.13137638,126.4118448,-3.311266327e-09,-3.369132468e-08
-2.109375,0.328125,12.13137638,138.8362507,-8.545526326e-08,7.028575296e-08
-2.109375,0.421875,12.13137638,152.4817911,2.448413779e-08,8.340833188e-09
-2.109375,0.515625,12.13137638,167.4684853,-1.044352367e-07,-1.462170327e-08
-2.109375,0.609375,12.13137638,183.9281489,-2.337166906e-07,2.789359217e-08
-2.109375,0.703125,12.13137638,202.0055528,-2.542454802e-07,3.832606737e-09
-2.109375,0.796875,12.13137638,221.8596969,-3.304858564e-07,2.233518842e-09
-2.109375,0.890625,12.13137638,243.6652083,-3.853578459e-07,4.987906269e-09
-2.109375,0.984375,12.13137638,267.6138775,-4.208660024e-07,-9.617176226e-10
-2.109375,1.078125,12.13137638,293.916345,-4.558969136e-07,-1.257211636e-09
-2.109375,1.171875,12.13137638,322.8039542,-4.73946048e-07,-2.188845028e-09
-2.109375,1.265625,12.13137638,354.5307861,-4.850451659e-07,-2.618350941e-09
-2.109375,1.359375,12.13137638,389.3758942,-4.922936758e-07,-2.461366345e-09
-2.109375,1.453125,12.13137638,427.6457586,-4.937076337e-07,-1.716271598e-09
-2.109375,1.546875,12.13137638,469.676982,-4.924644775e-07,-2.851484168e-10
-2.109375,1.640625,12.13137638,515.83925,-4.898766665e-07,1.199594142e-09
-2.109375,1.734375,12.13137638,566.5385831,-4.878622278e-07,2.1330028e-09
-2.109375,1.828125,12.13137638,622.2209072,-4.799453956e-07,2.743929986e-09
-2.109375,1.921875,12.13137638,683.3759764,-4.680773891e-07,2.559659319e-09
-2.109375,2.015625,12.13137638,750.5416801,-4.538439411e-07,3.026766527e-09
-2.109375,2.109375,12.13137638,824.3087744,-4.358350891e-07,3.646377634e-09
-2.109375,2.203125,12.13137638,905.326078,-4.058698555e-07,3.582125593e-09
-2.109375,2.296875,12.13137638,994.3061786,-3.796576445e-07,1.032548103e-09
-2.109375,2.390625,12.13137638,1092.031701,-3.711633896e-07,-9.02412341e-10
-2.109375,2.484375,12.13137638,1199.36219,-3.190602193e-07,2.792367939e-09
-2.109375,2.578125,12.13137638,1317.241671,-2.748137222e-07,-3.122101509e-09
-2.109375,2.671875,12.13137638,1446.706953,-2.409969829e-07,-1.25092408e-09
-2.109375,2.765625,12.13137638,1588.896749,-1.511781154e-07,2.025903327e-09
-2.109375,2.859375,12.13137638,1745.061689,-1.010858657e-07,-5.439175798e-09
-2.109375,2.953125,12.13137638,1916.575322,-5.482541505e-08,-8.71585957e-10
-2.015625,-2.953125,13.32371041,5.217639967,-3.328862305e-08,-5.829780123e-07
-2.015625,-2.859375,13.32371041,5.730456443,-1.102404694e-07,-2.755916569e-07
-2.015625,-2.765625,13.32371041,6.293675158,-1.739839674e-07,-1.571379063e-08
-2.015625,-2.671875,13.32371041,6.912249904,-2.174841874e-07,1.239894175e-07
-2.015625,-2.578125,13.32371041,7.591621356,-2.310363305e-07,1.516246102e-07
-2.015625,-2.484375,13.32371041,8.337764926,-2.196218457e-07,1.131942546e-07
-2.015625,-2.390625,13.32371041,9.157243322,-1.887033936e-07,5.931534925e-08
-2.015625,-2.296875,13.32371041,10.05726427,-1.366334722e-07,2.795295072e-08
-2.015625,-2.203125,13.32371041,11.0457439,-6.704873684e-08,7.148072124e-09
-2.015625,-2.109375,13.32371041,12.13137638,8.142986608e-09,-7.497826294e-09
-2.015625,-2.015625,13.32371041,13.32371041,8.144485449e-08,-1.813516582e-08
-2.015625,-1.921875,13.32371041,14.63323316,1.421769712e-07,-2.90648351e-08
-2.015625,-1.828125,13.32371041,16.07146254,1.79084847e-07,-2.772275923e-08
-2.015625,-1.734375,13.32371041,17.65104849,1.939667758e-07,-1.728760566e-08
-2.015625,-1.640625,13.32371041,19.38588426,1.954913547e-07,-2.37324889e-09
-2.015625,-1.546875,13.32371041,21.29122862,1.772585679e-07,1.539197339e-08
-2.015625,-1.453125,13.32371041,23.38384001,1.483303941e-07,2.211252714e-08
-2.015625,-1.359375,13.32371041,25.68212401,1.106925566e-07,2.398744396e-08
-2.015625,-1.265625,13.32371041,28.20629517,6.592607117e-08,2.099452268e-08
-2.015625,-1.171875,13.32371041,30.97855485,2.44702011e-08,1.382514904e-08
-2.015625,-1.078125,13.32371041,34.02328646,-1.165993119e-08,-1.790304297e-09
-2.015625,-0.984375,13.32371041,37.36726994,-1.628118272e-08,1.609032919e-08
-2.015625,-0.890625,13.32371041,41.03991731,2.968464691e-08,9.26304118e-09
-2.015625,-0.796875,13.32371041,45.07353134,1.398682083e-07,6.999474919e-08
-2.015625,-0.703125,13.32371041,49.50358969,2.057659486e-07,-7.439837205e-08
-2.015625,-0.609375,13.32371041,54.36905695,1.622960505e-07,-8.548880224e-08
-2.015625,-0.515625,13.32371041,59.71272734,5.596695158e-08,-1.010082355e-07
-2.015625,-0.421875,13.32371041,65.58160113,1.806774549e-08,1.109561675e-08
-2.015625,-0.328125,13.32371041,72.027298,3.231263642e-07,1.337801271e-07
-2.015625,-0.234375,13.32371041,79.10651109,6.246954045e-07,-4.602934238e-08
-2.015625,-0.140625,13.32371041,86.88150563,3.931585589e-07,-1.568237332e-07
-2.015625,-0.046875,13.32371041,95.4206666,2.462467853e-08,-3.000165828e-08
-2.015625,0.046875,13.32371041,104.7991002,1.675182315e-07,1.620028167e-07
-2.015625,0.140625,13.32371041,115.0992945,3.855256851e-07,-6.151330883e-08
-2.015625,0.234375,13.32371041,126.4118448,6.684483287e-08,-7.865874369e-08
-2.015625,0.328125,13.32371041,138.8362507,-9.523927076e-08,9.023983227e-08
-2.015625,0.421875,13.32371041,152.4817911,7.29600307e-08,1.193645594e-08
-2.015625,0.515625,13.32371041,167.4684853,-5.841962858e-08,-3.812260593e-08
-2.015625,0.609375,13.32371041,183.9281489,-2.347561e-07,2.876996769e-08
-2.015625,0.703125,13.32371041,202.0055528,-2.628341632e-07,-9.14904479e-10
-2.015625,0.796875,13.32371041,221.8596969,-3.538509142e-07,-3.100462187e-09
-2.015625,0.890625,13.32371041,243.6652083,-4.205632862e-07,3.404002225e-09
-2.015625,0.984375,13.32371041,267.6138775,-4.568377993e-07,-3.189050767e-09
-2.015625,1.078125,13.32371041,293.916345,-4.899997408e-07,-2.220697941e-09
-2.015625,1.171875,13.32371041,322.8039542,-5.040374166e-07,-2.653108929e-09
-2.015625,1.265625,13.32371041,354.5307861,-5.132185827e-07,-2.927101814e-09
-2.015625,1.359375,13.32371041,389.3758942,-5.178375245e-07,-2.532029262e-09
-2.015625,1.453125,13.32371041,427.6457586,-5.161668485e-07,-1.530619093e-09
-2.015625,1.546875,13.32371041,469.676982,-5.104829187e-07,-1.192007627e-10
-2.015625,1.640625,13.32371041,515.83925,-5.086756515e-07,1.287547335e-09
-2.015625,1.734375,13.32371041,566.5385831,-5.029408384e-07,2.335949966e-09
-2.015625,1.828125,13.32371041,622.2209072,-5.000564183e-07,2.832705616e-09
-2.015625,1.921875,13.32371041,683.3759764,-4.891300927e-07,2.935410068e-09
-2.015625,2.015625,13.32371041,750.5416801,-4.740091832e-07,3.179286039e-09
-2.015625,2.109375,13.32371041,824.3087744,-4.573154693e-07,4.024843006e-09
-2.015625,2.203125,13.32371041,905.326078,-4.31064411e-07,3.977789057e-09
-2.015625,2.296875,13.32371041,994.3061786,-4.002416025e-07,1.322992506e-09
-2.015625,2.390625,13.32371041,1092.031701,-3.904841895e-07,-1.079787342e-09
-2.015625,2.484375,13.32371041,1199.36219,-3.278945196e-07,4.204786333e-09
-2.015625,2.578125,13.32371041,1317.241671,-2.714366542e-07,-3.50677219e-09
-2.015625,2.671875,13.32371041,1446.706953,-2.349627643e-07,-1.93864105e-10
-2.015625,2.765625,13.32371041,1588.896749,-1.511750453e-07,2.518801753e-09
-2.015625,2.859375,13.32371041,1745.061689,-1.170087532e-07,-5.303072887e-09
-2.015625,2.953125,13.32371041,1916.575322,-5.507321831e-08,-1.574765485e-10
-1.921875,-2.953125,14.63323316,5.217639967,-1.128106538e-08,-7.372724091e-07
-1.921875,-2.859375,14.63323316,5.730456443,-5.438758506e-08,-4.145679373e-07
-1.921875,-2.765625,14.63323316,6.293675158,-9.935451263e-08,-1.143571136e-07
-1.921875,-2.671875,14.63323316,6.912249904,-1.242222188e-07,8.940938434e-08
-1.921875,-2.578125,14.63323316,7.591621356,-1.334097211e-07,1.497325334e-07
-1.921875,-2.484375,14.63323316,8.337764926,-1.283491016e-07,1.471407445e-07
-1.921875,-2.390625,14.63323316,9.157243322,-1.015895112e-07,1.20746946e-07
-1.921875,-2.296875,14.63323316,10.05726427,-6.024066899e-08,1.072158241e-07
-1.921875,-2.203125,14.63323316,11.0457439,-1.031083909e-08,9.071847283e-08
-1.921875,-2.109375,14.63323316,12.13137638,4.619858001e-08,7.202603873e-08
-1.921875,-2.015625,14.63323316,13.32371041,9.266036758e-08,3.759780725e-08
-1.921875,-1.921875,14.63323316,14.63323316,1.241107237e-07,9.060387454e-09
-1.921875,-1.828125,14.63323316,16.07146254,1.421733853e-07,-1.448962031e-08
-1.921875,-1.734375,14.63323316,17.65104849,1.400670169e-07,-1.971462449e-08
-1.921875,-1.640625,14.63323316,19.38588426,1.209724254e-07,-1.448969055e-08
-1.921875,-1.546875,14.63323316,21.29122862,9.205784621e-08,-6.267993527e-09
-1.921875,-1.453125,14.63323316,23.38384001,5.469172567e-08,1.396453906e-11
-1.921875,-1.359375,14.63323316,25.68212401,1.31223667e-08,-8.880772663e-10
-1.921875,-1.265625,14.63323316,28.20629517,-2.542414444e-08,1.223544655e-09
-1.921875,-1.171875,14.63323316,30.97855485,-7.12481884e-08,-8.543915076e-09
-1.921875,-1.078125,14.63323316,34.02328646,-1.062200377e-07,-1.136779055e-08
-1.921875,-0.984375,14.63323316,37.36726994,-9.33247577e-08,2.857571107e-08
-1.921875,-0.890625,14.63323316,41.03991731,-1.08137114e-08,4.244525994e-08
-1.921875,-0.796875,14.63323316,45.07353134,1.686923316e-07,1.332652177e-07
-1.921875,-0.703125,14.63323316,49.50358969,2.771075488e-07,-8.293449342e-08
-1.921875,-0.609375,14.63323316,54.36905695,1.974620818e-07,-1.072284605e-07
-1.921875,-0.515625,14.63323316,59.71272734,-9.476696234e-09,-1.550286682e-07
-1.921875,-0.421875,14.63323316,65.58160113,-1.024073479e-07,3.435570648e-08
-1.921875,-0.328125,14.63323316,72.027298,3.500092142e-07,2.636810132e-07
-1.921875,-0.234375,14.63323316,79.10651109,8.683617057e-07,-1.932575731e-08
-1.921875,-0.140625,14.63323316,86.88150563,6.130797481e-07,-2.601198237e-07
-1.921875,-0.046875,14.63323316,95.4206666,8.790094917e-09,-7.801843644e-08
-1.921875,0.046875,14.63323316,104.7991002,9.536128586e-08,2.390879381e-07
-1.921875,0.140625,14.63323316,115.0992945,4.779769902e-07,-6.166009275e-08
-1.921875,0.234375,14.63323316,126.4118448,1.295349769e-07,-1.526828416e-07
-1.921875,0.328125,14.63323316,138.8362507,-1.417599139e-07,1.165439777e-07
-1.921875,0.421875,14.63323316,152.4817911,1.330415276e-07,2.68770494e-08
-1.921875,0.515625,14.63323316,167.4684853,3.974042811e-08,-7.11989695e-08
-1.921875,0.609375,14.63323316,183.9281489,-1.85788795e-07,2.969797469e-08
-1.921875,0.703125,14.63323316,202.0055528,-1.918977525e-07,-5.085762158e-09
-1.921875,0.796875,14.63323316,221.8596969,-2.79517066e-07,-1.040402116e-08
-1.921875,0.890625,14.63323316,243.6652083,-3.52125291e-07,2.195985056e-09
-1.921875,0.984375,14.63323316,267.6138775,-3.741695467e-07,-5.194470136e-09
-1.921875,1.078125,14.63323316,293.916345,-3.906706917e-07,-2.545525372e-09
-1.921875,1.171875,14.63323316,322.8039542,-3.915628734e-07,-2.832938496e-09
-1.921875,1.265625,14.63323316,354.5307861,-3.833427231e-07,-2.557308705e-09
-1.921875,1.359375,14.63323316,389.3758942,-3.755275372e-07,-2.481761651e-09
-1.921875,1.453125,14.63323316,427.6457586,-3.669549702e-07,-9.324104179e-10
-1.921875,1.546875,14.63323316,469.676982,-3.57830037e-07,1.007937236e-10
-1.921875,1.640625,14.63323316,515.83925,-3.490124396e-07,1.684251682e-09
-1.921875,1.734375,14.63323316,566.5385831,-3.435721997e-07,2.477973361e-09
-1.921875,1.828125,14.63323316,622.2209072,-3.366501441e-07,3.105258911e-09
-1.921875,1.921875,14.63323316,683.3759764,-3.28642784e-07,3.190691053e-09
-1.921875,2.015625,14.63323316,750.5416801,-3.216748073e-07,3.429503589e-09
-1.921875,2.109375,14.63323316,824.3087744,-3.108348541e-07,4.291437676e-09
-1.921875,2.203125,14.63323316,905.326078,-2.950018531e-07,4.388675305e-09
-1.921875,2.296875,14.63323316,994.3061786,-2.779019703e-07,1.54607601e-09
-1.921875,2.390625,14.63323316,1092.031701,-2.838084212e-07,-1.35974446e-09
-1.921875,2.484375,14.63323316,1199.36219,-2.253169412e-07,5.920139408e-09
-1.921875,2.578125,14.63323316,1317.241671,-1.890348319e-07,-4.206112346e-09
-1.921875,2.671875,14.63323316,1446.706953,-1.458741708e-07,1.322692862e-09
-1.921875,2.765625,14.63323316,1588.896749,-7.965072219e-08,2.488408928e-09
-1.921875,2.859375,14.63323316,1745.061689,-9.832574287e-08,-5.186268577e-09
-1.921875,2.953125,14.63323316,1916.575322,-5.24513328e-08,6.332875027e-10
-1.828125,-2.953125,16.07146254,5.217639967,2.984237308e-09,-7.863226535e-07
-1.828125,-2.859375,16.07146254,5.730456443,-4.626610537e-09,-4.95904797e-07
-1.828125,-2.765625,16.07146254,6.293675158,-1.655328206e-08,-1.597933241e-07
-1.828125,-2.671875,16.07146254,6.912249904,-2.958137267e-08,6.172805668e-08
-1.828125,-2.578125,16.07146254,7.591621356,-3.579951186e-08,1.519954921e-07
-1.828125,-2.484375,16.07146254,8.337764926,-2.645841927e-08,1.764861527e-07
-1.828125,-2.390625,16.07146254,9.157243322,-9.222429649e-09,1.716895217e-07
-1.828125,-2.296875,16.07146254,10.05726427,1.750886917e-08,1.693769926e-07
-1.828125,-2.203125,16.07146254,11.0457439,5.219481156e-08,1.565292982e-07
-1.828125,-2.109375,16.07146254,12.13137638,8.017948692e-08,1.218960016e-07
-1.828125,-2.015625,16.07146254,13.32371041,1.034545386e-07,7.47806748e-08
-1.828125,-1.921875,16.07146254,14.63323316,1.167785048e-07,2.350487e-08
-1.828125,-1.828125,16.07146254,16.07146254,1.097154092e-07,-1.698569789e-08
-1.828125,-1.734375,16.07146254,17.65104849,9.198992545e-08,-3.53090117e-08
-1.828125,-1.640625,16.07146254,19.38588426,6.294647186e-08,-3.961016402e-08
-1.828125,-1.546875,16.07146254,21.29122862,2.527166267e-08,-3.311577032e-08
-1.828125,-1.453125,16.07146254,23.38384001,-1.694047049e-08,-2.996373263e-08
-1.828125,-1.359375,16.07146254,25.68212401,-5.848712752e-08,-2.496063173e-08
-1.828125,-1.265625,16.07146254,28.20629517,-1.052089033e-07,-2.476187008e-08
-1.828125,-1.171875,16.07146254,30.97855485,-1.548268938e-07,-3.327368624e-08
-1.828125,-1.078125,16.07146254,34.02328646,-1.898344637e-07,-2.124620674e-08
-1.828125,-0.984375,16.07146254,37.36726994,-1.664551023e-07,5.308070224e-08
-1.828125,-0.890625,16.07146254,41.03991731,-4.088588913e-08,9.858621992e-08
-1.828125,-0.796875,16.07146254,45.07353134,2.231663377e-07,2.379400624e-07
-1.828125,-0.703125,16.07146254,49.50358969,3.690586925e-07,-1.007570342e-07
-1.828125,-0.609375,16.07146254,54.36905695,2.182350409e-07,-1.539998019e-07
-1.828125,-0.515625,16.07146254,59.71272734,-1.679381274e-07,-2.673303371e-07
-1.828125,-0.421875,16.07146254,65.58160113,-3.986504983e-07,6.257092946e-08
-1.828125,-0.328125,16.07146254,72.027298,2.639668273e-07,4.815764558e-07
-1.828125,-0.234375,16.07146254,79.10651109,1.150557127e-06,5.487694581e-08
-1.828125,-0.140625,16.07146254,86.88150563,9.052847789e-07,-4.181950891e-07
-1.828125,-0.046875,16.07146254,95.4206666,-2.910921658e-08,-1.809016291e-07
-1.828125,0.046875,16.07146254,104.7991002,-7.083104085e-08,3.433620276e-07
-1.828125,0.140625,16.07146254,115.0992945,5.157546954e-07,-3.124853891e-08
-1.828125,0.234375,16.07146254,126.4118448,1.684648173e-07,-2.663528744e-07
-1.828125,0.328125,16.07146254,138.8362507,-2.447572922e-07,1.4881325e-07
-1.828125,0.421875,16.07146254,152.4817911,1.794171743e-07,6.591705752e-08
-1.828125,0.515625,16.07146254,167.4684853,1.905703539e-07,-1.155585588e-07
-1.828125,0.609375,16.07146254,183.9281489,-7.203356115e-08,3.178241275e-08
-1.828125,0.703125,16.07146254,202.0055528,-5.791312305e-08,-7.573120593e-09
-1.828125,0.796875,16.07146254,221.8596969,-1.384099179e-07,-1.954761586e-08
-1.828125,0.890625,16.07146254,243.6652083,-2.150874067e-07,1.477417417e-09
-1.828125,0.984375,16.07146254,267.6138775,-2.170354163e-07,-5.877588442e-09
-1.828125,1.078125,16.07146254,293.916345,-2.123533195e-07,-2.142040505e-09
-1.828125,1.171875,16.07146254,322.8039542,-1.889125376e-07,-1.771322806e-09
-1.828125,1.265625,16.07146254,354.5307861,-1.669390935e-07,-1.838888899e-09
-1.828125,1.359375,16.07146254,389.3758942,-1.468713003e-07,-1.648636586e-09
-1.828125,1.453125,16.07146254,427.6457586,-1.301128868e-07,-3.795764085e-10
-1.828125,1.546875,16.07146254,469.676982,-1.145154255e-07,8.220774618e-10
-1.828125,1.640625,16.07146254,515.83925,-1.028109105e-07,2.014615286e-09
-1.828125,1.734375,16.07146254,566.5385831,-1.037319952e-07,2.576982327e-09
-1.828125,1.828125,16.07146254,622.2209072,-1.007100705e-07,3.471448171e-09
-1.828125,1.921875,16.07146254,683.3759764,-9.550923329e-08,3.31038006e-09
-1.828125,2.015625,16.07146254,750.5416801,-9.12624132e-08,3.654809772e-09
-1.828125,2.109375,16.07146254,824.3087744,-1.016122269e-07,4.136620374e-09
-1.828125,2.203125,16.07146254,905.326078,-1.018588621e-07,4.79840429e-09
-1.828125,2.296875,16.07146254,994.3061786,-1.057084648e-07,1.311987253e-09
-1.828125,2.390625,16.07146254,1092.031701,-1.398542051e-07,-1.86717674e-09
-1.828125,2.484375,16.07146254,1199.36219,-9.769340343e-08,7.752617012e-09
-1.828125,2.578125,16.07146254,1317.241671,-7.597294447e-08,-5.379830345e-09
-1.828125,2.671875,16.07146254,1446.706953,-3.300748914e-08,3.468641089e-09
-1.828125,2.765625,16.07146254,1588.896749,1.030713613e-08,1.558459655e-09
-1.828125,2.859375,16.07146254,1745.061689,-7.049454747e-08,-5.228710038e-09
-1.828125,2.953125,16.07146254,1916.575322,-3.858867798e-08,1.394536385e-09
-1.734375,-2.953125,17.65104849,5.217639967,1.844191957e-08,-7.313042683e-07
-1.734375,-2.859375,17.65104849,5.730456443,4.146451317e-08,-4.931119391e-07
-1.734375,-2.765625,17.65104849,6.293675158,4.745436777e-08,-1.603623297e-07
-1.734375,-2.671875,17.65104849,6.912249904,4.897952038e-08,4.963410136e-08
-1.734375,-2.578125,17.65104849,7.591621356,5.223500144e-08,1.652287226e-07
-1.734375,-2.484375,17.65104849,8.337764926,5.774826432e-08,1.987422744e-07
-1.734375,-2.390625,17.65104849,9.157243322,6.641975038e-08,2.024342942e-07
-1.734375,-2.296875,17.65104849,10.05726427,8.019915219e-08,2.141101339e-07
-1.734375,-2.203125,17.65104849,11.0457439,9.483831356e-08,1.95078074e-07
-1.734375,-2.109375,17.65104849,12.13137638,1.06586296e-07,1.451039436e-07
-1.734375,-2.015625,17.65104849,13.32371041,1.096576883e-07,8.906577764e-08
-1.734375,-1.921875,17.65104849,14.63323316,9.954159459e-08,1.530194129e-08
-1.734375,-1.828125,17.65104849,16.07146254,8.493175134e-08,-3.131960592e-08
-1.734375,-1.734375,17.65104849,17.65104849,5.859145424e-08,-6.430798016e-08
-1.734375,-1.640625,17.65104849,19.38588426,1.9941769e-08,-7.288487922e-08
-1.734375,-1.546875,17.65104849,21.29122862,-2.076419108e-08,-6.650774943e-08
-1.734375,-1.453125,17.65104849,23.38384001,-6.06424497e-08,-6.020213921e-08
-1.734375,-1.359375,17.65104849,25.68212401,-1.054010694e-07,-5.572971583e-08
-1.734375,-1.265625,17.65104849,28.20629517,-1.604896616e-07,-5.893096358e-08
-1.734375,-1.171875,17.65104849,30.97855485,-2.236064287e-07,-6.483928991e-08
-1.734375,-1.078125,17.65104849,34.02328646,-2.714957205e-07,-3.474452112e-08
-1.734375,-0.984375,17.65104849,37.36726994,-2.295249611e-07,9.566319246e-08
-1.734375,-0.890625,17.65104849,41.03991731,-3.507999372e-08,1.922428139e-07
-1.734375,-0.796875,17.65104849,45.07353134,3.399919557e-07,3.977157128e-07
-1.734375,-0.703125,17.65104849,49.50358969,5.210731816e-07,-1.38062804e-07
-1.734375,-0.609375,17.65104849,54.36905695,2.433859842e-07,-2.511145084e-07
-1.734375,-0.515625,17.65104849,59.71272734,-4.51566348e-07,-4.900436604e-07
-1.734375,-0.421875,17.65104849,65.58160113,-9.4387454e-07,8.073077279e-08
-1.734375,-0.328125,17.65104849,72.027298,1.032130695e-08,8.523835732e-07
-1.734375,-0.234375,17.65104849,79.10651109,1.509303764e-06,2.258678671e-07
-1.734375,-0.140625,17.65104849,86.88150563,1.392016785e-06,-6.481545722e-07
-1.734375,-0.046875,17.65104849,95.4206666,-1.495369877e-08,-3.846015966e-07
-1.734375,0.046875,17.65104849,104.7991002,-3.495595651e-07,4.742917389e-07
-1.734375,0.140625,17.65104849,115.0992945,4.766365906e-07,5.118148519e-08
-1.734375,0.234375,17.65104849,126.4118448,1.688485733e-07,-4.328099748e-07
-1.734375,0.328125,17.65104849,138.8362507,-4.386292775e-07,1.836543192e-07
-1.734375,0.421875,17.65104849,152.4817911,1.776257875e-07,1.471641905e-07
-1.734375,0.515625,17.65104849,167.4684853,3.867155505e-07,-1.69796002e-07
-1.734375,0.609375,17.65104849,183.9281489,9.145869425e-08,3.383377818e-08
-1.734375,0.703125,17.65104849,202.0055528,1.213586021e-07,-7.329384903e-09
-1.734375,0.796875,17.65104849,221.8596969,4.314695879e-08,-3.172267238e-08
-1.734375,0.890625,17.65104849,243.6652083,-5.12986746e-08,1.293851428e-09
-1.734375,0.984375,17.65104849,267.6138775,-5.132705776e-08,-5.891463047e-09
-1.734375,1.078125,17.65104849,293.916345,-3.108195175e-08,-1.758567574e-10
-1.734375,1.171875,17.65104849,322.8039542,1.058467901e-08,2.193183524e-10
-1.734375,1.265625,17.65104849,354.5307861,5.029734377e-08,-2.8416818e-10
-1.734375,1.359375,17.65104849,389.3758942,8.471116874e-08,-3.062806726e-10
-1.734375,1.453125,17.65104849,427.6457586,1.030086183e-07,1.725914134e-10
-1.734375,1.546875,17.65104849,469.676982,1.142154672e-07,1.666692926e-09
-1.734375,1.640625,17.65104849,515.83925,1.162956039e-07,2.045967205e-09
-1.734375,1.734375,17.65104849,566.5385831,1.181094704e-07,2.842773285e-09
-1.734375,1.828125,17.65104849,622.2209072,1.112908128e-07,3.307251018e-09
-1.734375,1.921875,17.65104849,683.3759764,1.080210042e-07,3.658078639e-09
-1.734375,2.015625,17.65104849,750.5416801,9.543695534e-08,3.232570265e-09
-1.734375,2.109375,17.65104849,824.3087744,8.086981927e-08,4.070233063e-09
-1.734375,2.203125,17.65104849,905.326078,5.901795552e-08,4.439180541e-09
-1.734375,2.296875,17.65104849,994.3061786,2.794411845e-08,9.726473095e-10
-1.734375,2.390625,17.65104849,1092.031701,-3.80458585e-08,-3.313058055e-09
-1.734375,2.484375,17.65104849,1199.36219,-2.045196424e-10,1.03282971e-08
-1.734375,2.578125,17.65104849,1317.241671,5.517216154e-09,-7.637752334e-09
-1.734375,2.671875,17.65104849,1446.706953,7.789494002e-08,7.130500354e-09
-1.734375,2.765625,17.65104849,1588.896749,1.09212123e-07,-1.117869826e-09
-1.734375,2.859375,17.65104849,1745.061689,-6.033900186e-08,-5.183053893e-09
-1.734375,2.953125,17.65104849,1916.575322,-2.561900998e-08,2.017317253e-09
-1.640625,-2.953125,19.38588426,5.217639967,2.662888109e-08,-5.782948231e-07
-1.640625,-2.859375,19.38588426,5.730456443,6.92493806e-08,-4.169608966e-07
-1.640625,-2.765625,19.38588426,6.293675158,9.182878589e-08,-1.285688253e-07
-1.640625,-2.671875,19.38588426,6.912249904,1.05484769e-07,7.711276664e-08
-1.640625,-2.578125,19.38588426,7.591621356,1.110739189e-07,1.700563373e-07
-1.640625,-2.484375,19.38588426,8.337764926,1.111877181e-07,2.098809365e-07
-1.640625,-2.390625,19.38588426,9.157243322,1.154590061e-07,2.218453534e-07
-1.640625,-2.296875,19.38588426,10.05726427,1.193852674e-07,2.335796352e-07
-1.640625,-2.203125,19.38588426,11.0457439,1.17720003e-07,2.02238168e-07
-1.640625,-2.109375,19.38588426,12.13137638,1.125029118e-07,1.506664672e-07
-1.640625,-2.015625,19.38588426,13.32371041,1.02098608e-07,7.542887485e-08
-1.640625,-1.921875,19.38588426,14.63323316,8.733394978e-08,-2.043362813e-09
-1.640625,-1.828125,19.38588426,16.07146254,6.415555995e-08,-5.804835284e-08
-1.640625,-1.734375,19.38588426,17.65104849,3.19951491e-08,-1.01043711e-07
-1.640625,-1.640625,19.38588426,19.38588426,-1.996380484e-09,-1.091096834e-07
-1.640625,-1.546875,19.38588426,21.29122862,-3.82606132e-08,-1.012437805e-07
-1.640625,-1.453125,19.38588426,23.38384001,-7.789178516e-08,-9.287706809e-08
-1.640625,-1.359375,19.38588426,25.68212401,-1.287489149e-07,-9.634442122e-08
-1.640625,-1.265625,19.38588426,28.20629517,-1.983999691e-07,-1.051415562e-07
-1.640625,-1.171875,19.38588426,30.97855485,-2.8565397e-07,-1.142496663e-07
-1.640625,-1.078125,19.38588426,34.02328646,-3.465580839e-07,-5.034139693e-08
-1.640625,-0.984375,19.38588426,37.36726994,-2.704258451e-07,1.697271785e-07
-1.640625,-0.890625,19.38588426,41.03991731,3.625033948e-08,3.524641576e-07
-1.640625,-0.796875,19.38588426,45.07353134,5.753575775e-07,6.356397779e-07
-1.640625,-0.703125,19.38588426,49.50358969,7.953720066e-07,-2.106975669e-07
-1.640625,-0.609375,19.38588426,54.36905695,3.060912321e-07,-4.448804445e-07
-1.640625,-0.515625,19.38588426,59.71272734,-9.268809281e-07,-9.239295612e-07
-1.640625,-0.421875,19.38588426,65.58160113,-1.8867103e-06,6.623498011e-08
-1.640625,-0.328125,19.38588426,72.027298,-5.223159439e-07,1.475166007e-06
-1.640625,-0.234375,19.38588426,79.10651109,1.983949739e-06,5.979213715e-07
-1.640625,-0.140625,19.38588426,86.88150563,2.281357731e-06,-9.54521664e-07
-1.640625,-0.046875,19.38588426,95.4206666,2.257254106e-07,-7.782828461e-07
-1.640625,0.046875,19.38588426,104.7991002,-7.481823585e-07,6.098638206e-07
-1.640625,0.140625,19.38588426,115.0992945,2.949710146e-07,2.21713637e-07
-1.640625,0.234375,19.38588426,126.4118448,9.644599316e-08,-6.710956466e-07
-1.640625,0.328125,19.38588426,138.8362507,-8.009150566e-07,2.109232817e-07
-1.640625,0.421875,19.38588426,152.4817911,4.507228178e-08,2.982461508e-07
-1.640625,0.515625,19.38588426,167.4684853,5.891836908e-07,-2.287376299e-07
-1.640625,0.609375,19.38588426,183.9281489,3.038017898e-07,3.487286451e-08
-1.640625,0.703125,19.38588426,202.0055528,3.449881144e-07,-3.777909597e-09
-1.640625,0.796875,19.38588426,221.8596969,2.472208685e-07,-4.987244307e-08
-1.640625,0.890625,19.38588426,243.6652083,9.156442812e-08,-5.003093339e-10
-1.640625,0.984375,19.38588426,267.6138775,6.174665902e-08,-6.587602615e-09
-1.640625,1.078125,19.38588426,293.916345,7.220592921e-08,2.840358388e-09
-1.640625,1.171875,19.38588426,322.8039542,1.258425388e-07,3.271443852e-09
-1.640625,1.265625,19.38588426,354.5307861,1.839630509e-07,2.402768373e-09
-1.640625,1.359375,19.38588426,389.3758942,2.24546306e-07,1.124754093e-09
-1.640625,1.453125,19.38588426,427.6457586,2.513645049e-07,1.139873738e-09
-1.640625,1.546875,19.38588426,469.676982,2.493576789e-07,1.431627012e-09
-1.640625,1.640625,19.38588426,515.83925,2.456021814e-07,2.462936282e-09
-1.640625,1.734375,19.38588426,566.5385831,2.3415967e-07,2.317148994e-09
-1.640625,1.828125,19.38588426,622.2209072,2.210256427e-07,3.318822444e-09
-1.640625,1.921875,19.38588426,683.3759764,2.068779155e-07,3.259003253e-09
-1.640625,2.015625,19.38588426,750.5416801,1.9501018e-07,3.08503672e-09
-1.640625,2.109375,19.38588426,824.3087744,1.643138771e-07,3.202490324e-09
-1.640625,2.203125,19.38588426,905.326078,1.223476266e-07,3.908326846e-09
-1.640625,2.296875,19.38588426,994.3061786,7.136530375e-08,-1.930564972e-10
-1.640625,2.390625,19.38588426,1092.031701,-2.086031463e-08,-5.177234898e-09
-1.640625,2.484375,19.38588426,1199.36219,2.525695913e-08,1.348874044e-08
-1.640625,2.578125,19.38588426,1317.241671,3.117901178e-08,-1.072346428e-08
-1.640625,2.671875,19.38588426,1446.706953,1.860568897e-07,1.326892303e-08
-1.640625,2.765625,19.38588426,1588.896749,2.045726263e-07,-6.424670446e-09
-1.640625,2.859375,19.38588426,1745.061689,-6.130615988e-08,-4.847888229e-09
-1.640625,2.953125,19.38588426,1916.575322,-1.596698258e-08,2.508833907e-09
-1.546875,-2.953125,21.29122862,5.217639967,3.084836805e-08,-3.571977726e-07
-1.546875,-2.859375,21.29122862,5.730456443,8.399272607e-08,-2.787665723e-07
-1.546875,-2.765625,21.29122862,6.293675158,1.18745727e-07,-5.196122964e-08
-1.546875,-2.671875,21.29122862,6.912249904,1.366788657e-07,1.143071141e-07
-1.546875,-2.578125,21.29122862,7.591621356,1.432284946e-07,1.759023388e-07
-1.546875,-2.484375,21.29122862,8.337764926,1.452249981e-07,2.131177849e-07
-1.546875,-2.390625,21.29122862,9.157243322,1.414025525e-07,2.220257533e-07
-1.546875,-2.296875,21.29122862,10.05726427,1.310511702e-07,2.230491263e-07
-1.546875,-2.203125,21.29122862,11.0457439,1.204243728e-07,1.919561119e-07
-1.546875,-2.109375,21.29122862,12.13137638,1.073370928e-07,1.305490414e-07
-1.546875,-2.015625,21.29122862,13.32371041,8.895168543e-08,5.106334411e-08
-1.546875,-1.921875,21.29122862,14.63323316,6.806099235e-08,-2.821802126e-08
-1.546875,-1.828125,21.29122862,16.07146254,4.329943025e-08,-9.401590285e-08
-1.546875,-1.734375,21.29122862,17.65104849,1.847033387e-08,-1.329609604e-07
-1.546875,-1.640625,21.29122862,19.38588426,-8.264648506e-09,-1.432764779e-07
-1.546875,-1.546875,21.29122862,21.29122862,-4.013186977e-08,-1.357902526e-07
-1.546875,-1.453125,21.29122862,23.38384001,-8.202956132e-08,-1.334736016e-07
-1.546875,-1.359375,21.29122862,25.68212401,-1.445686803e-07,-1.503489964e-07
-1.546875,-1.265625,21.29122862,28.20629517,-2.41049788e-07,-1.773805925e-07
-1.546875,-1.171875,21.29122862,30.97855485,-3.562647962e-07,-1.831515353e-07
-1.546875,-1.078125,21.29122862,34.02328646,-4.155765156e-07,-6.048269671e-08
-1.546875,-0.984375,21.29122862,37.36726994,-2.6476037e-07,3.051227725e-07
-1.546875,-0.890625,21.29122862,41.03991731,2.239587843e-07,6.261189355e-07
-1.546875,-0.796875,21.29122862,45.07353134,1.018363267e-06,1.000209625e-06
-1.546875,-0.703125,21.29122862,49.50358969,1.299939988e-06,-3.462292784e-07
-1.546875,-0.609375,21.29122862,54.36905695,4.332644514e-07,-8.288524524e-07
-1.546875,-0.515625,21.29122862,59.71272734,-1.724051387e-06,-1.752973102e-06
-1.546875,-0.421875,21.29122862,65.58160113,-3.49226808e-06,-2.582107844e-08
-1.546875,-0.328125,21.29122862,72.027298,-1.571465188e-06,2.507687037e-06
-1.546875,-0.234375,21.29122862,79.10651109,2.599938213e-06,1.380346516e-06
-1.546875,-0.140625,21.29122862,86.88150563,3.909693051e-06,-1.298179563e-06
-1.546875,-0.046875,21.29122862,95.4206666,1.062066742e-06,-1.513412642e-06
-1.546875,0.046875,21.29122862,104.7991002,-1.168080309e-06,6.686428921e-07
-1.546875,0.140625,21.29122862,115.0992945,-1.04818702e-07,5.326331176e-07
-1.546875,0.234375,21.29122862,126.4118448,-1.393076021e-07,-1.008869058e-06
-1.546875,0.328125,21.29122862,138.8362507,-1.485959627e-06,2.057307878e-07
-1.546875,0.421875,21.29122862,152.4817911,-3.761458042e-07,5.639150967e-07
-1.546875,0.515625,21.29122862,167.4684853,7.370120438e-07,-2.775402363e-07
-1.546875,0.609375,21.29122862,183.9281489,5.720631592e-07,3.833936482e-08
-1.546875,0.703125,21.29122862,202.0055528,6.670479625e-07,4.585245201e-09
-1.546875,0.796875,21.29122862,221.8596969,5.23526338e-07,-8.037682314e-08
-1.546875,0.890625,21.29122862,243.6652083,2.309499357e-07,-9.359522812e-09
-1.546875,0.984375,21.29122862,267.6138775,1.035395219e-07,-1.112425416e-08
-1.546875,1.078125,21.29122862,293.916345,5.798563966e-08,4.834176022e-09
-1.546875,1.171875,21.29122862,322.8039542,1.086028304e-07,8.22240665e-09
-1.546875,1.265625,21.29122862,354.5307861,1.817820582e-07,5.666202874e-09
-1.546875,1.359375,21.29122862,389.3758942,2.414709818e-07,3.61890141e-09
-1.546875,1.453125,21.29122862,427.6457586,2.671071554e-07,1.530442185e-09
-1.546875,1.546875,21.29122862,469.676982,2.740899979e-07,1.523413324e-09
-1.546875,1.640625,21.29122862,515.83925,2.579644514e-07,1.735746965e-09
-1.546875,1.734375,21.29122862,566.5385831,2.348203733e-07,1.819233847e-09
-1.546875,1.828125,21.29122862,622.2209072,2.173732428e-07,2.821938457e-09
-1.546875,1.921875,21.29122862,683.3759764,2.003988356e-07,2.847915574e-09
-1.546875,2.015625,21.29122862,750.5416801,1.81481738e-07,2.669465034e-09
-1.546875,2.109375,21.29122862,824.3087744,1.416975178e-07,1.839522568e-09
-1.546875,2.203125,21.29122862,905.326078,9.335510513e-08,3.085735164e-09
-1.546875,2.296875,21.29122862,994.3061786,4.024948861e-09,-2.476797704e-09
-1.546875,2.390625,21.29122862,1092.031701,-1.101051228e-07,-7.269131588e-09
-1.546875,2.484375,21.29122862,1199.36219,-3.591387366e-08,1.767975368e-08
-1.546875,2.578125,21.29122862,1317.241671,1.073962056e-08,-1.425142263e-08
-1.546875,2.671875,21.29122862,1446.706953,3.015026969e-07,2.341812263e-08
-1.546875,2.765625,21.29122862,1588.896749,3.273224646e-07,-1.567748091e-08
-1.546875,2.859375,21.29122862,1745.061689,-6.448943626e-08,-3.767507192e-09
-1.546875,2.953125,21.29122862,1916.575322,8.213304148e-09,2.707028084e-09
-1.453125,-2.953125,23.38384001,5.217639967,3.165312912e-08,-8.980587271e-08
-1.453125,-2.859375,23.38384001,5.730456443,8.723709848e-08,-1.011415987e-07
-1.453125,-2.765625,23.38384001,6.293675158,1.249367028e-07,5.743158799e-08
-1.453125,-2.671875,23.38384001,6.912249904,1.467883629e-07,1.566500298e-07
-1.453125,-2.578125,23.38384001,7.591621356,1.558301794e-07,1.905999287e-07
-1.453125,-2.484375,23.38384001,8.337764926,1.524342109e-07,1.973600425e-07
-1.453125,-2.390625,23.38384001,9.157243322,1.406967281e-07,1.99273441e-07
-1.453125,-2.296875,23.38384001,10.05726427,1.261143037e-07,1.912848619e-07
-1.453125,-2.203125,23.38384001,11.0457439,1.080749793e-07,1.645167512e-07
-1.453125,-2.109375,23.38384001,12.13137638,8.74703384e-08,9.420365402e-08
-1.453125,-2.015625,23.38384001,13.32371041,6.544631533e-08,1.71104226e-08
-1.453125,-1.921875,23.38384001,14.63323316,4.481440405e-08,-5.991757709e-08
-1.453125,-1.828125,23.38384001,16.07146254,2.64278077e-08,-1.235757797e-07
-1.453125,-1.734375,23.38384001,17.65104849,6.465226464e-09,-1.613829255e-07
-1.453125,-1.640625,23.38384001,19.38588426,-1.556098171e-08,-1.73010183e-07
-1.453125,-1.546875,23.38384001,21.29122862,-4.457911725e-08,-1.727327326e-07
-1.453125,-1.453125,23.38384001,23.38384001,-9.602053951e-08,-1.898792506e-07
-1.453125,-1.359375,23.38384001,25.68212401,-1.839922385e-07,-2.314915461e-07
-1.453125,-1.265625,23.38384001,28.20629517,-3.113128759e-07,-2.822823928e-07
-1.453125,-1.171875,23.38384001,30.97855485,-4.476301561e-07,-2.705260195e-07
-1.453125,-1.078125,23.38384001,34.02328646,-4.719534405e-07,-3.58597115e-08
-1.453125,-0.984375,23.38384001,37.36726994,-1.564048468e-07,5.671924869e-07
-1.453125,-0.890625,23.38384001,41.03991731,6.588776027e-07,1.103602906e-06
-1.453125,-0.796875,23.38384001,45.07353134,1.850157523e-06,1.567694048e-06
-1.453125,-0.703125,23.38384001,49.50358969,2.186246938e-06,-5.99310904e-07
-1.453125,-0.609375,23.38384001,54.36905695,6.486096101e-07,-1.589864434e-06
-1.453125,-0.515625,23.38384001,59.71272734,-3.074815305e-06,-3.303502163e-06
-1.453125,-0.421875,23.38384001,65.58160113,-6.25270154e-06,-3.027413577e-07
-1.453125,-0.328125,23.38384001,72.027298,-3.590049047e-06,4.214615607e-06
-1.453125,-0.234375,23.38384001,79.10651109,3.349095145e-06,2.979677489e-06
-1.453125,-0.140625,23.38384001,86.88150563,6.84222314e-06,-1.525567916e-06
-1.453125,-0.046875,23.38384001,95.4206666,3.235695593e-06,-2.82363881e-06
-1.453125,0.046875,23.38384001,104.7991002,-1.247069694e-06,4.462304989e-07
-1.453125,0.140625,23.38384001,115.0992945,-7.547205673e-07,1.028999324e-06
-1.453125,0.234375,23.38384001,126.4118448,-6.857455978e-07,-1.486395847e-06
-1.453125,0.328125,23.38384001,138.8362507,-2.756957733e-06,1.12330047e-07
-1.453125,0.421875,23.38384001,152.4817911,-1.398022525e-06,1.01481238e-06
-1.453125,0.515625,23.38384001,167.4684853,6.725006732e-07,-2.769239653e-07
-1.453125,0.609375,23.38384001,183.9281489,9.141438813e-07,6.049210092e-08
-1.453125,0.703125,23.38384001,202.0055528,1.199546677e-06,2.47382242e-08
-1.453125,0.796875,23.38384001,221.8596969,1.035213518e-06,-1.311787964e-07
-1.453125,0.890625,23.38384001,243.6652083,5.225260083e-07,-3.588020759e-08
-1.453125,0.984375,23.38384001,267.6138775,1.666752446e-07,-2.867279078e-08
-1.453125,1.078125,23.38384001,293.916345,-2.433312726e-08,2.876687656e-09
-1.453125,1.171875,23.38384001,322.8039542,-3.244414242e-08,1.28641304e-08
-1.453125,1.265625,23.38384001,354.5307861,5.3467141e-08,1.162114093e-08
-1.453125,1.359375,23.38384001,389.3758942,1.405508987e-07,6.731942923e-09
-1.453125,1.453125,23.38384001,427.6457586,1.948818063e-07,3.007294753e-09
-1.453125,1.546875,23.38384001,469.676982,2.166791574e-07,1.677165504e-09
-1.453125,1.640625,23.38384001,515.83925,2.062423662e-07,5.560557595e-10
-1.453125,1.734375,23.38384001,566.5385831,1.840241108e-07,1.136670358e-09
-1.453125,1.828125,23.38384001,622.2209072,1.537275712e-07,1.724583434e-09
-1.453125,1.921875,23.38384001,683.3759764,1.446134749e-07,3.056402632e-09
-1.453125,2.015625,23.38384001,750.5416801,1.181629917e-07,1.141208185e-09
-1.453125,2.109375,23.38384001,824.3087744,6.936608416e-08,8.174932878e-10
-1.453125,2.203125,23.38384001,905.326078,-2.185261607e-08,4.448613437e-10
-1.453125,2.296875,23.38384001,994.3061786,-1.415781072e-07,-4.928685751e-09
-1.453125,2.390625,23.38384001,1092.031701,-2.877352475e-07,-1.079362363e-08
-1.453125,2.484375,23.38384001,1199.36219,-1.745263931e-07,2.476264672e-08
-1.453125,2.578125,23.38384001,1317.241671,-5.231512961e-08,-1.859729368e-08
-1.453125,2.671875,23.38384001,1446.706953,4.893865627e-07,4.134608786e-08
-1.453125,2.765625,23.38384001,1588.896749,5.389798641e-07,-3.19744038e-08
-1.453125,2.859375,23.38384001,1745.061689,-4.225219629e-08,-7.353909691e-10
-1.453125,2.953125,23.38384001,1916.575322,7.24053011e-08,1.908701526e-09
-1.359375,-2.953125,25.68212401,5.217639967,2.590601343e-08,1.776807496e-07
-1.359375,-2.859375,25.68212401,5.730456443,7.930300777e-08,1.162667688e-07
-1.359375,-2.765625,25.68212401,6.293675158,1.199822495e-07,1.790234551e-07
-1.359375,-2.671875,25.68212401,6.912249904,1.391496759e-07,2.030688524e-07
-1.359375,-2.578125,25.68212401,7.591621356,1.433873013e-07,1.956414028e-07
-1.359375,-2.484375,25.68212401,8.337764926,1.384692903e-07,1.693437478e-07
-1.359375,-2.390625,25.68212401,9.157243322,1.237804869e-07,1.545038452e-07
-1.359375,-2.296875,25.68212401,10.05726427,1.032940307e-07,1.482998984e-07
-1.359375,-2.203125,25.68212401,11.0457439,8.041251085e-08,1.138676501e-07
-1.359375,-2.109375,25.68212401,12.13137638,5.628518203e-08,4.981964844e-08
-1.359375,-2.015625,25.68212401,13.32371041,3.533700762e-08,-2.136468481e-08
-1.359375,-1.921875,25.68212401,14.63323316,1.634902471e-08,-9.043658614e-08
-1.359375,-1.828125,25.68212401,16.07146254,-5.740454278e-10,-1.485480599e-07
-1.359375,-1.734375,25.68212401,17.65104849,-1.47716139e-08,-1.844460016e-07
-1.359375,-1.640625,25.68212401,19.38588426,-3.491367016e-08,-2.042682116e-07
-1.359375,-1.546875,25.68212401,21.29122862,-7.402052775e-08,-2.229771399e-07
-1.359375,-1.453125,25.68212401,23.38384001,-1.445180983e-07,-2.73126692e-07
-1.359375,-1.359375,25.68212401,25.68212401,-2.598289194e-07,-3.510847172e-07
-1.359375,-1.265625,25.68212401,28.20629517,-4.117261744e-07,-4.173622285e-07
-1.359375,-1.171875,25.68212401,30.97855485,-5.305527146e-07,-3.496436086e-07
-1.359375,-1.078125,25.68212401,34.02328646,-4.203010423e-07,1.016677527e-07
-1.359375,-0.984375,25.68212401,37.36726994,2.330038922e-07,1.090315062e-06
-1.359375,-0.890625,25.68212401,41.03991731,1.609186565e-06,1.951069777e-06
-1.359375,-0.796875,25.68212401,45.07353134,3.386386612e-06,2.439300139e-06
-1.359375,-0.703125,25.68212401,49.50358969,3.699076953e-06,-1.095826483e-06
-1.359375,-0.609375,25.68212401,54.36905695,9.442314614e-07,-3.086355866e-06
-1.359375,-0.515625,25.68212401,59.71272734,-5.464715571e-06,-6.182902274e-06
-1.359375,-0.421875,25.68212401,65.58160113,-1.110726633e-05,-9.922775355e-07
-1.359375,-0.328125,25.68212401,72.027298,-7.491569047e-06,7.032965356e-06
-1.359375,-0.234375,25.68212401,79.10651109,4.044452049e-06,6.182235298e-06
-1.359375,-0.140625,25.68212401,86.88150563,1.201557531e-05,-1.200371141e-06
-1.359375,-0.046875,25.68212401,95.4206666,8.225560632e-06,-5.032198134e-06
-1.359375,0.046875,25.68212401,104.7991002,-1.444934916e-08,-5.005958854e-07
-1.359375,0.140625,25.68212401,115.0992945,-1.44714162e-06,1.683332584e-06
-1.359375,0.234375,25.68212401,126.4118448,-1.741278075e-06,-2.184003171e-06
-1.359375,0.328125,25.68212401,138.8362507,-5.105643933e-06,-1.869154959e-07
-1.359375,0.421875,25.68212401,152.4817911,-3.676188112e-06,1.74782137e-06
-1.359375,0.515625,25.68212401,167.4684853,-5.426849122e-08,-1.319203117e-07
-1.359375,0.609375,25.68212401,183.9281489,1.219095046e-06,1.508261396e-07
-1.359375,0.703125,25.68212401,202.0055528,2.106522832e-06,8.519770696e-08
-1.359375,0.796875,25.68212401,221.8596969,2.102775846e-06,-2.06815736e-07
-1.359375,0.890625,25.68212401,243.6652083,1.29917044e-06,-9.807201e-08
-1.359375,0.984375,25.68212401,267.6138775,5.562754663e-07,-7.49507868e-08
-1.359375,1.078125,25.68212401,293.916345,3.576314675e-08,-1.491152291e-08
-1.359375,1.171875,25.68212401,322.8039542,-1.472269417e-07,1.406087042e-08
-1.359375,1.265625,25.68212401,354.5307861,-1.085051642e-07,1.905354641e-08
-1.359375,1.359375,25.68212401,389.3758942,1.18337451e-08,1.30897582e-08
-1.359375,1.453125,25.68212401,427.6457586,1.291541746e-07,7.20803511e-09
-1.359375,1.546875,25.68212401,469.676982,1.908311681e-07,2.321454476e-09
-1.359375,1.640625,25.68212401,515.83925,2.161055636e-07,8.220345793e-10
-1.359375,1.734375,25.68212401,566.5385831,2.018060251e-07,-6.5226461e-10
-1.359375,1.828125,25.68212401,622.2209072,1.803532232e-07,1.371397612e-09
-1.359375,1.921875,25.68212401,683.3759764,1.486203304e-07,1.918279831e-09
-1.359375,2.015625,25.68212401,750.5416801,1.090323231e-07,6.915636738e-11
-1.359375,2.109375,25.68212401,824.3087744,1.924195373e-08,-2.432915476e-09
-1.359375,2.203125,25.68212401,905.326078,-1.411172783e-07,-3.566867546e-09
-1.359375,2.296875,25.68212401,994.3061786,-3.431418119e-07,-9.456488446e-09
-1.359375,2.390625,25.68212401,1092.031701,-5.51338218e-07,-1.512911398e-08
-1.359375,2.484375,25.68212401,1199.36219,-3.567006134e-07,3.560093036e-08
-1.359375,2.578125,25.68212401,1317.241671,-1.02347395e-07,-2.248277669e-08
-1.359375,2.671875,25.68212401,1446.706953,8.54052324e-07,7.209429132e-08
-1.359375,2.765625,25.68212401,1588.896749,9.427764474e-07,-5.961536918e-08
-1.359375,2.859375,25.68212401,1745.061689,1.216378802e-07,5.96934669e-09
-1.359375,2.953125,25.68212401,1916.575322,2.337411983e-07,-1.835399769e-09
-1.265625,-2.953125,28.20629517,5.217639967,2.523024411e-08,4.402500755e-07
-1.265625,-2.859375,28.20629517,5.730456443,6.81083779e-08,3.217702678e-07
-1.265625,-2.765625,28.20629517,6.293675158,9.719262378e-08,2.987375312e-07
-1.265625,-2.671875,28.20629517,6.912249904,1.163200932e-07,2.528465636e-07
-1.265625,-2.578125,28.20629517,7.591621356,1.197506384e-07,1.809528529e-07
-1.265625,-2.484375,28.20629517,8.337764926,1.091231527e-07,1.310422212e-07
-1.265625,-2.390625,28.20629517,9.157243322,9.118116399e-08,9.252007903e-08
-1.265625,-2.296875,28.20629517,10.05726427,6.830219692e-08,8.922756718e-08
-1.265625,-2.203125,28.20629517,11.0457439,4.442127216e-08,5.377384178e-08
-1.265625,-2.109375,28.20629517,12.13137638,2.147873931e-08,-5.555599408e-10
-1.265625,-2.015625,28.20629517,13.32371041,-1.069183964e-09,-6.412391821e-08
-1.265625,-1.921875,28.20629517,14.63323316,-2.014588455e-08,-1.217988629e-07
-1.265625,-1.828125,28.20629517,16.07146254,-3.230114319e-08,-1.67388617e-07
-1.265625,-1.734375,28.20629517,17.65104849,-4.73749207e-08,-2.102341526e-07
-1.265625,-1.640625,28.20629517,19.38588426,-7.581735297e-08,-2.475802367e-07
-1.265625,-1.546875,28.20629517,21.29122862,-1.260362727e-07,-2.966012627e-07
-1.265625,-1.453125,28.20629517,23.38384001,-2.12774852e-07,-3.876672556e-07
-1.265625,-1.359375,28.20629517,25.68212401,-3.374103225e-07,-4.986371414e-07
-1.265625,-1.265625,28.20629517,28.20629517,-4.602935088e-07,-5.441145141e-07
-1.265625,-1.171875,28.20629517,30.97855485,-4.456145384e-07,-3.199640479e-07
-1.265625,-1.078125,28.20629517,34.02328646,8.76351271e-10,5.271894272e-07
-1.265625,-0.984375,28.20629517,37.36726994,1.288560864e-06,2.127140104e-06
-1.265625,-0.890625,28.20629517,41.03991731,3.563380625e-06,3.429929919e-06
-1.265625,-0.796875,28.20629517,45.07353134,6.126081931e-06,3.726577799e-06
-1.265625,-0.703125,28.20629517,49.50358969,6.132407133e-06,-2.136866007e-06
-1.265625,-0.609375,28.20629517,54.36905695,1.058689006e-06,-6.051698446e-06
-1.265625,-0.515625,28.20629517,59.71272734,-1.00379775e-05,-1.152776876e-05
-1.265625,-0.421875,28.20629517,65.58160113,-1.99756212e-05,-2.557287903e-06
-1.265625,-0.328125,28.20629517,72.027298,-1.52145016e-05,1.16698036e-05
-1.265625,-0.234375,28.20629517,79.10651109,3.988018031e-06,1.251574698e-05
-1.265625,-0.140625,28.20629517,86.88150563,2.086545175e-05,7.741608038e-07
-1.265625,-0.046875,28.20629517,95.4206666,1.879968229e-05,-8.498009494e-06
-1.265625,0.046875,28.20629517,104.7991002,4.711904014e-06,-3.060334845e-06
-1.265625,0.140625,28.20629517,115.0992945,-1.407286948e-06,2.240662645e-06
-1.265625,0.234375,28.20629517,126.4118448,-3.516166636e-06,-3.310022711e-06
-1.265625,0.328125,28.20629517,138.8362507,-9.541274468e-06,-9.616890708e-07
-1.265625,0.421875,28.20629517,152.4817911,-8.725301082e-06,2.873470055e-06
-1.265625,0.515625,28.20629517,167.4684853,-2.786748279e-06,3.468469697e-07
-1.265625,0.609375,28.20629517,183.9281489,7.031310834e-07,4.424147125e-07
-1.265625,0.703125,28.20629517,202.0055528,3.196221942e-06,2.75818284e-07
-1.265625,0.796875,28.20629517,221.8596969,3.956563877e-06,-2.905811557e-07
-1.265625,0.890625,28.20629517,243.6652083,3.008815139e-06,-2.130274496e-07
-1.265625,0.984375,28.20629517,267.6138775,1.703976368e-06,-1.801268992e-07
-1.265625,1.078125,28.20629517,293.916345,5.842563379e-07,-7.136173564e-08
-1.265625,1.171875,28.20629517,322.8039542,-1.889770036e-08,-1.827433867e-09
-1.265625,1.265625,28.20629517,354.5307861,-1.792143808e-07,2.330415779e-08
-1.265625,1.359375,28.20629517,389.3758942,-7.780483698e-08,2.414570567e-08
-1.265625,1.453125,28.20629517,427.6457586,9.278414321e-08,1.502191685e-08
-1.265625,1.546875,28.20629517,469.676982,2.431174393e-07,7.36180155e-09
-1.265625,1.640625,28.20629517,515.83925,3.206693518e-07,1.518114595e-09
-1.265625,1.734375,28.20629517,566.5385831,3.388198862e-07,-1.180804595e-09
-1.265625,1.828125,28.20629517,622.2209072,3.15374594e-07,-2.318326548e-10
-1.265625,1.921875,28.20629517,683.3759764,2.499554448e-07,-5.754389277e-10
-1.265625,2.015625,28.20629517,750.5416801,1.416990788e-07,-3.161246806e-09
-1.265625,2.109375,28.20629517,824.3087744,-6.252441124e-08,-9.450951174e-09
-1.265625,2.203125,28.20629517,905.326078,-3.487255717e-07,-1.08123756e-08
-1.265625,2.296875,28.20629517,994.3061786,-7.075708317e-07,-1.849636338e-08
-1.265625,2.390625,28.20629517,1092.031701,-9.947241503e-07,-1.976699356e-08
-1.265625,2.484375,28.20629517,1199.36219,-6.777420344e-07,5.216761311e-08
-1.265625,2.578125,28.20629517,1317.241671,-1.264309938e-07,-2.246766463e-08
-1.265625,2.671875,28.20629517,1446.706953,1.541596293e-06,1.238573462e-07
-1.265625,2.765625,28.20629517,1588.896749,1.732047871e-06,-1.050274152e-07
-1.265625,2.859375,28.20629517,1745.061689,6.094471819e-07,1.960312849e-08
-1.265625,2.953125,28.20629517,1916.575322,6.24004829e-07,-1.36563133e-08
-1.171875,-2.953125,30.97855485,5.217639967,1.527383767e-08,6.610566992e-07
-1.171875,-2.859375,30.97855485,5.730456443,4.749434263e-08,4.96926755e-07
-1.171875,-2.765625,30.97855485,6.293675158,7.40962197e-08,4.090460605e-07
-1.171875,-2.671875,30.97855485,6.912249904,8.551932345e-08,2.887840093e-07
-1.171875,-2.578125,30.97855485,7.591621356,8.352217127e-08,1.541371522e-07
-1.171875,-2.484375,30.97855485,8.337764926,7.09029483e-08,7.018912292e-08
-1.171875,-2.390625,30.97855485,9.157243322,5.198316172e-08,2.693239354e-08
-1.171875,-2.296875,30.97855485,10.05726427,2.955002456e-08,1.557008461e-08
-1.171875,-2.203125,30.97855485,11.0457439,4.352997715e-09,-1.140349711e-08
-1.171875,-2.109375,30.97855485,12.13137638,-2.063287611e-08,-6.007802459e-08
-1.171875,-2.015625,30.97855485,13.32371041,-4.022889712e-08,-1.047275918e-07
-1.171875,-1.921875,30.97855485,14.63323316,-5.343467287e-08,-1.498002829e-07
-1.171875,-1.828125,30.97855485,16.07146254,-6.75686262e-08,-1.894289421e-07
-1.171875,-1.734375,30.97855485,17.65104849,-8.520638595e-08,-2.435536304e-07
-1.171875,-1.640625,30.97855485,19.38588426,-1.121403633e-07,-2.998675233e-07
-1.171875,-1.546875,30.97855485,21.29122862,-1.599114569e-07,-3.837655391e-07
-1.171875,-1.453125,30.97855485,23.38384001,-2.263324816e-07,-4.998895239e-07
-1.171875,-1.359375,30.97855485,25.68212401,-2.85230009e-07,-6.035543106e-07
-1.171875,-1.265625,30.97855485,28.20629517,-2.435107308e-07,-5.252449564e-07
-1.171875,-1.171875,30.97855485,30.97855485,1.313908293e-07,5.06884025e-08
-1.171875,-1.078125,30.97855485,34.02328646,1.248751306e-06,1.576946966e-06
-1.171875,-0.984375,30.97855485,37.36726994,3.588605686e-06,4.088068825e-06
-1.171875,-0.890625,30.97855485,41.03991731,7.127511455e-06,5.877830899e-06
-1.171875,-0.796875,30.97855485,45.07353134,1.046673671e-05,5.419871105e-06
-1.171875,-0.703125,30.97855485,49.50358969,9.275497066e-06,-4.47185006e-06
-1.171875,-0.609375,30.97855485,54.36905695,-3.602099583e-07,-1.202164456e-05
-1.171875,-0.515625,30.97855485,59.71272734,-1.976209167e-05,-2.147918984e-05
-1.171875,-0.421875,30.97855485,65.58160113,-3.724759257e-05,-5.946617162e-06
-1.171875,-0.328125,30.97855485,72.027298,-3.126499399e-05,1.928159242e-05
-1.171875,-0.234375,30.97855485,79.10651109,8.331544421e-07,2.495518634e-05
-1.171875,-0.140625,30.97855485,86.88150563,3.505522345e-05,6.969127075e-06
-1.171875,-0.046875,30.97855485,95.4206666,3.96805744e-05,-1.335123315e-05
-1.171875,0.046875,30.97855485,104.7991002,1.734997087e-05,-8.89435231e-06
-1.171875,0.140625,30.97855485,115.0992945,1.342459173e-06,1.86318251e-06
-1.171875,0.234375,30.97855485,126.4118448,-6.373341885e-06,-5.459613025e-06
-1.171875,0.328125,30.97855485,138.8362507,-1.844784583e-05,-2.867986986e-06
-1.171875,0.421875,30.97855485,152.4817911,-2.040872769e-05,4.423365236e-06
-1.171875,0.515625,30.97855485,167.4684853,-1.163243607e-05,1.478224255e-06
-1.171875,0.609375,30.97855485,183.9281489,-3.996743784e-06,1.243959482e-06
-1.171875,0.703125,30.97855485,202.0055528,2.159376317e-06,8.285289051e-07
-1.171875,0.796875,30.97855485,221.8596969,5.247694647e-06,-2.805015638e-07
-1.171875,0.890625,30.97855485,243.6652083,4.90404858e-06,-3.739285716e-07
-1.171875,0.984375,30.97855485,267.6138775,3.122625741e-06,-3.803857707e-07
-1.171875,1.078125,30.97855485,293.916345,1.104526135e-06,-2.092897711e-07
-1.171875,1.171875,30.97855485,322.8039542,-3.214286851e-07,-6.671268746e-08
-1.171875,1.265625,30.97855485,354.5307861,-9.944895319e-07,9.699196704e-09
-1.171875,1.359375,30.97855485,389.3758942,-1.120896633e-06,3.248068383e-08
-1.171875,1.453125,30.97855485,427.6457586,-9.665640366e-07,2.859827163e-08
-1.171875,1.546875,30.97855485,469.676982,-7.534135209e-07,1.697075044e-08
-1.171875,1.640625,30.97855485,515.83925,-6.012892515e-07,5.20729434e-09
-1.171875,1.734375,30.97855485,566.5385831,-5.375491655e-07,-9.798390173e-10
-1.171875,1.828125,30.97855485,622.2209072,-5.822634821e-07,-4.435192061e-09
-1.171875,1.921875,30.97855485,683.3759764,-7.018658876e-07,-5.437317576e-09
-1.171875,2.015625,30.97855485,750.5416801,-9.428648041e-07,-1.332035366e-08
-1.171875,2.109375,30.97855485,824.3087744,-1.318884783e-06,-2.189897879e-08
-1.171875,2.203125,30.97855485,905.326078,-1.81312869e-06,-2.590827367e-08
-1.171875,2.296875,30.97855485,994.3061786,-2.329353897e-06,-3.153719219e-08
-1.171875,2.390625,30.97855485,1092.031701,-2.609263519e-06,-2.418715866e-08
-1.171875,2.484375,30.97855485,1199.36219,-1.922423027e-06,8.223834117e-08
-1.171875,2.578125,30.97855485,1317.241671,-6.314169998e-07,-1.024367636e-08
-1.171875,2.671875,30.97855485,1446.706953,2.401440609e-06,2.136210886e-07
-1.171875,2.765625,30.97855485,1588.896749,2.996601631e-06,-1.77051487e-07
-1.171875,2.859375,30.97855485,1745.061689,1.67953076e-06,4.799878594e-08
-1.171875,2.953125,30.97855485,1916.575322,1.45971866e-06,-4.508505803e-08
-1.078125,-2.953125,34.02328646,5.217639967,1.093415423e-08,8.137502511e-07
-1.078125,-2.859375,34.02328646,5.730456443,3.103878587e-08,6.423553502e-07
-1.078125,-2.765625,34.02328646,6.293675158,4.401502658e-08,4.835599093e-07
-1.078125,-2.671875,34.02328646,6.912249904,4.93017885e-08,3.028234367e-07
-1.078125,-2.578125,34.02328646,7.591621356,4.707944129e-08,1.236271105e-07
-1.078125,-2.484375,34.02328646,8.337764926,3.55762623e-08,1.716454021e-09
-1.078125,-2.390625,34.02328646,9.157243322,1.556680946e-08,-5.136022024e-08
-1.078125,-2.296875,34.02328646,10.05726427,-9.619595882e-09,-6.797919747e-08
-1.078125,-2.203125,34.02328646,11.0457439,-3.237312906e-08,-7.72848984e-08
-1.078125,-2.109375,34.02328646,12.13137638,-4.960146026e-08,-1.139363788e-07
-1.078125,-2.015625,34.02328646,13.32371041,-6.407682852e-08,-1.393233671e-07
-1.078125,-1.921875,34.02328646,14.63323316,-7.360551398e-08,-1.688643761e-07
-1.078125,-1.828125,34.02328646,16.07146254,-7.667721735e-08,-2.04935409e-07
-1.078125,-1.734375,34.02328646,17.65104849,-7.689769904e-08,-2.585760881e-07
-1.078125,-1.640625,34.02328646,19.38588426,-7.460470781e-08,-3.229041006e-07
-1.078125,-1.546875,34.02328646,21.29122862,-6.202395046e-08,-4.104151262e-07
-1.078125,-1.453125,34.02328646,23.38384001,-1.462955745e-08,-4.931211929e-07
-1.078125,-1.359375,34.02328646,25.68212401,1.42239807e-07,-4.719909213e-07
-1.078125,-1.265625,34.02328646,28.20629517,5.840678618e-07,-6.619768663e-08
-1.078125,-1.171875,34.02328646,30.97855485,1.646247441e-06,1.173099741e-06
-1.078125,-1.078125,34.02328646,34.02328646,3.841685359e-06,3.766840526e-06
-1.078125,-0.984375,34.02328646,37.36726994,7.609019347e-06,7.469896286e-06
-1.078125,-0.890625,34.02328646,41.03991731,1.246536525e-05,9.492951762e-06
-1.078125,-0.796875,34.02328646,45.07353134,1.58073436e-05,6.973313813e-06
-1.078125,-0.703125,34.02328646,49.50358969,1.107171103e-05,-9.96573628e-06
-1.078125,-0.609375,34.02328646,54.36905695,-7.67693631e-06,-2.42133123e-05
-1.078125,-0.515625,34.02328646,59.71272734,-4.192289945e-05,-4.009541221e-05
-1.078125,-0.421875,34.02328646,65.58160113,-7.261394562e-05,-1.305032008e-05
-1.078125,-0.328125,34.02328646,72.027298,-6.543577546e-05,3.184117979e-05
-1.078125,-0.234375,34.02328646,79.10651109,-1.124812716e-05,4.934011478e-05
-1.078125,-0.140625,34.02328646,86.88150563,5.64854041e-05,2.322361183e-05
-1.078125,-0.046875,34.02328646,95.4206666,7.962973256e-05,-1.863906988e-05
-1.078125,0.046875,34.02328646,104.7991002,4.780440441e-05,-2.08227026e-05
-1.078125,0.140625,34.02328646,115.0992945,1.29468936e-05,-1.621275934e-06
-1.078125,0.234375,34.02328646,126.4118448,-9.031302175e-06,-1.026624605e-05
-1.078125,0.328125,34.02328646,138.8362507,-3.531449233e-05,-7.560760688e-06
-1.078125,0.421875,34.02328646,152.4817911,-4.622225244e-05,5.992689364e-06
-1.078125,0.515625,34.02328646,167.4684853,-3.58514014e-05,3.663814304e-06
-1.078125,0.609375,34.02328646,183.9281489,-2.179541178e-05,3.139892863e-06
-1.078125,0.703125,34.02328646,202.0055528,-8.387501628e-06,2.285310081e-06
-1.078125,0.796875,34.02328646,221.8596969,3.906456231e-07,1.401851691e-07
-1.078125,0.890625,34.02328646,243.6652083,2.837421833e-06,-4.630651662e-07
-1.078125,0.984375,34.02328646,267.6138775,1.517489123e-06,-6.811208335e-07
-1.078125,1.078125,34.02328646,293.916345,-1.370801929e-06,-4.851763731e-07
-1.078125,1.171875,34.02328646,322.8039542,-4.023083625e-06,-2.347986806e-07
-1.078125,1.265625,34.02328646,354.5307861,-5.725631319e-06,-6.234250033e-08
-1.078125,1.359375,34.02328646,389.3758942,-6.476656163e-06,1.94220885e-08
-1.078125,1.453125,34.02328646,427.6457586,-6.593115659e-06,3.956037799e-08
-1.078125,1.546875,34.02328646,469.676982,-6.436406909e-06,2.976644176e-08
-1.078125,1.640625,34.02328646,515.83925,-6.234451589e-06,1.373190226e-08
-1.078125,1.734375,34.02328646,566.5385831,-6.144319201e-06,-1.997255896e-09
-1.078125,1.828125,34.02328646,622.2209072,-6.190553411e-06,-1.00955128e-08
-1.078125,1.921875,34.02328646,683.3759764,-6.395847921e-06,-1.756027699e-08
-1.078125,2.015625,34.02328646,750.5416801,-6.766116852e-06,-3.042671185e-08
-1.078125,2.109375,34.02328646,824.3087744,-7.286885192e-06,-4.337476724e-08
-1.078125,2.203125,34.02328646,905.326078,-7.892693816e-06,-4.729924906e-08
-1.078125,2.296875,34.02328646,994.3061786,-8.333472535e-06,-4.436818972e-08
-1.078125,2.390625,34.02328646,1092.031701,-8.139901105e-06,-1.595263703e-08
-1.078125,2.484375,34.02328646,1199.36219,-6.258876612e-06,1.467226029e-07
-1.078125,2.578125,34.02328646,1317.241671,-3.072393523e-06,3.98636504e-08
-1.078125,2.671875,34.02328646,1446.706953,2.812073384e-06,3.764617099e-07
-1.078125,2.765625,34.02328646,1588.896749,4.749303156e-06,-2.809635487e-07
-1.078125,2.859375,34.02328646,1745.061689,3.891620961e-06,1.100270618e-07
-1.078125,2.953125,34.02328646,1916.575322,3.311100377e-06,-1.197169007e-07
-0.984375,-2.953125,37.36726994,5.217639967,3.054742855e-09,8.949566314e-07
-0.984375,-2.859375,37.36726994,5.730456443,1.162267373e-08,7.318700671e-07
-0.984375,-2.765625,37.36726994,6.293675158,2.094220679e-08,5.313767437e-07
-0.984375,-2.671875,37.36726994,6.912249904,2.319650425e-08,3.017563657e-07
-0.984375,-2.578125,37.36726994,7.591621356,1.633660295e-08,8.050904316e-08
-0.984375,-2.484375,37.36726994,8.337764926,4.446527181e-09,-6.206547835e-08
-0.984375,-2.390625,37.36726994,9.157243322,-1.14951344e-08,-1.351088102e-07
-0.984375,-2.296875,37.36726994,10.05726427,-2.819820017e-08,-1.400937715e-07
-0.984375,-2.203125,37.36726994,11.0457439,-4.326777302e-08,-1.339371751e-07
-0.984375,-2.109375,37.36726994,12.13137638,-5.424611836e-08,-1.463688322e-07
-0.984375,-2.015625,37.36726994,13.32371041,-5.470120744e-08,-1.503427066e-07
-0.984375,-1.921875,37.36726994,14.63323316,-4.191740543e-08,-1.49905345e-07
-0.984375,-1.828125,37.36726994,16.07146254,-1.439789394e-08,-1.648235722e-07
-0.984375,-1.734375,37.36726994,17.65104849,3.526565781e-08,-1.898321429e-07
-0.984375,-1.640625,37.36726994,19.38588426,1.217745845e-07,-2.143893349e-07
-0.984375,-1.546875,37.36726994,21.29122862,2.727753979e-07,-2.244154263e-07
-0.984375,-1.453125,37.36726994,23.38384001,5.524426036e-07,-1.484961505e-07
-0.984375,-1.359375,37.36726994,25.68212401,1.096866293e-06,2.109005733e-07
-0.984375,-1.265625,37.36726994,28.20629517,2.156360353e-06,1.243259061e-06
-0.984375,-1.171875,37.36726994,30.97855485,4.134545758e-06,3.525671423e-06
-0.984375,-1.078125,37.36726994,34.02328646,7.524316643e-06,7.534725392e-06
-0.984375,-0.984375,37.36726994,37.36726994,1.246503362e-05,1.240904354e-05
-0.984375,-0.890625,37.36726994,41.03991731,1.753897444e-05,1.362754528e-05
-0.984375,-0.796875,37.36726994,45.07353134,1.811212348e-05,6.228547048e-06
-0.984375,-0.703125,37.36726994,49.50358969,4.353204452e-06,-2.305795479e-05
-0.984375,-0.609375,37.36726994,54.36905695,-3.233495572e-05,-4.922368663e-05
-0.984375,-0.515625,37.36726994,59.71272734,-9.281537516e-05,-7.492509538e-05
-0.984375,-0.421875,37.36726994,65.58160113,-0.000145943784,-2.734307928e-05
-0.984375,-0.328125,37.36726994,72.027298,-0.0001369525792,5.308823013e-05
-0.984375,-0.234375,37.36726994,79.10651109,-4.339026111e-05,9.744560441e-05
-0.984375,-0.140625,37.36726994,86.88150563,8.952105591e-05,6.267118416e-05
-0.984375,-0.046875,37.36726994,95.4206666,0.0001585183674,-1.979161291e-05
-0.984375,0.046875,37.36726994,104.7991002,0.0001220262779,-4.287758666e-05
-0.984375,0.140625,37.36726994,115.0992945,5.500931592e-05,-1.303413477e-05
-0.984375,0.234375,37.36726994,126.4118448,1.160630297e-06,-2.186836573e-05
-0.984375,0.328125,37.36726994,138.8362507,-5.779859841e-05,-1.919649642e-05
-0.984375,0.421875,37.36726994,152.4817911,-9.359754982e-05,5.662037483e-06
-0.984375,0.515625,37.36726994,167.4684853,-8.916205541e-05,6.933293125e-06
-0.984375,0.609375,37.36726994,183.9281489,-6.838400484e-05,6.9807387e-06
-0.984375,0.703125,37.36726994,202.0055528,-4.311844755e-05,5.695381854e-06
-0.984375,0.796875,37.36726994,221.8596969,-2.28018248e-05,1.75290871e-06
-0.984375,0.890625,37.36726994,243.6652083,-1.273569556e-05,-5.740098904e-08
-0.984375,0.984375,37.36726994,267.6138775,-1.067484386e-05,-9.440129851e-07
-0.984375,1.078125,37.36726994,293.916345,-1.323041738e-05,-9.095167666e-07
-0.984375,1.171875,37.36726994,322.8039542,-1.70509952e-05,-5.736391461e-07
-0.984375,1.265625,37.36726994,354.5307861,-2.024228667e-05,-2.565908275e-07
-0.984375,1.359375,37.36726994,389.3758942,-2.217843514e-05,-5.811264726e-08
-0.984375,1.453125,37.36726994,427.6457586,-2.301803773e-05,2.445431719e-08
-0.984375,1.546875,37.36726994,469.676982,-2.316171672e-05,4.063513741e-08
-0.984375,1.640625,37.36726994,515.83925,-2.302435959e-05,2.440804183e-08
-0.984375,1.734375,37.36726994,566.5385831,-2.287283976e-05,1.285598676e-09
-0.984375,1.828125,37.36726994,622.2209072,-2.283924279e-05,-1.577507734e-08
-0.984375,1.921875,37.36726994,683.3759764,-2.297107347e-05,-3.161267137e-08
-0.984375,2.015625,37.36726994,750.5416801,-2.321962179e-05,-4.831898399e-08
-0.984375,2.109375,37.36726994,824.3087744,-2.352022026e-05,-6.36120566e-08
-0.984375,2.203125,37.36726994,905.326078,-2.361942713e-05,-5.688838971e-08
-0.984375,2.296875,37.36726994,994.3061786,-2.30359046e-05,-2.972397876e-08
-0.984375,2.390625,37.36726994,1092.031701,-2.093658783e-05,4.721921559e-08
-0.984375,2.484375,37.36726994,1199.36219,-1.583163875e-05,3.035027302e-07
-0.984375,2.578125,37.36726994,1317.241671,-8.097232399e-06,1.941995371e-07
-0.984375,2.671875,37.36726994,1446.706953,3.708717485e-06,6.87950317e-07
-0.984375,2.765625,37.36726994,1588.896749,9.163286492e-06,-4.080672416e-07
-0.984375,2.859375,37.36726994,1745.061689,1.041865761e-05,2.497188961e-07
-0.984375,2.953125,37.36726994,1916.575322,9.18523531e-06,-2.886015554e-07
-0.890625,-2.953125,41.03991731,5.217639967,-4.519317501e-10,9.001352574e-07
-0.890625,-2.859375,41.03991731,5.730456443,-1.006450769e-09,7.676158336e-07
-0.890625,-2.765625,41.03991731,6.293675158,-2.192182973e-09,5.49131388e-07
-0.890625,-2.671875,41.03991731,6.912249904,-5.413643104e-09,2.812430842e-07
-0.890625,-2.578125,41.03991731,7.591621356,-1.055775583e-08,3.774437292e-08
-0.890625,-2.484375,41.03991731,8.337764926,-2.119659016e-08,-1.308851452e-07
-0.890625,-2.390625,41.03991731,9.157243322,-3.597811274e-08,-2.048901454e-07
-0.890625,-2.296875,41.03991731,10.05726427,-5.03228246e-08,-1.960676694e-07
-0.890625,-2.203125,41.03991731,11.0457439,-6.16530777e-08,-1.752780651e-07
-0.890625,-2.109375,41.03991731,12.13137638,-6.366451922e-08,-1.493792704e-07
-0.890625,-2.015625,41.03991731,13.32371041,-5.40429292e-08,-1.187784201e-07
-0.890625,-1.921875,41.03991731,14.63323316,-2.83669929e-08,-7.262883798e-08
-0.890625,-1.828125,41.03991731,16.07146254,2.399749871e-08,-3.485979833e-08
-0.890625,-1.734375,41.03991731,17.65104849,1.194583476e-07,2.330821713e-08
-0.890625,-1.640625,41.03991731,19.38588426,2.838148831e-07,1.110174187e-07
-0.890625,-1.546875,41.03991731,21.29122862,5.681856905e-07,2.968834024e-07
-0.890625,-1.453125,41.03991731,23.38384001,1.062963493e-06,6.960824766e-07
-0.890625,-1.359375,41.03991731,25.68212401,1.926790849e-06,1.61720254e-06
-0.890625,-1.265625,41.03991731,28.20629517,3.42411878e-06,3.546357356e-06
-0.890625,-1.171875,41.03991731,30.97855485,5.890673281e-06,7.082560163e-06
-0.890625,-1.078125,41.03991731,34.02328646,9.525147827e-06,1.240446775e-05
-0.890625,-0.984375,41.03991731,37.36726994,1.367215835e-05,1.748317865e-05
-0.890625,-0.890625,41.03991731,41.03991731,1.51695767e-05,1.51236594e-05
-0.890625,-0.796875,41.03991731,45.07353134,6.252937518e-06,-2.732759344e-06
-0.890625,-0.703125,41.03991731,49.50358969,-2.734392086e-05,-5.330003377e-05
-0.890625,-0.609375,41.03991731,54.36905695,-9.731241814e-05,-9.967830853e-05
-0.890625,-0.515625,41.03991731,59.71272734,-0.0002018146236,-0.0001389999717
-0.890625,-0.421875,41.03991731,65.58160113,-0.0002897267733,-5.39373035e-05
-0.890625,-0.328125,41.03991731,72.027298,-0.0002734035564,9.159996356e-05
-0.890625,-0.234375,41.03991731,79.10651109,-0.0001045477341,0.0001942722559
-0.890625,-0.140625,41.03991731,86.88150563,0.0001584611604,0.0001553236272
-0.890625,-0.046875,41.03991731,95.4206666,0.0003367280265,-1.335284271e-06
-0.890625,0.046875,41.03991731,104.7991002,0.0003216996188,-7.819459656e-05
-0.890625,0.140625,41.03991731,115.0992945,0.0002096414926,-4.130689117e-05
-0.890625,0.234375,41.03991731,126.4118448,9.340171661e-05,-4.961580376e-05
-0.890625,0.328125,41.03991731,138.8362507,-3.599056821e-05,-4.764114883e-05
-0.890625,0.421875,41.03991731,152.4817911,-0.0001337071049,-2.737278883e-06
-0.890625,0.515625,41.03991731,167.4684853,-0.0001594991992,9.348026003e-06
-0.890625,0.609375,41.03991731,183.9281489,-0.0001411179405,1.328303937e-05
-0.890625,0.703125,41.03991731,202.0055528,-0.0001022497135,1.265769457e-05
-0.890625,0.796875,41.03991731,221.8596969,-6.315971329e-05,6.126676553e-06
-0.890625,0.890625,41.03991731,243.6652083,-3.749018023e-05,1.92878042e-06
-0.890625,0.984375,41.03991731,267.6138775,-2.585989844e-05,-5.897148912e-07
-0.890625,1.078125,41.03991731,293.916345,-2.44627828e-05,-1.264788215e-06
-0.890625,1.171875,41.03991731,322.8039542,-2.801448022e-05,-1.051709624e-06
-0.890625,1.265625,41.03991731,354.5307861,-3.259982203e-05,-6.024891721e-07
-0.890625,1.359375,41.03991731,389.3758942,-3.623620986e-05,-2.335485685e-07
-0.890625,1.453125,41.03991731,427.6457586,-3.836992054e-05,-2.225597392e-08
-0.890625,1.546875,41.03991731,469.676982,-3.923735979e-05,6.104158971e-08
-0.890625,1.640625,41.03991731,515.83925,-3.932583671e-05,6.781035653e-08
-0.890625,1.734375,41.03991731,566.5385831,-3.903174355e-05,4.659789981e-08
-0.890625,1.828125,41.03991731,622.2209072,-3.862396003e-05,2.035387613e-08
-0.890625,1.921875,41.03991731,683.3759764,-3.81454888e-05,1.065277269e-09
-0.890625,2.015625,41.03991731,750.5416801,-3.751791786e-05,-1.637214816e-08
-0.890625,2.109375,41.03991731,824.3087744,-3.648903335e-05,-1.930529533e-08
-0.890625,2.203125,41.03991731,905.326078,-3.453973653e-05,1.91647315e-08
-0.890625,2.296875,41.03991731,994.3061786,-3.080007858e-05,1.061311857e-07
-0.890625,2.390625,41.03991731,1092.031701,-2.39009632e-05,2.793851436e-07
-0.890625,2.484375,41.03991731,1199.36219,-1.183905101e-05,6.898081155e-07
-0.890625,2.578125,41.03991731,1317.241671,4.881852078e-06,5.966423692e-07
-0.890625,2.671875,41.03991731,1446.706953,2.727126727e-05,1.292036328e-06
-0.890625,2.765625,41.03991731,1588.896749,3.911794662e-05,-5.305770641e-07
-0.890625,2.859375,41.03991731,1745.061689,4.389176283e-05,5.357279139e-07
-0.890625,2.953125,41.03991731,1916.575322,3.849766426e-05,-6.935799923e-07
-0.796875,-2.953125,45.07353134,5.217639967,-5.397240288e-09,8.366413383e-07
-0.796875,-2.859375,45.07353134,5.730456443,-1.240109186e-08,7.535481635e-07
-0.796875,-2.765625,45.07353134,6.293675158,-1.535820037e-08,5.335713292e-07
-0.796875,-2.671875,45.07353134,6.912249904,-1.932331342e-08,2.519014248e-07
-0.796875,-2.578125,45.07353134,7.591621356,-2.532241095e-08,-4.407889292e-10
-0.796875,-2.484375,45.07353134,8.337764926,-3.040266151e-08,-1.781210507e-07
-0.796875,-2.390625,45.07353134,9.157243322,-3.432746995e-08,-2.485084093e-07
-0.796875,-2.296875,45.07353134,10.05726427,-3.681459523e-08,-2.264197009e-07
-0.796875,-2.203125,45.07353134,11.0457439,-3.172907417e-08,-1.697062828e-07
-0.796875,-2.109375,45.07353134,12.13137638,-1.672342294e-08,-1.0762812e-07
-0.796875,-2.015625,45.07353134,13.32371041,1.453512123e-08,-2.507377688e-08
-0.796875,-1.921875,45.07353134,14.63323316,7.27935121e-08,8.90148132e-08
-0.796875,-1.828125,45.07353134,16.07146254,1.697283984e-07,2.188883964e-07
-0.796875,-1.734375,45.07353134,17.65104849,3.220939369e-07,3.973484311e-07
-0.796875,-1.640625,45.07353134,19.38588426,5.590234228e-07,6.610938517e-07
-0.796875,-1.546875,45.07353134,21.29122862,9.268319482e-07,1.111004434e-06
-0.796875,-1.453125,45.07353134,23.38384001,1.502148631e-06,1.915545104e-06
-0.796875,-1.359375,45.07353134,25.68212401,2.39043756e-06,3.423798312e-06
-0.796875,-1.265625,45.07353134,28.20629517,3.695950916e-06,6.137067203e-06
-0.796875,-1.171875,45.07353134,30.97855485,5.409196678e-06,1.04479483e-05
-0.796875,-1.078125,45.07353134,34.02328646,6.983328831e-06,1.577076118e-05
-0.796875,-0.984375,45.07353134,37.36726994,6.253606348e-06,1.806361072e-05
-0.796875,-0.890625,45.07353134,41.03991731,-2.696697049e-06,6.21093969e-06
-0.796875,-0.796875,45.07353134,45.07353134,-3.199194412e-05,-3.203283209e-05
-0.796875,-0.703125,45.07353134,49.50358969,-0.0001012589749,-0.0001178307102
-0.796875,-0.609375,45.07353134,54.36905695,-0.0002245915363,-0.0001960010128
-0.796875,-0.515625,45.07353134,59.71272734,-0.0003926781527,-0.0002505761344
-0.796875,-0.421875,45.07353134,65.58160113,-0.0005213130743,-9.524296997e-05
-0.796875,-0.328125,45.07353134,72.027298,-0.0004697312409,0.0001712898313
-0.796875,-0.234375,45.07353134,79.10651109,-0.0001412515403,0.0003968307894
-0.796875,-0.140625,45.07353134,86.88150563,0.0003939149791,0.0003719648953
-0.796875,-0.046875,45.07353134,95.4206666,0.0008328664322,8.386438673e-05
-0.796875,0.046875,45.07353134,104.7991002,0.0009324765208,-0.0001183204825
-0.796875,0.140625,45.07353134,115.0992945,0.0007901630259,-9.785930789e-05
-0.796875,0.234375,45.07353134,126.4118448,0.0005762077693,-0.0001110950404
-0.796875,0.328125,45.07353134,138.8362507,0.0003136209334,-0.0001140000245
-0.796875,0.421875,45.07353134,152.4817911,8.146252657e-05,-3.537052761e-05
-0.796875,0.515625,45.07353134,167.4684853,-3.273743764e-05,2.789501064e-06
-0.796875,0.609375,45.07353134,183.9281489,-4.980584287e-05,1.987637192e-05
-0.796875,0.703125,45.07353134,202.0055528,-8.023795566e-06,2.443646911e-05
-0.796875,0.796875,45.07353134,221.8596969,5.388376796e-05,1.558907537e-05
-0.796875,0.890625,45.07353134,243.6652083,0.0001055614595,7.584012925e-06
-0.796875,0.984375,45.07353134,267.6138775,0.000137505006,1.77008418e-06
-0.796875,1.078125,45.07353134,293.916345,0.0001509647798,-8.233933821e-07
-0.796875,1.171875,45.07353134,322.8039542,0.000152551196,-1.376712323e-06
-0.796875,1.265625,45.07353134,354.5307861,0.0001487461591,-1.038656253e-06
-0.796875,1.359375,45.07353134,389.3758942,0.0001439180646,-5.205337335e-07
-0.796875,1.453125,45.07353134,427.6457586,0.0001401677341,-1.259765655e-07
-0.796875,1.546875,45.07353134,469.676982,0.0001379853951,8.401301307e-08
-0.796875,1.640625,45.07353134,515.83925,0.0001371284483,1.596269944e-07
-0.796875,1.734375,45.07353134,566.5385831,0.0001371110067,1.600818745e-07
-0.796875,1.828125,45.07353134,622.2209072,0.0001375785627,1.395458669e-07
-0.796875,1.921875,45.07353134,683.3759764,0.0001384081429,1.237551933e-07
-0.796875,2.015625,45.07353134,750.5416801,0.000139715804,1.200359582e-07
-0.796875,2.109375,45.07353134,824.3087744,0.0001419322885,1.526296896e-07
-0.796875,2.203125,45.07353134,905.326078,0.0001458765898,2.608357733e-07
-0.796875,2.296875,45.07353134,994.3061786,0.000152835592,4.600070958e-07
-0.796875,2.390625,45.07353134,1092.031701,0.0001646272631,7.976471407e-07
-0.796875,2.484375,45.07353134,1199.36219,0.0001835281662,1.432826652e-06
-0.796875,2.578125,45.07353134,1317.241671,0.0002083082995,1.360780929e-06
-0.796875,2.671875,45.07353134,1446.706953,0.0002381671519,2.254243338e-06
-0.796875,2.765625,45.07353134,1588.896749,0.0002478721679,-7.935618123e-07
-0.796875,2.859375,45.07353134,1745.061689,0.0002419381737,8.321088827e-07
-0.796875,2.953125,45.07353134,1916.575322,0.0002043212098,-1.940486759e-06
-0.703125,-2.953125,49.50358969,5.217639967,-4.687510702e-09,7.345247677e-07
-0.703125,-2.859375,49.50358969,5.730456443,-1.695068053e-08,6.733012174e-07
-0.703125,-2.765625,49.50358969,6.293675158,-3.043397542e-08,4.78382447e-07
-0.703125,-2.671875,49.50358969,6.912249904,-3.818365016e-08,2.211340075e-07
-0.703125,-2.578125,49.50358969,7.591621356,-4.256320606e-08,-3.625398936e-08
-0.703125,-2.484375,49.50358969,8.337764926,-4.85064682e-08,-2.077000365e-07
-0.703125,-2.390625,49.50358969,9.157243322,-5.647650267e-08,-2.825516133e-07
-0.703125,-2.296875,49.50358969,10.05726427,-6.598125196e-08,-2.493904871e-07
-0.703125,-2.203125,49.50358969,11.0457439,-7.763895799e-08,-1.757657723e-07
-0.703125,-2.109375,49.50358969,12.13137638,-9.188385061e-08,-1.000931904e-07
-0.703125,-2.015625,49.50358969,13.32371041,-1.080316504e-07,1.930230011e-08
-0.703125,-1.921875,49.50358969,14.63323316,-1.305316553e-07,1.595158759e-07
-0.703125,-1.828125,49.50358969,16.07146254,-1.625757528e-07,3.39060207e-07
-0.703125,-1.734375,49.50358969,17.65104849,-2.124174522e-07,5.528179281e-07
-0.703125,-1.640625,49.50358969,19.38588426,-2.939275619e-07,8.829596231e-07
-0.703125,-1.546875,49.50358969,21.29122862,-4.327891109e-07,1.391619452e-06
-0.703125,-1.453125,49.50358969,23.38384001,-6.853193617e-07,2.269327749e-06
-0.703125,-1.359375,49.50358969,25.68212401,-1.175133095e-06,3.76210373e-06
-0.703125,-1.265625,49.50358969,28.20629517,-2.201851789e-06,6.172786467e-06
-0.703125,-1.171875,49.50358969,30.97855485,-4.51709974e-06,9.288445212e-06
-0.703125,-1.078125,49.50358969,34.02328646,-9.993430613e-06,1.105686359e-05
-0.703125,-0.984375,49.50358969,37.36726994,-2.306747556e-05,4.324905337e-06
-0.703125,-0.890625,49.50358969,41.03991731,-5.329710781e-05,-2.737951996e-05
-0.703125,-0.796875,49.50358969,45.07353134,-0.0001178214789,-0.0001012960012
-0.703125,-0.703125,49.50358969,49.50358969,-0.000241155549,-0.0002411691881
-0.703125,-0.609375,49.50358969,54.36905695,-0.000436347713,-0.000363233634
-0.703125,-0.515625,49.50358969,59.71272734,-0.0006765648756,-0.0004246074711
-0.703125,-0.421875,49.50358969,65.58160113,-0.0008226040061,-0.0001338821447
-0.703125,-0.328125,49.50358969,72.027298,-0.0006473940411,0.0003607927877
-0.703125,-0.234375,49.50358969,79.10651109,3.406762572e-05,0.0008397766339
-0.703125,-0.140625,49.50358969,86.88150563,0.001148488747,0.0008813160348
-0.703125,-0.046875,49.50358969,95.4206666,0.002195433068,0.0003689988259
-0.703125,0.046875,49.50358969,104.7991002,0.002674692621,-0.0001070173389
-0.703125,0.140625,49.50358969,115.0992945,0.00262033371,-0.0001810061953
-0.703125,0.234375,49.50358969,126.4118448,0.002306695996,-0.0002299608694
-0.703125,0.328125,49.50358969,138.8362507,0.001829722532,-0.0002567110366
-0.703125,0.421875,49.50358969,152.4817911,0.001338272749,-0.0001279017651
-0.703125,0.515625,49.50358969,167.4684853,0.001013836556,-3.559151356e-05
-0.703125,0.609375,49.50358969,183.9281489,0.0008724755249,1.608722081e-05
-0.703125,0.703125,49.50358969,202.0055528,0.0008670688951,3.893750321e-05
-0.703125,0.796875,49.50358969,221.8596969,0.0009333234665,3.228184888e-05
-0.703125,0.890625,49.50358969,243.6652083,0.00101181129,2.023202167e-05
-0.703125,0.984375,49.50358969,267.6138775,0.001073041648,9.076982832e-06
-0.703125,1.078125,49.50358969,293.916345,0.001108472574,2.507438143e-06
-0.703125,1.171875,49.50358969,322.8039542,0.001122581188,-2.32924046e-07
-0.703125,1.265625,49.50358969,354.5307861,0.001123763323,-7.581094011e-07
-0.703125,1.359375,49.50358969,389.3758942,0.001119447603,-3.846236123e-07
-0.703125,1.453125,49.50358969,427.6457586,0.001114324185,1.285717084e-07
-0.703125,1.546875,49.50358969,469.676982,0.001110595925,4.945987304e-07
-0.703125,1.640625,49.50358969,515.83925,0.001108799148,6.710448882e-07
-0.703125,1.734375,49.50358969,566.5385831,0.001108709308,7.151432847e-07
-0.703125,1.828125,49.50358969,622.2209072,0.001109976526,7.048227337e-07
-0.703125,1.921875,49.50358969,683.3759764,0.00111237026,6.873099377e-07
-0.703125,2.015625,49.50358969,750.5416801,0.001115989821,6.95487535e-07
-0.703125,2.109375,49.50358969,824.3087744,0.001121293135,7.670941165e-07
-0.703125,2.203125,49.50358969,905.326078,0.001129170558,9.606924305e-07
-0.703125,2.296875,49.50358969,994.3061786,0.001140924063,1.294112634e-06
-0.703125,2.390625,49.50358969,1092.031701,0.001158166156,1.819094764e-06
-0.703125,2.484375,49.50358969,1199.36219,0.001182178617,2.670714552e-06
-0.703125,2.578125,49.50358969,1317.241671,0.001208938137,2.487536118e-06
-0.703125,2.671875,49.50358969,1446.706953,0.001232266208,3.350434828e-06
-0.703125,2.765625,49.50358969,1588.896749,0.001211958081,-1.881558829e-06
-0.703125,2.859375,49.50358969,1745.061689,0.001149965474,2.55863946e-07
-0.703125,2.953125,49.50358969,1916.575322,0.0009982541141,-6.036030866e-06
-0.609375,-2.953125,54.36905695,5.217639967,-9.000739819e-09,5.864461278e-07
-0.609375,-2.859375,54.36905695,5.730456443,-2.233902254e-08,5.618187516e-07
-0.609375,-2.765625,54.36905695,6.293675158,-3.11626695e-08,3.952812597e-07
-0.609375,-2.671875,54.36905695,6.912249904,-4.027934171e-08,1.695139481e-07
-0.609375,-2.578125,54.36905695,7.591621356,-4.723993993e-08,-6.773482427e-08
-0.609375,-2.484375,54.36905695,8.337764926,-4.959723199e-08,-2.297680564e-07
-0.609375,-2.390625,54.36905695,9.157243322,-5.036385925e-08,-3.081554818e-07
-0.609375,-2.296875,54.36905695,10.05726427,-5.398694607e-08,-2.897024416e-07
-0.609375,-2.203125,54.36905695,11.0457439,-6.284801161e-08,-2.33338254e-07
-0.609375,-2.109375,54.36905695,12.13137638,-7.67367592e-08,-1.677162459e-07
-0.609375,-2.015625,54.36905695,13.32371041,-9.875919068e-08,-7.036210853e-08
-0.609375,-1.921875,54.36905695,14.63323316,-1.342443267e-07,3.051690561e-08
-0.609375,-1.828125,54.36905695,16.07146254,-1.977605538e-07,1.385936417e-07
-0.609375,-1.734375,54.36905695,17.65104849,-3.107993292e-07,2.409702109e-07
-0.609375,-1.640625,54.36905695,19.38588426,-5.19741934e-07,3.630520138e-07
-0.609375,-1.546875,54.36905695,21.29122862,-9.185737299e-07,5.090095713e-07
-0.609375,-1.453125,54.36905695,23.38384001,-1.685178914e-06,7.339908903e-07
-0.609375,-1.359375,54.36905695,25.68212401,-3.177618053e-06,1.025689667e-06
-0.609375,-1.265625,54.36905695,28.20629517,-6.13080151e-06,1.129842561e-06
-0.609375,-1.171875,54.36905695,30.97855485,-1.208718751e-05,-3.220171555e-07
-0.609375,-1.078125,54.36905695,34.02328646,-2.426517988e-05,-7.669384087e-06
-0.609375,-0.984375,54.36905695,37.36726994,-4.926084825e-05,-3.234016096e-05
-0.609375,-0.890625,54.36905695,41.03991731,-9.969724647e-05,-9.73314944e-05
-0.609375,-0.796875,54.36905695,45.07353134,-0.0001960080512,-0.000224624251
-0.609375,-0.703125,54.36905695,49.50358969,-0.0003632391775,-0.0004363606366
-0.609375,-0.609375,54.36905695,54.36905695,-0.0006036881595,-0.0006036841664
-0.609375,-0.515625,54.36905695,59.71272734,-0.0008532093294,-0.000633103708
-0.609375,-0.421875,54.36905695,65.58160113,-0.0008811912606,-7.588519064e-05
-0.609375,-0.328125,54.36905695,72.027298,-0.0003195118494,0.0008540186639
-0.609375,-0.234375,54.36905695,79.10651109,0.00117534763,0.001847128877
-0.609375,-0.140625,54.36905695,86.88150563,0.003553424873,0.002086723906
-0.609375,-0.046875,54.36905695,95.4206666,0.006012783484,0.001211896508
-0.609375,0.046875,54.36905695,104.7991002,0.007584416516,0.0001680050152
-0.609375,0.140625,54.36905695,115.0992945,0.008078714992,-0.0002114203862
-0.609375,0.234375,54.36905695,126.4118448,0.007870723773,-0.000405632309
-0.609375,0.328125,54.36905695,138.8362507,0.007188975732,-0.0005253259554
-0.609375,0.421875,54.36905695,152.4817911,0.006314807037,-0.0003435201523
-0.609375,0.515625,54.36905695,167.4684853,0.00560792442,-0.0001559587034
-0.609375,0.609375,54.36905695,183.9281489,0.005188934902,-2.873193838e-05
-0.609375,0.703125,54.36905695,202.0055528,0.005031316336,4.253324751e-05
-0.609375,0.796875,54.36905695,221.8596969,0.00504767625,5.325226402e-05
-0.609375,0.890625,54.36905695,243.6652083,0.005136803869,4.186793225e-05
-0.609375,0.984375,54.36905695,267.6138775,0.005232903262,2.46008829e-05
-0.609375,1.078125,54.36905695,293.916345,0.005304235287,1.151517379e-05
-0.609375,1.171875,54.36905695,322.8039542,0.005344880382,4.201133144e-06
-0.609375,1.265625,54.36905695,354.5307861,0.005361425636,1.215204618e-06
-0.609375,1.359375,54.36905695,389.3758942,0.005363585134,5.884338149e-07
-0.609375,1.453125,54.36905695,427.6457586,0.005359425162,8.707220812e-07
-0.609375,1.546875,54.36905695,469.676982,0.005353898312,1.292236411e-06
-0.609375,1.640625,54.36905695,515.83925,0.005349198725,1.560771189e-06
-0.609375,1.734375,54.36905695,566.5385831,0.005345800725,1.65274631e-06
-0.609375,1.828125,54.36905695,622.2209072,0.005343291615,1.631002357e-06
-0.609375,1.921875,54.36905695,683.3759764,0.00534103149,1.570210579e-06
-0.609375,2.015625,54.36905695,750.5416801,0.005338410283,1.523051977e-06
-0.609375,2.109375,54.36905695,824.3087744,0.005334955241,1.55158808e-06
-0.609375,2.203125,54.36905695,905.326078,0.005330343363,1.726081218e-06
-0.609375,2.296875,54.36905695,994.3061786,0.005324130537,2.059904225e-06
-0.609375,2.390625,54.36905695,1092.031701,0.005315193228,2.576943029e-06
-0.609375,2.484375,54.36905695,1199.36219,0.005300239439,3.334443948e-06
-0.609375,2.578125,54.36905695,1317.241671,0.005267420858,2.475082359e-06
-0.609375,2.671875,54.36905695,1446.706953,0.005197469942,2.458200793e-06
-0.609375,2.765625,54.36905695,1588.896749,0.005024116669,-6.893660214e-06
-0.609375,2.859375,54.36905695,1745.061689,0.004734605851,-5.084229133e-06
-0.609375,2.953125,54.36905695,1916.575322,0.004208352715,-1.942547953e-05
-0.515625,-2.953125,59.71272734,5.217639967,-6.214633427e-09,4.168723568e-07
-0.515625,-2.859375,59.71272734,5.730456443,-1.844235828e-08,4.500637194e-07
-0.515625,-2.765625,59.71272734,6.293675158,-2.947516377e-08,3.138140495e-07
-0.515625,-2.671875,59.71272734,6.912249904,-3.545897051e-08,1.196823221e-07
-0.515625,-2.578125,59.71272734,7.591621356,-3.626145651e-08,-7.79866772e-08
-0.515625,-2.484375,59.71272734,8.337764926,-3.500700766e-08,-2.246183519e-07
-0.515625,-2.390625,59.71272734,9.157243322,-3.215235326e-08,-2.957281707e-07
-0.515625,-2.296875,59.71272734,10.05726427,-2.957607231e-08,-3.001525611e-07
-0.515625,-2.203125,59.71272734,11.0457439,-3.395063971e-08,-2.861387096e-07
-0.515625,-2.109375,59.71272734,12.13137638,-4.994979241e-08,-2.571853718e-07
-0.515625,-2.015625,59.71272734,13.32371041,-8.372193877e-08,-2.267022558e-07
-0.515625,-1.921875,59.71272734,14.63323316,-1.497516193e-07,-2.237635896e-07
-0.515625,-1.828125,59.71272734,16.07146254,-2.781282774e-07,-3.149274104e-07
-0.515625,-1.734375,59.71272734,17.65104849,-5.231708892e-07,-5.12486283e-07
-0.515625,-1.640625,59.71272734,19.38588426,-9.786378373e-07,-9.228962985e-07
-0.515625,-1.546875,59.71272734,21.29122862,-1.817700347e-06,-1.665454113e-06
-0.515625,-1.453125,59.71272734,23.38384001,-3.372550101e-06,-2.998081302e-06
-0.515625,-1.359375,59.71272734,25.68212401,-6.254902077e-06,-5.374431288e-06
-0.515625,-1.265625,59.71272734,28.20629517,-1.159708002e-05,-9.947102902e-06
-0.515625,-1.171875,59.71272734,30.97855485,-2.153676231e-05,-1.969713978e-05
-0.515625,-1.078125,59.71272734,34.02328646,-4.013326335e-05,-4.188471536e-05
-0.515625,-0.984375,59.71272734,37.36726994,-7.494464727e-05,-9.279909121e-05
-0.515625,-0.890625,59.71272734,41.03991731,-0.0001390075208,-0.0002018130249
-0.515625,-0.796875,59.71272734,45.07353134,-0.0002505740411,-0.0003927042772
-0.515625,-0.703125,59.71272734,49.50358969,-0.0004245940737,-0.0006765704593
-0.515625,-0.609375,59.71272734,54.36905695,-0.0006330833398,-0.000853204883
-0.515625,-0.515625,59.71272734,59.71272734,-0.0007395229267,-0.000739544981
-0.515625,-0.421875,59.71272734,65.58160113,-0.0003626556992,0.0003453068501
-0.515625,-0.328125,59.71272734,72.027298,0.00109757669,0.002109864822
-0.515625,-0.234375,59.71272734,79.10651109,0.004267512418,0.004131500329
-0.515625,-0.140625,59.71272734,86.88150563,0.009191440331,0.004881953075
-0.515625,-0.046875,59.71272734,95.4206666,0.01464463108,0.003476814096
-0.515625,0.046875,59.71272734,104.7991002,0.01885239758,0.001321188834
-0.515625,0.140625,59.71272734,115.0992945,0.02106006592,0.0001374362144
-0.515625,0.234375,59.71272734,126.4118448,0.02164596325,-0.0005135549231
-0.515625,0.328125,59.71272734,138.8362507,0.02103619102,-0.0009341039601
-0.515625,0.421875,59.71272734,152.4817911,0.01974102082,-0.0007629627225
-0.515625,0.515625,59.71272734,167.4684853,0.01843749287,-0.0004438963745
-0.515625,0.609375,59.71272734,183.9281489,0.01748364173,-0.0001781185312
-0.515625,0.703125,59.71272734,202.0055528,0.01695366049,-6.743163951e-07
-0.515625,0.796875,59.71272734,221.8596969,0.01676876366,6.424433962e-05
-0.515625,0.890625,59.71272734,243.6652083,0.01678400627,7.120395052e-05
-0.515625,0.984375,59.71272734,267.6138775,0.01687959356,5.291739474e-05
-0.515625,1.078125,59.71272734,293.916345,0.01698036189,3.228741526e-05
-0.515625,1.171875,59.71272734,322.8039542,0.01705406109,1.749982304e-05
-0.515625,1.265625,59.71272734,354.5307861,0.01709560752,9.333177785e-06
-0.515625,1.359375,59.71272734,389.3758942,0.01711246319,5.825708338e-06
-0.515625,1.453125,59.71272734,427.6457586,0.01711488337,4.785669043e-06
-0.515625,1.546875,59.71272734,469.676982,0.01711112325,4.691045955e-06
-0.515625,1.640625,59.71272734,515.83925,0.01710623847,4.762320541e-06
-0.515625,1.734375,59.71272734,566.5385831,0.01710249435,4.712829612e-06
-0.515625,1.828125,59.71272734,622.2209072,0.01710039094,4.516870439e-06
-0.515625,1.921875,59.71272734,683.3759764,0.01709955808,4.233275101e-06
-0.515625,2.015625,59.71272734,750.5416801,0.01709924429,3.924729898e-06
-0.515625,2.109375,59.71272734,824.3087744,0.01709849994,3.6652129e-06
-0.515625,2.203125,59.71272734,905.326078,0.01709594402,3.518750533e-06
-0.515625,2.296875,59.71272734,994.3061786,0.01708904125,3.451760042e-06
-0.515625,2.390625,59.71272734,1092.031701,0.01707258801,3.389241853e-06
-0.515625,2.484375,59.71272734,1199.36219,0.01703568019,3.191231864e-06
-0.515625,2.578125,59.71272734,1317.241671,0.01695282456,2.813520736e-07
-0.515625,2.671875,59.71272734,1446.706953,0.01678109013,-2.670529172e-06
-0.515625,2.765625,59.71272734,1588.896749,0.01641108925,-1.990100474e-05
-0.515625,2.859375,59.71272734,1745.061689,0.01578569483,-2.141487819e-05
-0.515625,2.953125,59.71272734,1916.575322,0.01463417317,-5.374870437e-05
-0.421875,-2.953125,65.58160113,5.217639967,-6.591329442e-09,2.639417887e-07
-0.421875,-2.859375,65.58160113,5.730456443,-1.802097596e-08,3.195154661e-07
-0.421875,-2.765625,65.58160113,6.293675158,-2.566719815e-08,2.457821078e-07
-0.421875,-2.671875,65.58160113,6.912249904,-2.863018781e-08,1.024985323e-07
-0.421875,-2.578125,65.58160113,7.591621356,-2.661709714e-08,-4.995101252e-08
-0.421875,-2.484375,65.58160113,8.337764926,-1.845495534e-08,-1.743111575e-07
-0.421875,-2.390625,65.58160113,9.157243322,-7.97594568e-09,-2.428527099e-07
-0.421875,-2.296875,65.58160113,10.05726427,1.864940225e-09,-2.628119362e-07
-0.421875,-2.203125,65.58160113,11.0457439,1.394668364e-08,-2.670545228e-07
-0.421875,-2.109375,65.58160113,12.13137638,2.760394394e-08,-2.761939448e-07
-0.421875,-2.015625,65.58160113,13.32371041,3.871221783e-08,-3.048180197e-07
-0.421875,-1.921875,65.58160113,14.63323316,4.651689932e-08,-3.892090087e-07
-0.421875,-1.828125,65.58160113,16.07146254,5.318310888e-08,-6.196505136e-07
-0.421875,-1.734375,65.58160113,17.65104849,5.147795962e-08,-1.08115004e-06
-0.421875,-1.640625,65.58160113,19.38588426,1.831938735e-08,-1.938940337e-06
-0.421875,-1.546875,65.58160113,21.29122862,-9.519955797e-08,-3.474422304e-06
-0.421875,-1.453125,65.58160113,23.38384001,-3.885073427e-07,-6.194547683e-06
-0.421875,-1.359375,65.58160113,25.68212401,-1.082105749e-06,-1.101611969e-05
-0.421875,-1.265625,65.58160113,28.20629517,-2.644980536e-06,-1.987408446e-05
-0.421875,-1.171875,65.58160113,30.97855485,-6.0281947e-06,-3.715584309e-05
-0.421875,-1.078125,65.58160113,34.02328646,-1.312622096e-05,-7.255340421e-05
-0.421875,-0.984375,65.58160113,37.36726994,-2.741194611e-05,-0.0001459045839
-0.421875,-0.890625,65.58160113,41.03991731,-5.399691285e-05,-0.0002897129384
-0.421875,-0.796875,65.58160113,45.07353134,-9.529285049e-05,-0.0005213228236
-0.421875,-0.703125,65.58160113,49.50358969,-0.0001339268861,-0.0008226037731
-0.421875,-0.609375,65.58160113,54.36905695,-7.592952708e-05,-0.0008811842976
-0.421875,-0.515625,65.58160113,59.71272734,0.0003452632293,-0.0003626787747
-0.421875,-0.421875,65.58160113,65.58160113,0.001753752504,0.001753796818
-0.421875,-0.328125,65.58160113,72.027298,0.005127651442,0.005108945839
-0.421875,-0.234375,65.58160113,79.10651109,0.01158830316,0.009152551546
-0.421875,-0.140625,65.58160113,86.88150563,0.02143936366,0.01112330741
-0.421875,-0.046875,65.58160113,95.4206666,0.03294744165,0.00909380918
-0.421875,0.046875,65.58160113,104.7991002,0.04304855162,0.004907585764
-0.421875,0.140625,65.58160113,115.0992945,0.0497620306,0.001854247671
-0.421875,0.234375,65.58160113,126.4118448,0.05313961716,-2.567617685e-05
-0.421875,0.328125,65.58160113,138.8362507,0.05381802446,-0.001296762008
-0.421875,0.421875,65.58160113,152.4817911,0.05265037538,-0.001408379241
-0.421875,0.515625,65.58160113,167.4684853,0.05082964615,-0.001001592619
-0.421875,0.609375,65.58160113,183.9281489,0.04917821858,-0.0005392341956
-0.421875,0.703125,65.58160113,202.0055528,0.04804201975,-0.0001703721446
-0.421875,0.796875,65.58160113,221.8596969,0.04744998837,1.762823996e-05
-0.421875,0.890625,65.58160113,243.6652083,0.04725101501,8.50591692e-05
-0.421875,0.984375,65.58160113,267.6138775,0.04727029717,8.54002517e-05
-0.421875,1.078125,65.58160113,293.916345,0.04737149772,6.301666417e-05
-0.421875,1.171875,65.58160113,322.8039542,0.04747578295,4.002000393e-05
-0.421875,1.265625,65.58160113,354.5307861,0.04755074619,2.397407974e-05
-0.421875,1.359375,65.58160113,389.3758942,0.04759219358,1.507807028e-05
-0.421875,1.453125,65.58160113,427.6457586,0.04760829644,1.10340377e-05
-0.421875,1.546875,65.58160113,469.676982,0.04760968149,9.530448368e-06
-0.421875,1.640625,65.58160113,515.83925,0.04760471475,9.011035636e-06
-0.421875,1.734375,65.58160113,566.5385831,0.04759823976,8.675133434e-06
-0.421875,1.828125,65.58160113,622.2209072,0.04759208415,8.234466778e-06
-0.421875,1.921875,65.58160113,683.3759764,0.04758591711,7.633356919e-06
-0.421875,2.015625,65.58160113,750.5416801,0.04757795369,6.898250503e-06
-0.421875,2.109375,65.58160113,824.3087744,0.04756508911,6.073453168e-06
-0.421875,2.203125,65.58160113,905.326078,0.04754255976,5.180669947e-06
-0.421875,2.296875,65.58160113,994.3061786,0.04750263226,4.063550946e-06
-0.421875,2.390625,65.58160113,1092.031701,0.04743227841,2.450059088e-06
-0.421875,2.484375,65.58160113,1199.36219,0.04730872577,-1.676205603e-07
-0.421875,2.578125,65.58160113,1317.241671,0.04708837103,-7.369186001e-06
-0.421875,2.671875,65.58160113,1446.706953,0.04669848559,-1.662222898e-05
-0.421875,2.765625,65.58160113,1588.896749,0.04597697989,-4.752818062e-05
-0.421875,2.859375,65.58160113,1745.061689,0.044786778,-5.872319187e-05
-0.421875,2.953125,65.58160113,1916.575322,0.04261781235,-0.0001271725034
-0.328125,-2.953125,72.027298,5.217639967,-6.597654342e-09,9.437985818e-08
-0.328125,-2.859375,72.027298,5.730456443,-1.76209488e-08,1.953943719e-07
-0.328125,-2.765625,72.027298,6.293675158,-2.372963354e-08,2.085579835e-07
-0.328125,-2.671875,72.027298,6.912249904,-2.179568062e-08,1.283435626e-07
-0.328125,-2.578125,72.027298,7.591621356,-1.426545772e-08,1.612992474e-08
-0.328125,-2.484375,72.027298,8.337764926,-3.501060711e-09,-7.511361815e-08
-0.328125,-2.390625,72.027298,9.157243322,1.321975579e-08,-1.223277719e-07
-0.328125,-2.296875,72.027298,10.05726427,3.72327611e-08,-1.306689851e-07
-0.328125,-2.203125,72.027298,11.0457439,6.815832449e-08,-1.085310473e-07
-0.328125,-2.109375,72.027298,12.13137638,1.114698441e-07,-8.689279749e-08
-0.328125,-2.015625,72.027298,13.32371041,1.821929296e-07,-4.082890754e-08
-0.328125,-1.921875,72.027298,14.63323316,3.026971055e-07,-6.530312517e-09
-0.328125,-1.828125,72.027298,16.07146254,5.075075412e-07,-3.43218726e-08
-0.328125,-1.734375,72.027298,17.65104849,8.591232296e-07,-2.042295431e-07
-0.328125,-1.640625,72.027298,19.38588426,1.458957108e-06,-6.507474582e-07
-0.328125,-1.546875,72.027298,21.29122862,2.471552834e-06,-1.617924593e-06
-0.328125,-1.453125,72.027298,23.38384001,4.166961371e-06,-3.555750325e-06
-0.328125,-1.359375,72.027298,25.68212401,6.980907732e-06,-7.401576641e-06
-0.328125,-1.265625,72.027298,28.20629517,1.161674974e-05,-1.510932079e-05
-0.328125,-1.171875,72.027298,30.97855485,1.922705007e-05,-3.116721875e-05
-0.328125,-1.078125,72.027298,34.02328646,3.178921431e-05,-6.536421511e-05
-0.328125,-0.984375,72.027298,37.36726994,5.304426721e-05,-0.0001368953964
-0.328125,-0.890625,72.027298,41.03991731,9.156529089e-05,-0.0002733741536
-0.328125,-0.796875,72.027298,45.07353134,0.0001712611591,-0.0004697316519
-0.328125,-0.703125,72.027298,49.50358969,0.0003607664786,-0.0006473931441
-0.328125,-0.609375,72.027298,54.36905695,0.0008539944011,-0.0003195035237
-0.328125,-0.515625,72.027298,59.71272734,0.002109842379,0.001097552575
-0.328125,-0.421875,72.027298,65.58160113,0.005108925127,0.005127696238
-0.328125,-0.328125,72.027298,72.027298,0.0114175169,0.01141753559
-0.328125,-0.234375,72.027298,79.10651109,0.02299713351,0.01931610854
-0.328125,-0.140625,72.027298,86.88150563,0.04078265258,0.02404172759
-0.328125,-0.046875,72.027298,95.4206666,0.06267556505,0.02172939699
-0.328125,0.046875,72.027298,104.7991002,0.08380762282,0.01420513927
-0.328125,0.140625,72.027298,115.0992945,0.09986984314,0.007269271837
-0.328125,0.234375,72.027298,126.4118448,0.1098265068,0.002500429206
-0.328125,0.328125,72.027298,138.8362507,0.1143886267,-0.0008729391934
-0.328125,0.421875,72.027298,152.4817911,0.1148400475,-0.002027076814
-0.328125,0.515625,72.027298,167.4684853,0.1131174532,-0.001833352077
-0.328125,0.609375,72.027298,183.9281489,0.110828646,-0.001211250649
-0.328125,0.703125,72.027298,202.0055528,0.108879346,-0.000570193878
-0.328125,0.796875,72.027298,221.8596969,0.1076075002,-0.000159601802
-0.328125,0.890625,72.027298,243.6652083,0.106963837,4.468774164e-05
-0.328125,0.984375,72.027298,267.6138775,0.1067551337,0.0001085383987
-0.328125,1.078125,72.027298,293.916345,0.1067788198,0.0001045271068
-0.328125,1.171875,72.027298,322.8039542,0.1068876364,7.868590888e-05
-0.328125,1.265625,72.027298,354.5307861,0.1069987528,5.337094684e-05
-0.328125,1.359375,72.027298,389.3758942,0.1070788641,3.573226546e-05
-0.328125,1.453125,72.027298,427.6457586,0.1071239017,2.560705804e-05
-0.328125,1.546875,72.027298,469.676982,0.1071424882,2.054337609e-05
-0.328125,1.640625,72.027298,515.83925,0.1071456811,1.813739159e-05
-0.328125,1.734375,72.027298,566.5385831,0.1071423219,1.679794161e-05
-0.328125,1.828125,72.027298,622.2209072,0.1071378103,1.569926369e-05
-0.328125,1.921875,72.027298,683.3759764,0.1071347037,1.45109849e-05
-0.328125,2.015625,72.027298,750.5416801,0.1071337215,1.312701117e-05
-0.328125,2.109375,72.027298,824.3087744,0.1071346885,1.154467901e-05
-0.328125,2.203125,72.027298,905.326078,0.1071369817,9.73329139e-06
-0.328125,2.296875,72.027298,994.3061786,0.1071391053,7.41429029e-06
-0.328125,2.390625,72.027298,1092.031701,0.1071372424,4.094575915e-06
-0.328125,2.484375,72.027298,1199.36219,0.1071208802,-1.207467201e-06
-0.328125,2.578125,72.027298,1317.241671,0.1070603993,-1.33558598e-05
-0.328125,2.671875,72.027298,1446.706953,0.1068898896,-3.061857294e-05
-0.328125,2.765625,72.027298,1588.896749,0.1064288908,-7.983059224e-05
-0.328125,2.859375,72.027298,1745.061689,0.105444958,-0.000108954965
-0.328125,2.953125,72.027298,1916.575322,0.103139702,-0.0002387412921
-0.234375,-2.953125,79.10651109,5.217639967,-4.758469437e-09,-6.243643889e-08
-0.234375,-2.859375,79.10651109,5.730456443,-1.184249573e-08,9.414086682e-08
-0.234375,-2.765625,79.10651109,6.293675158,-1.615347179e-08,1.75492578e-07
-0.234375,-2.671875,79.10651109,6.912249904,-1.665650914e-08,1.724517436e-07
-0.234375,-2.578125,79.10651109,7.591621356,-1.175296071e-08,9.886476703e-08
-0.234375,-2.484375,79.10651109,8.337764926,-2.095846253e-09,3.686180705e-08
-0.234375,-2.390625,79.10651109,9.157243322,7.366743884e-09,-4.078211796e-09
-0.234375,-2.296875,79.10651109,10.05726427,1.273957864e-08,-1.364812889e-08
-0.234375,-2.203125,79.10651109,11.0457439,1.489529703e-08,1.31703353e-08
-0.234375,-2.109375,79.10651109,12.13137638,1.790059768e-08,9.221561651e-08
-0.234375,-2.015625,79.10651109,13.32371041,2.586046552e-08,2.41139e-07
-0.234375,-1.921875,79.10651109,14.63323316,4.61292593e-08,4.571845345e-07
-0.234375,-1.828125,79.10651109,16.07146254,1.042552503e-07,7.692298139e-07
-0.234375,-1.734375,79.10651109,17.65104849,2.564816637e-07,1.209696153e-06
-0.234375,-1.640625,79.10651109,19.38588426,6.129895049e-07,1.784282692e-06
-0.234375,-1.546875,79.10651109,21.29122862,1.38427401e-06,2.50866667e-06
-0.234375,-1.453125,79.10651109,23.38384001,2.972303338e-06,3.348981658e-06
-0.234375,-1.359375,79.10651109,25.68212401,6.162703424e-06,4.114596754e-06
-0.234375,-1.265625,79.10651109,28.20629517,1.249153655e-05,4.094775582e-06
-0.234375,-1.171875,79.10651109,30.97855485,2.493401707e-05,9.335250013e-07
-0.234375,-1.078125,79.10651109,34.02328646,4.932300334e-05,-1.116402957e-05
-0.234375,-0.984375,79.10651109,37.36726994,9.743000269e-05,-4.332551709e-05
-0.234375,-0.890625,79.10651109,41.03991731,0.0001942594662,-0.0001045032076
-0.234375,-0.796875,79.10651109,45.07353134,0.0003968201357,-0.0001412533101
-0.234375,-0.703125,79.10651109,49.50358969,0.0008397652764,3.407102273e-05
-0.234375,-0.609375,79.10651109,54.36905695,0.001847121837,0.001175360302
-0.234375,-0.515625,79.10651109,59.71272734,0.004131497837,0.004267489347
-0.234375,-0.421875,79.10651109,65.58160113,0.009152549725,0.01158834761
-0.234375,-0.328125,79.10651109,72.027298,0.01931610635,0.0229971504
-0.234375,-0.234375,79.10651109,79.10651109,0.03787875172,0.03787875371
-0.234375,-0.140625,79.10651109,86.88150563,0.0670700739,0.04842955121
-0.234375,-0.046875,79.10651109,95.4206666,0.105125257,0.04750198516
-0.234375,0.046875,79.10651109,104.7991002,0.14511252,0.03530611157
-0.234375,0.140625,79.10651109,115.0992945,0.1787066189,0.0211100299
-0.234375,0.234375,79.10651109,126.4118448,0.2022345871,0.01026212778
-0.234375,0.328125,79.10651109,138.8362507,0.215985949,0.002242192605
-0.234375,0.421875,79.10651109,152.4817911,0.2216342888,-0.001704163133
-0.234375,0.515625,79.10651109,167.4684853,0.2220405168,-0.002645303078
-0.234375,0.609375,79.10651109,183.9281489,0.2199879528,-0.002216317983
-0.234375,0.703125,79.10651109,202.0055528,0.2173795044,-0.001335452783
-0.234375,0.796875,79.10651109,221.8596969,0.2152308076,-0.0006087109873
-0.234375,0.890625,79.10651109,243.6652083,0.2138441916,-0.0001564451145
-0.234375,0.984375,79.10651109,267.6138775,0.2131414209,5.510445616e-05
-0.234375,1.078125,79.10651109,293.916345,0.2129020409,0.0001192388699
-0.234375,1.171875,79.10651109,322.8039542,0.2129097334,0.0001137848494
-0.234375,1.265625,79.10651109,354.5307861,0.213010078,8.663774927e-05
-0.234375,1.359375,79.10651109,389.3758942,0.2131167655,6.035915839e-05
-0.234375,1.453125,79.10651109,427.6457586,0.2131948256,4.198086217e-05
-0.234375,1.546875,79.10651109,469.676982,0.21323933,3.125678602e-05
-0.234375,1.640625,79.10651109,515.83925,0.2132585577,2.569099663e-05
-0.234375,1.734375,79.10651109,566.5385831,0.2132635829,2.286532145e-05
-0.234375,1.828125,79.10651109,622.2209072,0.213263574,2.118662112e-05
-0.234375,1.921875,79.10651109,683.3759764,0.2132646694,1.981222652e-05
-0.234375,2.015625,79.10651109,750.5416801,0.2132706152,1.83835163e-05
-0.234375,2.109375,79.10651109,824.3087744,0.2132840494,1.681712572e-05
-0.234375,2.203125,79.10651109,905.326078,0.2133076044,1.50667784e-05
-0.234375,2.296875,79.10651109,994.3061786,0.2133443871,1.280674077e-05
-0.234375,2.390625,79.10651109,1092.031701,0.2133973926,9.403198678e-06
-0.234375,2.484375,79.10651109,1199.36219,0.2134658464,3.401728112e-06
-0.234375,2.578125,79.10651109,1317.241671,0.2135338032,-1.148032682e-05
-0.234375,2.671875,79.10651109,1446.706953,0.2135492659,-3.502112039e-05
-0.234375,2.765625,79.10651109,1588.896749,0.2133473186,-0.0001027719753
-0.234375,2.859375,79.10651109,1745.061689,0.2126702182,-0.00015477768
-0.234375,2.953125,79.10651109,1916.575322,0.2107206357,-0.0003624915327
-0.140625,-2.953125,86.88150563,5.217639967,-3.7729937e-09,-1.905388549e-07
-0.140625,-2.859375,86.88150563,5.730456443,-8.846041589e-09,3.050945694e-08
-0.140625,-2.765625,86.88150563,6.293675158,-9.337247754e-09,1.727867333e-07
-0.140625,-2.671875,86.88150563,6.912249904,-5.685539015e-09,2.131390105e-07
-0.140625,-2.578125,86.88150563,7.591621356,-5.383698885e-10,1.696643396e-07
-0.140625,-2.484375,86.88150563,8.337764926,4.801068516e-09,1.205370985e-07
-0.140625,-2.390625,86.88150563,9.157243322,8.807399928e-09,4.376803136e-08
-0.140625,-2.296875,86.88150563,10.05726427,8.007457171e-09,-1.482782151e-08
-0.140625,-2.203125,86.88150563,11.0457439,-5.631138255e-09,-6.826677624e-08
-0.140625,-2.109375,86.88150563,12.13137638,-4.253466633e-08,-6.82597384e-08
-0.140625,-2.015625,86.88150563,13.32371041,-1.113184614e-07,-2.998296692e-09
-0.140625,-1.921875,86.88150563,14.63323316,-2.22905318e-07,1.399173101e-07
-0.140625,-1.828125,86.88150563,16.07146254,-3.926248311e-07,4.45777852e-07
-0.140625,-1.734375,86.88150563,17.65104849,-6.373583797e-07,1.011639257e-06
-0.140625,-1.640625,86.88150563,19.38588426,-9.606006538e-07,2.019505351e-06
-0.140625,-1.546875,86.88150563,21.29122862,-1.321760828e-06,3.764283906e-06
-0.140625,-1.453125,86.88150563,23.38384001,-1.564568693e-06,6.798321474e-06
-0.140625,-1.359375,86.88150563,25.68212401,-1.249749776e-06,1.205586612e-05
-0.140625,-1.265625,86.88150563,28.20629517,7.161379534e-07,2.096376886e-05
-0.140625,-1.171875,86.88150563,30.97855485,6.904216099e-06,3.515680244e-05
-0.140625,-1.078125,86.88150563,34.02328646,2.315134259e-05,5.656414509e-05
-0.140625,-0.984375,86.88150563,37.36726994,6.2590185e-05,8.957863151e-05
-0.140625,-0.890625,86.88150563,41.03991731,0.0001552338029,0.0001585030971
-0.140625,-0.796875,86.88150563,45.07353134,0.0003718694732,0.0003939123569
-0.140625,-0.703125,86.88150563,49.50358969,0.0008812207931,0.00114849435
-0.140625,-0.609375,86.88150563,54.36905695,0.00208662566,0.003553438414
-0.140625,-0.515625,86.88150563,59.71272734,0.004881848535,0.009191413314
-0.140625,-0.421875,86.88150563,65.58160113,0.01112319721,0.02143940596
-0.140625,-0.328125,86.88150563,72.027298,0.02404161491,0.04078266745
-0.140625,-0.234375,86.88150563,79.10651109,0.04842943538,0.06707007378
-0.140625,-0.140625,86.88150563,86.88150563,0.08880787669,0.08880799597
-0.140625,-0.046875,86.88150563,95.4206666,0.1458499757,0.09412433521
-0.140625,0.046875,86.88150563,104.7991002,0.2116844404,0.07738183422
-0.140625,0.140625,86.88150563,115.0992945,0.2720239163,0.05125040656
-0.140625,0.234375,86.88150563,126.4118448,0.3180398801,0.02906748882
-0.140625,0.328125,86.88150563,138.8362507,0.3485686614,0.01197759645
-0.140625,0.421875,86.88150563,152.4817911,0.3653415587,0.00188700757
-0.140625,0.515625,86.88150563,167.4684853,0.3719821607,-0.002280414376
-0.140625,0.609375,86.88150563,183.9281489,0.3726126006,-0.003125246842
-0.140625,0.703125,86.88150563,202.0055528,0.370525341,-0.002411865256
-0.140625,0.796875,86.88150563,221.8596969,0.3678689683,-0.001419921104
-0.140625,0.890625,86.88150563,243.6652083,0.3656884946,-0.0006311389679
-0.140625,0.984375,86.88150563,267.6138775,0.3642896167,-0.0001618703978
-0.140625,1.078125,86.88150563,293.916345,0.3635826979,5.462051592e-05
-0.140625,1.171875,86.88150563,322.8039542,0.3633418693,0.0001196167008
-0.140625,1.265625,86.88150563,354.5307861,0.3633483851,0.0001141860496
-0.140625,1.359375,86.88150563,389.3758942,0.3634472558,8.700952346e-05
-0.140625,1.453125,86.88150563,427.6457586,0.3635521205,6.071563611e-05
-0.140625,1.546875,86.88150563,469.676982,0.3636279809,4.233570909e-05
-0.140625,1.640625,86.88150563,515.83925,0.3636697531,3.161751647e-05
-0.140625,1.734375,86.88150563,566.5385831,0.3636853047,2.606110259e-05
-0.140625,1.828125,86.88150563,622.2209072,0.3636851174,2.327785834e-05
-0.140625,1.921875,86.88150563,683.3759764,0.3636774801,2.165966408e-05
-0.140625,2.015625,86.88150563,750.5416801,0.3636673818,2.036383521e-05
-0.140625,2.109375,86.88150563,824.3087744,0.3636572523,1.908980592e-05
-0.140625,2.203125,86.88150563,905.326078,0.3636486329,1.777205473e-05
-0.140625,2.296875,86.88150563,994.3061786,0.3636441063,1.614384658e-05
-0.140625,2.390625,86.88150563,1092.031701,0.3636498109,1.368473007e-05
-0.140625,2.484375,86.88150563,1199.36219,0.3636779495,8.888985595e-06
-0.140625,2.578125,86.88150563,1317.241671,0.3637487428,-5.156797525e-06
-0.140625,2.671875,86.88150563,1446.706953,0.3638910305,-2.884618378e-05
-0.140625,2.765625,86.88150563,1588.896749,0.364120943,-0.0001042043504
-0.140625,2.859375,86.88150563,1745.061689,0.3645026014,-0.0001626902893
-0.140625,2.953125,86.88150563,1916.575322,0.3649259871,-0.0004185502584
-0.046875,-2.953125,95.4206666,5.217639967,-7.643245823e-10,-2.591408398e-07
-0.046875,-2.859375,95.4206666,5.730456443,-2.570242495e-09,-1.376612841e-08
-0.046875,-2.765625,95.4206666,6.293675158,-3.582277974e-09,1.919620069e-07
-0.046875,-2.671875,95.4206666,6.912249904,4.165612985e-10,2.940829718e-07
-0.046875,-2.578125,95.4206666,7.591621356,1.173235136e-08,2.926982211e-07
-0.046875,-2.484375,95.4206666,8.337764926,2.70156819e-08,2.359141071e-07
-0.046875,-2.390625,95.4206666,9.157243322,4.202244953e-08,1.330023761e-07
-0.046875,-2.296875,95.4206666,10.05726427,5.481211965e-08,2.023117719e-08
-0.046875,-2.203125,95.4206666,11.0457439,6.552186002e-08,-1.130390243e-07
-0.046875,-2.109375,95.4206666,12.13137638,7.129047934e-08,-2.482981993e-07
-0.046875,-2.015625,95.4206666,13.32371041,5.967127398e-08,-3.783825549e-07
-0.046875,-1.921875,95.4206666,14.63323316,1.434498583e-08,-4.909769305e-07
-0.046875,-1.828125,95.4206666,16.07146254,-8.9999227e-08,-5.390979664e-07
-0.046875,-1.734375,95.4206666,17.65104849,-2.997722054e-07,-4.591470033e-07
-0.046875,-1.640625,95.4206666,19.38588426,-7.015988191e-07,-1.001547945e-07
-0.046875,-1.546875,95.4206666,21.29122862,-1.444284679e-06,8.6263297e-07
-0.046875,-1.453125,95.4206666,23.38384001,-2.758670909e-06,3.160088783e-06
-0.046875,-1.359375,95.4206666,25.68212401,-4.968802673e-06,8.249380109e-06
-0.046875,-1.265625,95.4206666,28.20629517,-8.435713157e-06,1.888020237e-05
-0.046875,-1.171875,95.4206666,30.97855485,-1.329300949e-05,3.976454089e-05
-0.046875,-1.078125,95.4206666,34.02328646,-1.858558183e-05,7.9690448e-05
-0.046875,-0.984375,95.4206666,37.36726994,-1.9739078e-05,0.0001585675124
-0.046875,-0.890625,95.4206666,41.03991731,-1.282569926e-06,0.0003367579849
-0.046875,-0.796875,95.4206666,45.07353134,8.391664724e-05,0.0008328599844
-0.046875,-0.703125,95.4206666,49.50358969,0.0003690469749,0.002195431087
-0.046875,-0.609375,95.4206666,54.36905695,0.001211941177,0.006012788711
-0.046875,-0.515625,95.4206666,59.71272734,0.003476858467,0.01464459616
-0.046875,-0.421875,95.4206666,65.58160113,0.009093851909,0.03294747736
-0.046875,-0.328125,95.4206666,72.027298,0.02172943716,0.0626755746
-0.046875,-0.234375,95.4206666,79.10651109,0.04750202302,0.1051252512
-0.046875,-0.140625,95.4206666,86.88150563,0.09412436827,0.1458500908
-0.046875,-0.046875,95.4206666,95.4206666,0.1676596172,0.1676595858
-0.046875,0.046875,95.4206666,104.7991002,0.2628108847,0.1512865997
-0.046875,0.140625,95.4206666,115.0992945,0.3586979806,0.1086347344
-0.046875,0.234375,95.4206666,126.4118448,0.4369560293,0.06730603691
-0.046875,0.328125,95.4206666,138.8362507,0.4927340012,0.03439749706
-0.046875,0.421875,95.4206666,152.4817911,0.5276833663,0.01276832497
-0.046875,0.515625,95.4206666,167.4684853,0.5460047363,0.001620473381
-0.046875,0.609375,95.4206666,183.9281489,0.5530546947,-0.002770733247
-0.046875,0.703125,95.4206666,202.0055528,0.55367809,-0.003367363863
-0.046875,0.796875,95.4206666,221.8596969,0.5515264751,-0.002537550039
-0.046875,0.890625,95.4206666,243.6652083,0.5488195949,-0.001468609782
-0.046875,0.984375,95.4206666,267.6138775,0.5466168749,-0.0006545907979
-0.046875,1.078125,95.4206666,293.916345,0.5452119447,-0.0001763311822
-0.046875,1.171875,95.4206666,322.8039542,0.5445063337,4.293614121e-05
-0.046875,1.265625,95.4206666,354.5307861,0.5442690006,0.0001090719863
-0.046875,1.359375,95.4206666,389.3758942,0.5442789989,0.000104468544
-0.046875,1.453125,95.4206666,427.6457586,0.5443806379,7.804392894e-05
-0.046875,1.546875,95.4206666,469.676982,0.5444875355,5.247368858e-05
-0.046875,1.640625,95.4206666,515.83925,0.5445648321,3.475661613e-05
-0.046875,1.734375,95.4206666,566.5385831,0.5446076071,2.463136475e-05
-0.046875,1.828125,95.4206666,622.2209072,0.5446237973,1.960806448e-05
-0.046875,1.921875,95.4206666,683.3759764,0.5446238525,1.727455967e-05
-0.046875,2.015625,95.4206666,750.5416801,0.5446158786,1.601300084e-05
-0.046875,2.109375,95.4206666,824.3087744,0.5446045673,1.506049094e-05
-0.046875,2.203125,95.4206666,905.326078,0.5445922744,1.420341568e-05
-0.046875,2.296875,95.4206666,994.3061786,0.5445811418,1.327266627e-05
-0.046875,2.390625,95.4206666,1092.031701,0.544576432,1.210796863e-05
-0.046875,2.484375,95.4206666,1199.36219,0.5445909159,9.707289647e-06
-0.046875,2.578125,95.4206666,1317.241671,0.5446517503,-3.06461365e-07
-0.046875,2.671875,95.4206666,1446.706953,0.5448068539,-1.735167938e-05
-0.046875,2.765625,95.4206666,1588.896749,0.5451288385,-8.588263122e-05
-0.046875,2.859375,95.4206666,1745.061689,0.5457621052,-0.0001268850231
-0.046875,2.953125,95.4206666,1916.575322,0.5468652302,-0.000381535637
0.046875,-2.953125,104.7991002,5.217639967,-1.842160496e-10,-2.745343259e-07
0.046875,-2.859375,104.7991002,5.730456443,3.845264803e-10,-2.098858557e-08
0.046875,-2.765625,104.7991002,6.293675158,4.130295276e-09,2.41470694e-07
0.046875,-2.671875,104.7991002,6.912249904,1.14913387e-08,4.108507115e-07
0.046875,-2.578125,104.7991002,7.591621356,2.17444823e-08,4.656041969e-07
0.046875,-2.484375,104.7991002,8.337764926,3.619604806e-08,4.350713597e-07
0.046875,-2.390625,104.7991002,9.157243322,5.640159281e-08,3.437211615e-07
0.046875,-2.296875,104.7991002,10.05726427,8.147551895e-08,2.195831096e-07
0.046875,-2.203125,104.7991002,11.0457439,1.103848832e-07,8.176401101e-08
0.046875,-2.109375,104.7991002,12.13137638,1.456228008e-07,-6.997227846e-08
0.046875,-2.015625,104.7991002,13.32371041,1.948777968e-07,-2.368407974e-07
0.046875,-1.921875,104.7991002,14.63323316,2.67297749e-07,-4.047206823e-07
0.046875,-1.828125,104.7991002,16.07146254,3.682359031e-07,-5.994339629e-07
0.046875,-1.734375,104.7991002,17.65104849,4.944828777e-07,-8.278978866e-07
0.046875,-1.640625,104.7991002,19.38588426,6.207970048e-07,-1.125599424e-06
0.046875,-1.546875,104.7991002,21.29122862,6.669841241e-07,-1.410395887e-06
0.046875,-1.453125,104.7991002,23.38384001,4.320038221e-07,-1.351031763e-06
0.046875,-1.359375,104.7991002,25.68212401,-5.244862657e-07,-3.298905032e-09
0.046875,-1.265625,104.7991002,28.20629517,-3.091858484e-06,4.78002999e-06
0.046875,-1.171875,104.7991002,30.97855485,-8.933458459e-06,1.741569665e-05
0.046875,-1.078125,104.7991002,34.02328646,-2.087116296e-05,4.78479516e-05
0.046875,-0.984375,104.7991002,37.36726994,-4.293778851e-05,0.000122064273
0.046875,-0.890625,104.7991002,41.03991731,-7.826457783e-05,0.0003217231062
0.046875,-0.796875,104.7991002,45.07353134,-0.0001184007534,0.0009324574131
0.046875,-0.703125,104.7991002,49.50358969,-0.0001071071652,0.002674678796
0.046875,-0.609375,104.7991002,54.36905695,0.0001679076703,0.007584415038
0.046875,-0.515625,104.7991002,59.71272734,0.001321084553,0.01885235789
0.046875,-0.421875,104.7991002,65.58160113,0.0049074753,0.04304858209
0.046875,-0.328125,104.7991002,72.027298,0.014205023,0.0838076265
0.046875,-0.234375,104.7991002,79.10651109,0.0353059902,0.145112511
0.046875,-0.140625,104.7991002,86.88150563,0.07738171002,0.2116845547
0.046875,-0.046875,104.7991002,95.4206666,0.1512864753,0.2628108535
0.046875,0.046875,104.7991002,104.7991002,0.261971626,0.2619717523
0.046875,0.140625,104.7991002,115.0992945,0.3929470272,0.2058879254
0.046875,0.234375,104.7991002,126.4118448,0.5127483237,0.1368119006
0.046875,0.328125,104.7991002,138.8362507,0.6045509088,0.07842422481
0.046875,0.421875,104.7991002,152.4817911,0.6671126637,0.03726214559
0.046875,0.515625,104.7991002,167.4684853,0.7048563668,0.01317033815
0.046875,0.609375,104.7991002,183.9281489,0.7241782523,0.001220028759
0.046875,0.703125,104.7991002,202.0055528,0.7314543648,-0.003052465161
0.046875,0.796875,104.7991002,221.8596969,0.7320780074,-0.003554193256
0.046875,0.890625,104.7991002,243.6652083,0.7298732484,-0.002635346888
0.046875,0.984375,104.7991002,267.6138775,0.7271218338,-0.001529525984
0.046875,1.078125,104.7991002,293.916345,0.7248903058,-0.0006986000036
0.046875,1.171875,104.7991002,322.8039542,0.7234692821,-0.0002126722205
0.046875,1.265625,104.7991002,354.5307861,0.7227555371,1.090634065e-05
0.046875,1.359375,104.7991002,389.3758942,0.7225145727,8.015598372e-05
0.046875,1.453125,104.7991002,427.6457586,0.7225234063,7.815248182e-05
0.046875,1.546875,104.7991002,469.676982,0.7226252588,5.405212075e-05
0.046875,1.640625,104.7991002,515.83925,0.7227333081,3.059409664e-05
0.046875,1.734375,104.7991002,566.5385831,0.7228126143,1.479883352e-05
0.046875,1.828125,104.7991002,622.2209072,0.7228584613,6.444253458e-06
0.046875,1.921875,104.7991002,683.3759764,0.7228792104,3.020212143e-06
0.046875,2.015625,104.7991002,750.5416801,0.722885735,2.087531569e-06
0.046875,2.109375,104.7991002,824.3087744,0.72288651,2.115364982e-06
0.046875,2.203125,104.7991002,905.326078,0.722886289,2.427705472e-06
0.046875,2.296875,104.7991002,994.3061786,0.7228863749,2.672580065e-06
0.046875,2.390625,104.7991002,1092.031701,0.7228853616,2.798466616e-06
0.046875,2.484375,104.7991002,1199.36219,0.7228786842,2.001127193e-06
0.046875,2.578125,104.7991002,1317.241671,0.7228565482,-5.879314478e-06
0.046875,2.671875,104.7991002,1446.706953,0.7227900522,-2.030320252e-05
0.046875,2.765625,104.7991002,1588.896749,0.7226083173,-8.841585959e-05
0.046875,2.859375,104.7991002,1745.061689,0.7221358648,-0.0001274846514
0.046875,2.953125,104.7991002,1916.575322,0.7210889327,-0.0003940962149
0.140625,-2.953125,115.0992945,5.217639967,-1.780731509e-09,-3.185476154e-07
0.140625,-2.859375,115.0992945,5.730456443,-4.764283341e-09,-3.221393197e-08
0.140625,-2.765625,115.0992945,6.293675158,-5.894421206e-09,2.920042798e-07
0.140625,-2.671875,115.0992945,6.912249904,-3.840631448e-09,5.092419377e-07
0.140625,-2.578125,115.0992945,7.591621356,1.667355023e-09,5.993326961e-07
0.140625,-2.484375,115.0992945,8.337764926,8.97833816e-09,5.98087999e-07
0.140625,-2.390625,115.0992945,9.157243322,1.505739711e-08,5.118811945e-07
0.140625,-2.296875,115.0992945,10.05726427,1.710741468e-08,3.66770577e-07
0.140625,-2.203125,115.0992945,11.0457439,1.472945519e-08,2.155546538e-07
0.140625,-2.109375,115.0992945,12.13137638,9.152729827e-09,7.876421367e-08
0.140625,-2.015625,115.0992945,13.32371041,4.014120652e-09,-7.147190456e-09
0.140625,-1.921875,115.0992945,14.63323316,7.226042176e-09,-4.196925599e-08
0.140625,-1.828125,115.0992945,16.07146254,3.563887704e-08,-3.404562498e-08
0.140625,-1.734375,115.0992945,17.65104849,1.15966581e-07,-3.081435582e-08
0.140625,-1.640625,115.0992945,19.38588426,2.877004827e-07,-1.092232425e-07
0.140625,-1.546875,115.0992945,21.29122862,6.000444658e-07,-3.864161926e-07
0.140625,-1.453125,115.0992945,23.38384001,1.093336685e-06,-9.022135836e-07
0.140625,-1.359375,115.0992945,25.68212401,1.73930773e-06,-1.480028154e-06
0.140625,-1.265625,115.0992945,28.20629517,2.288287236e-06,-1.368026051e-06
0.140625,-1.171875,115.0992945,30.97855485,1.908465589e-06,1.3944957e-06
0.140625,-1.078125,115.0992945,34.02328646,-1.575219081e-06,1.297245792e-05
0.140625,-0.984375,115.0992945,37.36726994,-1.298780444e-05,5.502770888e-05
0.140625,-0.890625,115.0992945,41.03991731,-4.126636929e-05,0.0002096386903
0.140625,-0.796875,115.0992945,45.07353134,-9.782808203e-05,0.0007901161376
0.140625,-0.703125,115.0992945,49.50358969,-0.0001809853553,0.002620296757
0.140625,-0.609375,115.0992945,54.36905695,-0.0002114084944,0.008078697569
0.140625,-0.515625,115.0992945,59.71272734,0.0001374430091,0.0210600144
0.140625,-0.421875,115.0992945,65.58160113,0.001854249627,0.04976205103
0.140625,-0.328125,115.0992945,72.027298,0.007269268966,0.09986983644
0.140625,-0.234375,115.0992945,79.10651109,0.02111002091,0.1787065998
0.140625,-0.140625,115.0992945,86.88150563,0.05125039172,0.2720240273
0.140625,-0.046875,115.0992945,95.4206666,0.108634714,0.3586979411
0.140625,0.046875,115.0992945,104.7991002,0.2058878957,0.3929471487
0.140625,0.140625,115.0992945,115.0992945,0.3430674641,0.3430674976
0.140625,0.234375,115.0992945,126.4118448,0.4952276513,0.2491723291
0.140625,0.328125,115.0992945,138.8362507,0.628718945,0.1559042403
0.140625,0.421875,115.0992945,152.4817911,0.7282799582,0.08466671019
0.140625,0.515625,115.0992945,167.4684853,0.7945957147,0.03904733422
0.140625,0.609375,115.0992945,183.9281489,0.8340341101,0.01323383942
0.140625,0.703125,115.0992945,202.0055528,0.8540168841,0.001098330612
0.140625,0.796875,115.0992945,221.8596969,0.8615389001,-0.003183651258
0.140625,0.890625,115.0992945,243.6652083,0.8622384193,-0.003622202865
0.140625,0.984375,115.0992945,267.6138775,0.8600520437,-0.002672365832
0.140625,1.078125,115.0992945,293.916345,0.8573000575,-0.001550639633
0.140625,1.171875,115.0992945,322.8039542,0.855063513,-0.0007126303939
0.140625,1.265625,115.0992945,354.5307861,0.8536374534,-0.0002233673236
0.140625,1.359375,115.0992945,389.3758942,0.8529197802,2.034794482e-06
0.140625,1.453125,115.0992945,427.6457586,0.8526759729,7.243181665e-05
0.140625,1.546875,115.0992945,469.676982,0.8526827552,7.128819952e-05
0.140625,1.640625,115.0992945,515.83925,0.8527830531,4.789455842e-05
0.140625,1.734375,115.0992945,566.5385831,0.852889811,2.505487123e-05
0.140625,1.828125,115.0992945,622.2209072,0.8529680687,9.87837642e-06
0.140625,1.921875,115.0992945,683.3759764,0.853013284,2.118055003e-06
0.140625,2.015625,115.0992945,750.5416801,0.8530343052,-7.533350448e-07
0.140625,2.109375,115.0992945,824.3087744,0.853043093,-1.06894873e-06
0.140625,2.203125,115.0992945,905.326078,0.8530503389,-2.447660669e-07
0.140625,2.296875,115.0992945,994.3061786,0.8530647163,8.683612067e-07
0.140625,2.390625,115.0992945,1092.031701,0.8530944187,2.046497097e-06
0.140625,2.484375,115.0992945,1199.36219,0.8531485339,2.295450675e-06
0.140625,2.578125,115.0992945,1317.241671,0.8532381932,-4.832983848e-06
0.140625,2.671875,115.0992945,1446.706953,0.853364578,-2.032890486e-05
0.140625,2.765625,115.0992945,1588.896749,0.853503947,-9.533175635e-05
0.140625,2.859375,115.0992945,1745.061689,0.8535067447,-0.0001529038909
0.140625,2.953125,115.0992945,1916.575322,0.853155602,-0.0004580846502
0.234375,-2.953125,126.4118448,5.217639967,1.191852234e-09,-3.27467329e-07
0.234375,-2.859375,126.4118448,5.730456443,2.93035359e-09,-4.639284631e-08
0.234375,-2.765625,126.4118448,6.293675158,3.950738467e-09,3.003117286e-07
0.234375,-2.671875,126.4118448,6.912249904,6.779130754e-09,5.797339001e-07
0.234375,-2.578125,126.4118448,7.591621356,1.230719936e-08,7.011271814e-07
0.234375,-2.484375,126.4118448,8.337764926,1.884490018e-08,6.954934417e-07
0.234375,-2.390625,126.4118448,9.157243322,2.472938751e-08,5.746861775e-07
0.234375,-2.296875,126.4118448,10.05726427,2.596960269e-08,3.475991994e-07
0.234375,-2.203125,126.4118448,11.0457439,1.730326026e-08,1.086574783e-07
0.234375,-2.109375,126.4118448,12.13137638,-5.649161466e-09,-1.171395367e-07
0.234375,-2.015625,126.4118448,13.32371041,-4.727280402e-08,-2.668929316e-07
0.234375,-1.921875,126.4118448,14.63323316,-1.150468143e-07,-3.581538845e-07
0.234375,-1.828125,126.4118448,16.07146254,-2.228419523e-07,-3.735456158e-07
0.234375,-1.734375,126.4118448,17.65104849,-3.870793431e-07,-3.401094863e-07
0.234375,-1.640625,126.4118448,19.38588426,-6.278198675e-07,-3.145412199e-07
0.234375,-1.546875,126.4118448,21.29122862,-9.6933224e-07,-4.285746747e-07
0.234375,-1.453125,126.4118448,23.38384001,-1.449385923e-06,-8.521517164e-07
0.234375,-1.359375,126.4118448,25.68212401,-2.148544574e-06,-1.797984944e-06
0.234375,-1.265625,126.4118448,28.20629517,-3.277967315e-06,-3.500527606e-06
0.234375,-1.171875,126.4118448,30.97855485,-5.436229092e-06,-6.339826184e-06
0.234375,-1.078125,126.4118448,34.02328646,-1.024858164e-05,-9.002756496e-06
0.234375,-0.984375,126.4118448,37.36726994,-2.185383731e-05,1.172079587e-06
0.234375,-0.890625,126.4118448,41.03991731,-4.96035782e-05,9.338652963e-05
0.234375,-0.796875,126.4118448,45.07353134,-0.0001110882505,0.0005761365306
0.234375,-0.703125,126.4118448,49.50358969,-0.0002299619925,0.002306639811
0.234375,-0.609375,126.4118448,54.36905695,-0.0004056390454,0.007870693366
0.234375,-0.515625,126.4118448,59.71272734,-0.0005135676834,0.02164590185
0.234375,-0.421875,126.4118448,65.58160113,-2.56934602e-05,0.05313963147
0.234375,-0.328125,126.4118448,72.027298,0.002500411172,0.1098264967
0.234375,-0.234375,126.4118448,79.10651109,0.010262107,0.2022345574
0.234375,-0.140625,126.4118448,86.88150563,0.02906746174,0.3180399853
0.234375,-0.046875,126.4118448,95.4206666,0.06730600573,0.4369559825
0.234375,0.046875,126.4118448,104.7991002,0.1368118626,0.5127484368
0.234375,0.140625,126.4118448,115.0992945,0.2491722892,0.4952276868
0.234375,0.234375,126.4118448,126.4118448,0.4003580915,0.4003581302
0.234375,0.328125,126.4118448,138.8362507,0.5628680658,0.2763546889
0.234375,0.421875,126.4118448,152.4817911,0.7027175739,0.165950046
0.234375,0.515625,126.4118448,167.4684853,0.8056316488,0.08817598381
0.234375,0.609375,126.4118448,183.9281489,0.8736144668,0.03978849763
0.234375,0.703125,126.4118448,202.0055528,0.9138014199,0.01338417953
0.234375,0.796875,126.4118448,221.8596969,0.9341241811,0.001073066617
0.234375,0.890625,126.4118448,243.6652083,0.941794694,-0.003205396534
0.234375,0.984375,126.4118448,267.6138775,0.9425613354,-0.003635680557
0.234375,1.078125,126.4118448,293.916345,0.9404049311,-0.002678613441
0.234375,1.171875,126.4118448,322.8039542,0.9376661896,-0.001553409991
0.234375,1.265625,126.4118448,354.5307861,0.9354352026,-0.0007137878391
0.234375,1.359375,126.4118448,389.3758942,0.9340111784,-0.0002237406523
0.234375,1.453125,126.4118448,427.6457586,0.9332939188,2.019630415e-06
0.234375,1.546875,126.4118448,469.676982,0.9330497272,7.258782293e-05
0.234375,1.640625,126.4118448,515.83925,0.9330555488,7.148929447e-05
0.234375,1.734375,126.4118448,566.5385831,0.9331542051,4.807652951e-05
0.234375,1.828125,126.4118448,622.2209072,0.9332582644,2.523916654e-05
0.234375,1.921875,126.4118448,683.3759764,0.9333321524,1.006384717e-05
0.234375,2.015625,126.4118448,750.5416801,0.933370371,2.285890679e-06
0.234375,2.109375,126.4118448,824.3087744,0.933380507,-4.630591862e-07
0.234375,2.203125,126.4118448,905.326078,0.9333731314,-3.205786555e-07
0.234375,2.296875,126.4118448,994.3061786,0.933357785,1.243756435e-06
0.234375,2.390625,126.4118448,1092.031701,0.9333436845,3.828046407e-06
0.234375,2.484375,126.4118448,1199.36219,0.9333429355,6.498359123e-06
0.234375,2.578125,126.4118448,1317.241671,0.9333777834,3.258099546e-06
0.234375,2.671875,126.4118448,1446.706953,0.9334809294,-7.498301081e-06
0.234375,2.765625,126.4118448,1588.896749,0.9337084626,-7.834074706e-05
0.234375,2.859375,126.4118448,1745.061689,0.9340770998,-0.0001391678537
0.234375,2.953125,126.4118448,1916.575322,0.9346894373,-0.0004538922859
0.328125,-2.953125,138.8362507,5.217639967,5.390509582e-10,-2.832062217e-07
0.328125,-2.859375,138.8362507,5.730456443,2.211850291e-09,-8.259612866e-09
0.328125,-2.765625,138.8362507,6.293675158,4.913921754e-09,3.425153658e-07
0.328125,-2.671875,138.8362507,6.912249904,8.756465966e-09,6.624366584e-07
0.328125,-2.578125,138.8362507,7.591621356,1.488242341e-08,8.193061166e-07
0.328125,-2.484375,138.8362507,8.337764926,2.390966316e-08,8.269075138e-07
0.328125,-2.390625,138.8362507,9.157243322,3.448684793e-08,6.906772669e-07
0.328125,-2.296875,138.8362507,10.05726427,4.801176918e-08,4.430100795e-07
0.328125,-2.203125,138.8362507,11.0457439,6.621154213e-08,1.469063901e-07
0.328125,-2.109375,138.8362507,12.13137638,8.777205717e-08,-1.56773361e-07
0.328125,-2.015625,138.8362507,13.32371041,1.124061051e-07,-3.902008325e-07
0.328125,-1.921875,138.8362507,14.63323316,1.434657181e-07,-5.693043832e-07
0.328125,-1.828125,138.8362507,16.07146254,1.830820015e-07,-7.345280695e-07
0.328125,-1.734375,138.8362507,17.65104849,2.246038115e-07,-9.300810449e-07
0.328125,-1.640625,138.8362507,19.38588426,2.546251873e-07,-1.229132748e-06
0.328125,-1.546875,138.8362507,21.29122862,2.474836996e-07,-1.800086128e-06
0.328125,-1.453125,138.8362507,23.38384001,1.503712411e-07,-2.941282465e-06
0.328125,-1.359375,138.8362507,25.68212401,-1.524270195e-07,-5.176454114e-06
0.328125,-1.265625,138.8362507,28.20629517,-9.310559617e-07,-9.5498961e-06
0.328125,-1.171875,138.8362507,30.97855485,-2.839514924e-06,-1.843991364e-05
0.328125,-1.078125,138.8362507,34.02328646,-7.537179573e-06,-3.530531831e-05
0.328125,-0.984375,138.8362507,37.36726994,-1.917859181e-05,-5.780176522e-05
0.328125,-0.890625,138.8362507,41.03991731,-4.762913792e-05,-3.602008906e-05
0.328125,-0.796875,138.8362507,45.07353134,-0.0001139930254,0.0003135306662
0.328125,-0.703125,138.8362507,49.50358969,-0.0002567075181,0.001829652447
0.328125,-0.609375,138.8362507,54.36905695,-0.0005253283422,0.00718892942
0.328125,-0.515625,138.8362507,59.71272734,-0.0009341126824,0.02103611504
0.328125,-0.421875,138.8362507,65.58160113,-0.001296776062,0.05381803154
0.328125,-0.328125,138.8362507,72.027298,-0.0008729578912,0.1143886113
0.328125,-0.234375,138.8362507,79.10651109,0.00224216896,0.2159859087
0.328125,-0.140625,138.8362507,86.88150563,0.01197756506,0.3485687552
0.328125,-0.046875,138.8362507,95.4206666,0.03439745737,0.492733946
0.328125,0.046875,138.8362507,104.7991002,0.07842417725,0.6045510131
0.328125,0.140625,138.8362507,115.0992945,0.1559041896,0.6287189819
0.328125,0.234375,138.8362507,126.4118448,0.2763546369,0.5628681035
0.328125,0.328125,138.8362507,138.8362507,0.4338479105,0.4338479631
0.328125,0.421875,138.8362507,152.4817911,0.6003348786,0.2895307874
0.328125,0.515625,138.8362507,167.4684853,0.7423132432,0.170939026
0.328125,0.609375,138.8362507,183.9281489,0.8462951718,0.08952536182
0.328125,0.703125,138.8362507,202.0055528,0.9147547809,0.04019478367
0.328125,0.796875,138.8362507,221.8596969,0.9551624083,0.0134627449
0.328125,0.890625,138.8362507,243.6652083,0.9755849217,0.001096384838
0.328125,0.984375,138.8362507,267.6138775,0.9833045453,-0.00319838317
0.328125,1.078125,138.8362507,293.916345,0.9840961245,-0.003631897046
0.328125,1.171875,138.8362507,322.8039542,0.9819529966,-0.002676012924
0.328125,1.265625,138.8362507,354.5307861,0.9792215246,-0.001551351663
0.328125,1.359375,138.8362507,389.3758942,0.9769946702,-0.0007119792938
0.328125,1.453125,138.8362507,427.6457586,0.9755732037,-0.0002220892674
0.328125,1.546875,138.8362507,469.676982,0.9748578086,3.557719327e-06
0.328125,1.640625,138.8362507,515.83925,0.9746153823,7.399395655e-05
0.328125,1.734375,138.8362507,566.5385831,0.9746232632,7.272495787e-05
0.328125,1.828125,138.8362507,622.2209072,0.9747246254,4.917391565e-05
0.328125,1.921875,138.8362507,683.3759764,0.9748324091,2.617354252e-05
0.328125,2.015625,138.8362507,750.5416801,0.9749113552,1.076014248e-05
0.328125,2.109375,138.8362507,824.3087744,0.9749562151,2.822088498e-06
0.328125,2.203125,138.8362507,905.326078,0.9749747152,1.910566576e-07
0.328125,2.296875,138.8362507,994.3061786,0.9749774646,7.204782158e-07
0.328125,2.390625,138.8362507,1092.031701,0.9749741759,3.595959564e-06
0.328125,2.484375,138.8362507,1199.36219,0.9749740196,7.837844369e-06
0.328125,2.578125,138.8362507,1317.241671,0.974991421,8.289527682e-06
0.328125,2.671875,138.8362507,1446.706953,0.9750475357,3.65444931e-06
0.328125,2.765625,138.8362507,1588.896749,0.9751895204,-5.730276545e-05
0.328125,2.859375,138.8362507,1745.061689,0.9754524262,-0.0001079396353
0.328125,2.953125,138.8362507,1916.575322,0.9759867929,-0.0004045641587
0.421875,-2.953125,152.4817911,5.217639967,3.549460913e-10,-2.591461848e-07
0.421875,-2.859375,152.4817911,5.730456443,4.784241768e-10,1.271547027e-08
0.421875,-2.765625,152.4817911,6.293675158,2.307008505e-10,3.715866498e-07
0.421875,-2.671875,152.4817911,6.912249904,1.091318834e-10,7.002606889e-07
0.421875,-2.578125,152.4817911,7.591621356,4.475869111e-10,8.918774044e-07
0.421875,-2.484375,152.4817911,8.337764926,1.558604933e-09,9.219664322e-07
0.421875,-2.390625,152.4817911,9.157243322,3.070434728e-09,7.890833644e-07
0.421875,-2.296875,152.4817911,10.05726427,4.097895994e-09,5.642535513e-07
0.421875,-2.203125,152.4817911,11.0457439,5.473165244e-09,2.965471819e-07
0.421875,-2.109375,152.4817911,12.13137638,1.0489642e-08,3.085411342e-08
0.421875,-2.015625,152.4817911,13.32371041,2.283665029e-08,-1.45844098e-07
0.421875,-1.921875,152.4817911,14.63323316,4.710452435e-08,-2.227493935e-07
0.421875,-1.828125,152.4817911,16.07146254,9.342005556e-08,-2.435304528e-07
0.421875,-1.734375,152.4817911,17.65104849,1.811535315e-07,-2.668593276e-07
0.421875,-1.640625,152.4817911,19.38588426,3.38471138e-07,-3.587869701e-07
0.421875,-1.546875,152.4817911,21.29122862,6.08423317e-07,-6.974580723e-07
0.421875,-1.453125,152.4817911,23.38384001,1.058587333e-06,-1.604750926e-06
0.421875,-1.359375,152.4817911,25.68212401,1.787082032e-06,-3.774497053e-06
0.421875,-1.265625,152.4817911,28.20629517,2.909735493e-06,-8.746504979e-06
0.421875,-1.171875,152.4817911,30.97855485,4.45824815e-06,-2.040711902e-05
0.421875,-1.078125,152.4817911,34.02328646,6.026737349e-06,-4.623136867e-05
0.421875,-0.984375,152.4817911,37.36726994,5.693719655e-06,-9.361447221e-05
0.421875,-0.890625,152.4817911,41.03991731,-2.709170867e-06,-0.0001337574039
0.421875,-0.796875,152.4817911,45.07353134,-3.5344633e-05,8.136709699e-05
0.421875,-0.703125,152.4817911,49.50358969,-0.0001278780456,0.001338190925
0.421875,-0.609375,152.4817911,54.36905695,-0.0003434979861,0.006314751988
0.421875,-0.515625,152.4817911,59.71272734,-0.0007629416308,0.01974093395
0.421875,-0.421875,152.4817911,65.58160113,-0.001408362282,0.05265037176
0.421875,-0.328125,152.4817911,72.027298,-0.002027065363,0.1148400197
0.421875,-0.234375,152.4817911,79.10651109,-0.001704157137,0.2216342387
0.421875,-0.140625,152.4817911,86.88150563,0.001887005769,0.3653416373
0.421875,-0.046875,152.4817911,95.4206666,0.01276831634,0.5276833003
0.421875,0.046875,152.4817911,104.7991002,0.03726212925,0.6671127587
0.421875,0.140625,152.4817911,115.0992945,0.0846666894,0.7282799927
0.421875,0.234375,152.4817911,126.4118448,0.1659500237,0.7027176096
0.421875,0.328125,152.4817911,138.8362507,0.2895307632,0.600334929
0.421875,0.421875,152.4817911,152.4817911,0.4490294305,0.4490294564
0.421875,0.515625,152.4817911,167.4684853,0.6165611659,0.2954664469
0.421875,0.609375,152.4817911,183.9281489,0.7590366441,0.1726672657
0.421875,0.703125,152.4817911,202.0055528,0.8632108287,0.09009175548
0.421875,0.796875,152.4817911,221.8596969,0.9317489799,0.04034120805
0.421875,0.890625,152.4817911,243.6652083,0.9721860659,0.01352044466
0.421875,0.984375,152.4817911,267.6138775,0.9926225325,0.001123626617
0.421875,1.078125,152.4817911,293.916345,1.0003495,-0.003180856281
0.421875,1.171875,152.4817911,322.8039542,1.001145488,-0.003618970635
0.421875,1.265625,152.4817911,354.5307861,0.9990050583,-0.002665644976
0.421875,1.359375,152.4817911,389.3758942,0.9962751966,-0.001542525276
0.421875,1.453125,152.4817911,427.6457586,0.9940491933,-0.0007042184959
0.421875,1.546875,152.4817911,469.676982,0.9926280615,-0.0002150992343
0.421875,1.640625,152.4817911,515.83925,0.9919126417,9.90358591e-06
0.421875,1.734375,152.4817911,566.5385831,0.9916699059,7.975438123e-05
0.421875,1.828125,152.4817911,622.2209072,0.9916773029,7.80332376e-05
0.421875,1.921875,152.4817911,683.3759764,0.991778184,5.408554459e-05
0.421875,2.015625,152.4817911,750.5416801,0.9918857543,3.068383792e-05
0.421875,2.109375,152.4817911,824.3087744,0.9919651047,1.500033471e-05
0.421875,2.203125,152.4817911,905.326078,0.9920116757,7.152143873e-06
0.421875,2.296875,152.4817911,994.3061786,0.9920343837,4.957481521e-06
0.421875,2.390625,152.4817911,1092.031701,0.9920459143,7.030300588e-06
0.421875,2.484375,152.4817911,1199.36219,0.9920586372,1.186558691e-05
0.421875,2.578125,152.4817911,1317.241671,0.9920869173,1.470237602e-05
0.421875,2.671875,152.4817911,1446.706953,0.9921462253,1.421573115e-05
0.421875,2.765625,152.4817911,1588.896749,0.9922680026,-3.923392066e-05
0.421875,2.859375,152.4817911,1745.061689,0.9924722279,-8.06519996e-05
0.421875,2.953125,152.4817911,1916.575322,0.9928607774,-0.0003595170391
0.515625,-2.953125,167.4684853,5.217639967,1.061924571e-10,-2.492859413e-07
0.515625,-2.859375,167.4684853,5.730456443,8.810246322e-10,2.669848504e-08
0.515625,-2.765625,167.4684853,6.293675158,2.002859014e-09,3.755383398e-07
0.515625,-2.671875,167.4684853,6.912249904,2.118682623e-09,6.819450228e-07
0.515625,-2.578125,167.4684853,7.591621356,1.147861916e-09,8.749910845e-07
0.515625,-2.484375,167.4684853,8.337764926,-2.921760056e-10,9.10374765e-07
0.515625,-2.390625,167.4684853,9.157243322,-2.24183618e-09,7.792695864e-07
0.515625,-2.296875,167.4684853,10.05726427,-6.071661011e-09,5.223257851e-07
0.515625,-2.203125,167.4684853,11.0457439,-1.376267289e-08,2.357304834e-07
0.515625,-2.109375,167.4684853,12.13137638,-2.568686466e-08,-1.611213285e-08
0.515625,-2.015625,167.4684853,13.32371041,-4.249883563e-08,-1.701955839e-07
0.515625,-1.921875,167.4684853,14.63323316,-6.616312913e-08,-2.100904995e-07
0.515625,-1.828125,167.4684853,16.07146254,-1.000829845e-07,-1.518056915e-07
0.515625,-1.734375,167.4684853,17.65104849,-1.45973357e-07,4.924638021e-09
0.515625,-1.640625,167.4684853,19.38588426,-1.995999819e-07,2.222751834e-07
0.515625,-1.546875,167.4684853,21.29122862,-2.459923503e-07,4.301441064e-07
0.515625,-1.453125,167.4684853,23.38384001,-2.448521495e-07,4.493231514e-07
0.515625,-1.359375,167.4684853,25.68212401,-1.007450671e-07,-1.72039683e-07
0.515625,-1.265625,167.4684853,28.20629517,3.745285028e-07,-2.828898831e-06
0.515625,-1.171875,167.4684853,30.97855485,1.503129922e-06,-1.163579759e-05
0.515625,-1.078125,167.4684853,34.02328646,3.6876261e-06,-3.586567079e-05
0.515625,-0.984375,167.4684853,37.36726994,6.955872091e-06,-8.918939036e-05
0.515625,-0.890625,167.4684853,41.03991731,9.370208257e-06,-0.0001595551443
0.515625,-0.796875,167.4684853,45.07353134,2.81028426e-06,-3.284084766e-05
0.515625,-0.703125,167.4684853,49.50358969,-3.557195011e-05,0.001013751247
0.515625,-0.609375,167.4684853,54.36905695,-0.000155939819,0.005607866335
0.515625,-0.515625,167.4684853,59.71272734,-0.0004438796343,0.01843739985
0.515625,-0.421875,167.4684853,65.58160113,-0.001001578912,0.05082963144
0.515625,-0.328125,167.4684853,72.027298,-0.001833343586,0.1131174115
0.515625,-0.234375,167.4684853,79.10651109,-0.002645302482,0.2220404523
0.515625,-0.140625,167.4684853,86.88150563,-0.002280421878,0.3719822257
0.515625,-0.046875,167.4684853,95.4206666,0.001620460333,0.5460046617
0.515625,0.046875,167.4684853,104.7991002,0.01317031793,0.7048564505
0.515625,0.140625,167.4684853,115.0992945,0.03904730848,0.7945957446
0.515625,0.234375,167.4684853,126.4118448,0.08817595457,0.8056316831
0.515625,0.328125,167.4684853,138.8362507,0.1709389944,0.7423132902
0.515625,0.421875,167.4684853,152.4817911,0.2954664125,0.6165611897
0.515625,0.515625,167.4684853,167.4684853,0.455414856,0.4554148927
0.515625,0.609375,167.4684853,183.9281489,0.6231260014,0.2973296317
0.515625,0.703125,167.4684853,202.0055528,0.7656341096,0.173266812
0.515625,0.796875,167.4684853,221.8596969,0.8698043475,0.0902358985
0.515625,0.890625,167.4684853,243.6652083,0.93832867,0.04039018367
0.515625,0.984375,167.4684853,267.6138775,0.9787558859,0.0135384561
0.515625,1.078125,167.4684853,293.916345,0.9991862065,0.001132715346
0.515625,1.171875,167.4684853,322.8039542,1.006909779,-0.003175574957
0.515625,1.265625,167.4684853,354.5307861,1.007703958,-0.003615572003
0.515625,1.359375,167.4684853,389.3758942,1.005562564,-0.002663214817
0.515625,1.453125,167.4684853,427.6457586,1.002832172,-0.001540642337
0.515625,1.546875,167.4684853,469.676982,1.000605848,-0.0007026231133
0.515625,1.640625,167.4684853,515.83925,0.9991844417,-0.0002137191285
0.515625,1.734375,167.4684853,566.5385831,0.9984686291,1.107607493e-05
0.515625,1.828125,167.4684853,622.2209072,0.9982251915,8.081745392e-05
0.515625,1.921875,167.4684853,683.3759764,0.9982313968,7.902037253e-05
0.515625,2.015625,167.4684853,750.5416801,0.9983302385,5.494121337e-05
0.515625,2.109375,167.4684853,824.3087744,0.9984343599,3.150283029e-05
0.515625,2.203125,167.4684853,905.326078,0.9985081512,1.614398272e-05
0.515625,2.296875,167.4684853,994.3061786,0.998546124,8.975493696e-06
0.515625,2.390625,167.4684853,1092.031701,0.9985561646,8.688996877e-06
0.515625,2.484375,167.4684853,1199.36219,0.9985491543,1.30538506e-05
0.515625,2.578125,167.4684853,1317.241671,0.9985360693,1.715248353e-05
0.515625,2.671875,167.4684853,1446.706953,0.9985238101,1.897947289e-05
0.515625,2.765625,167.4684853,1588.896749,0.9985236397,-3.04273667e-05
0.515625,2.859375,167.4684853,1745.061689,0.9985321847,-6.66836483e-05
0.515625,2.953125,167.4684853,1916.575322,0.998586523,-0.0003372737544
0.609375,-2.953125,183.9281489,5.217639967,6.023780058e-10,-2.287174882e-07
0.609375,-2.859375,183.9281489,5.730456443,1.067874404e-09,4.313183544e-08
0.609375,-2.765625,183.9281489,6.293675158,8.803270659e-10,3.779342842e-07
0.609375,-2.671875,183.9281489,6.912249904,1.046951516e-09,6.719090792e-07
0.609375,-2.578125,183.9281489,7.591621356,9.327162943e-10,8.40603107e-07
0.609375,-2.484375,183.9281489,8.337764926,-4.400740186e-11,8.729325575e-07
0.609375,-2.390625,183.9281489,9.157243322,-9.079443049e-10,7.487925638e-07
0.609375,-2.296875,183.9281489,10.05726427,-1.882692653e-10,4.947104332e-07
0.609375,-2.203125,183.9281489,11.0457439,2.870445061e-09,1.900161855e-07
0.609375,-2.109375,183.9281489,12.13137638,7.812824954e-09,-7.380956096e-08
0.609375,-2.015625,183.9281489,13.32371041,1.522150201e-08,-2.4217665e-07
0.609375,-1.921875,183.9281489,14.63323316,2.543183375e-08,-3.087911688e-07
0.609375,-1.828125,183.9281489,16.07146254,3.71449696e-08,-3.115547897e-07
0.609375,-1.734375,183.9281489,17.65104849,4.834483957e-08,-2.099286084e-07
0.609375,-1.640625,183.9281489,19.38588426,5.628223791e-08,-2.636595266e-08
0.609375,-1.546875,183.9281489,21.29122862,6.289181269e-08,2.742943946e-07
0.609375,-1.453125,183.9281489,23.38384001,8.50904367e-08,6.834353409e-07
0.609375,-1.359375,183.9281489,25.68212401,1.736551507e-07,1.086661327e-06
0.609375,-1.265625,183.9281489,28.20629517,4.650245646e-07,6.481485289e-07
0.609375,-1.171875,183.9281489,30.97855485,1.264863178e-06,-4.016670537e-06
0.609375,-1.078125,183.9281489,34.02328646,3.159230261e-06,-2.181093276e-05
0.609375,-0.984375,183.9281489,37.36726994,7.001095587e-06,-6.841210098e-05
0.609375,-0.890625,183.9281489,41.03991731,1.330445115e-05,-0.0001411710557
0.609375,-0.796875,183.9281489,45.07353134,1.989908405e-05,-4.991345583e-05
0.609375,-0.703125,183.9281489,49.50358969,1.61097743e-05,0.0008723882986
0.609375,-0.609375,183.9281489,54.36905695,-2.871117856e-05,0.005188870132
0.609375,-0.515625,183.9281489,59.71272734,-0.0001780976543,0.01748354723
0.609375,-0.421875,183.9281489,65.58160113,-0.0005392152445,0.0491781922
0.609375,-0.328125,183.9281489,72.027298,-0.001211237834,0.1108285863
0.609375,-0.234375,183.9281489,79.10651109,-0.002216311246,0.2199878728
0.609375,-0.140625,183.9281489,86.88150563,-0.003125247931,0.3726126499
0.609375,-0.046875,183.9281489,95.4206666,-0.002770740319,0.5530546119
0.609375,0.046875,183.9281489,104.7991002,0.001220017523,0.7241783257
0.609375,0.140625,183.9281489,115.0992945,0.01323382542,0.8340341344
0.609375,0.234375,183.9281489,126.4118448,0.03978847975,0.8736144972
0.609375,0.328125,183.9281489,138.8362507,0.08952534172,0.8462952154
0.609375,0.421875,183.9281489,152.4817911,0.1726672402,0.7590366624
0.609375,0.515625,183.9281489,167.4684853,0.2973296009,0.6231260361
0.609375,0.609375,183.9281489,183.9281489,0.4572979218,0.4572979551
0.609375,0.703125,183.9281489,202.0055528,0.6249698033,0.2979154304
0.609375,0.796875,183.9281489,221.8596969,0.7674411565,0.1733933524
0.609375,0.890625,183.9281489,243.6652083,0.871582894,0.09027434655
0.609375,0.984375,183.9281489,267.6138775,0.9400902921,0.04040302877
0.609375,1.078125,183.9281489,293.916345,0.9805077934,0.01354555744
0.609375,1.171875,183.9281489,322.8039542,1.000932825,0.001137625621
0.609375,1.265625,183.9281489,354.5307861,1.00865354,-0.003171802829
0.609375,1.359375,183.9281489,389.3758942,1.009446201,-0.003612450422
0.609375,1.453125,183.9281489,427.6457586,1.007304054,-0.002660523402
0.609375,1.546875,183.9281489,469.676982,1.004573378,-0.001538213091
0.609375,1.640625,183.9281489,515.83925,1.00234713,-0.0007004302735
0.609375,1.734375,183.9281489,566.5385831,1.00092609,-0.0002118008241
0.609375,1.828125,183.9281489,622.2209072,1.000210973,1.282214018e-05
0.609375,1.921875,183.9281489,683.3759764,0.9999686727,8.241260569e-05
0.609375,2.015625,183.9281489,750.5416801,0.9999765605,8.037173266e-05
0.609375,2.109375,183.9281489,824.3087744,1.000077775,5.610940087e-05
0.609375,2.203125,183.9281489,905.326078,1.000185161,3.281730368e-05
0.609375,2.296875,183.9281489,994.3061786,1.000263376,1.790955546e-05
0.609375,2.390625,183.9281489,1092.031701,1.000307377,1.243782956e-05
0.609375,2.484375,183.9281489,1199.36219,1.000325012,1.402040277e-05
0.609375,2.578125,183.9281489,1317.241671,1.000327161,1.72443532e-05
0.609375,2.671875,183.9281489,1446.706953,1.000318875,1.879166393e-05
0.609375,2.765625,183.9281489,1588.896749,1.000300073,-3.099631561e-05
0.609375,2.859375,183.9281489,1745.061689,1.000251733,-6.738756491e-05
0.609375,2.953125,183.9281489,1916.575322,1.000158707,-0.0003420671979
0.703125,-2.953125,202.0055528,5.217639967,-8.910456632e-11,-2.177922975e-07
0.703125,-2.859375,202.0055528,5.730456443,-2.063604016e-10,3.965025723e-08
0.703125,-2.765625,202.0055528,6.293675158,-1.044638158e-09,3.412465777e-07
0.703125,-2.671875,202.0055528,6.912249904,-3.489517164e-09,6.227406143e-07
0.703125,-2.578125,202.0055528,7.591621356,-6.971816389e-09,7.708770505e-07
0.703125,-2.484375,202.0055528,8.337764926,-1.108769204e-08,7.984686056e-07
0.703125,-2.390625,202.0055528,9.157243322,-1.587798969e-08,6.859992245e-07
0.703125,-2.296875,202.0055528,10.05726427,-2.05223134e-08,4.731539077e-07
0.703125,-2.203125,202.0055528,11.0457439,-2.334543658e-08,2.140035414e-07
0.703125,-2.109375,202.0055528,12.13137638,-2.358338835e-08,-1.824718266e-08
0.703125,-2.015625,202.0055528,13.32371041,-2.131094383e-08,-1.47136617e-07
0.703125,-1.921875,202.0055528,14.63323316,-1.687859015e-08,-1.941920757e-07
0.703125,-1.828125,202.0055528,16.07146254,-9.777146579e-09,-1.77347024e-07
0.703125,-1.734375,202.0055528,17.65104849,-1.376055273e-09,-1.003481334e-07
0.703125,-1.640625,202.0055528,19.38588426,8.23667388e-09,6.929181619e-08
0.703125,-1.546875,202.0055528,21.29122862,1.997950779e-08,3.762000473e-07
0.703125,-1.453125,202.0055528,23.38384001,4.052942113e-08,9.634019793e-07
0.703125,-1.359375,202.0055528,25.68212401,1.012760818e-07,1.965047611e-06
0.703125,-1.265625,202.0055528,28.20629517,2.902414322e-07,3.132447548e-06
0.703125,-1.171875,202.0055528,30.97855485,8.433813628e-07,2.136072146e-06
0.703125,-1.078125,202.0055528,34.02328646,2.301785569e-06,-8.401201504e-06
0.703125,-0.984375,202.0055528,37.36726994,5.713051057e-06,-4.313721904e-05
0.703125,-0.890625,202.0055528,41.03991731,1.267815758e-05,-0.0001022935579
0.703125,-0.796875,202.0055528,45.07353134,2.445969907e-05,-8.122913767e-06
0.703125,-0.703125,202.0055528,49.50358969,3.896188728e-05,0.0008669781989
0.703125,-0.609375,202.0055528,54.36905695,4.255931579e-05,0.005031254108
0.703125,-0.515625,202.0055528,59.71272734,-6.484898517e-07,0.01695356187
0.703125,-0.421875,202.0055528,65.58160113,-0.0001703494055,0.04804198278
0.703125,-0.328125,202.0055528,72.027298,-0.0005701729257,0.1088792744
0.703125,-0.234375,202.0055528,79.10651109,-0.001335436641,0.2173794085
0.703125,-0.140625,202.0055528,86.88150563,-0.002411857163,0.3705253715
0.703125,-0.046875,202.0055528,95.4206666,-0.003367358617,0.5536780041
0.703125,0.046875,202.0055528,104.7991002,-0.003052462024,0.7314544305
0.703125,0.140625,202.0055528,115.0992945,0.001098330873,0.8540169039
0.703125,0.234375,202.0055528,126.4118448,0.01338417972,0.9138014498
0.703125,0.328125,202.0055528,138.8362507,0.04019478285,0.9147548211
0.703125,0.421875,202.0055528,152.4817911,0.09009175187,0.8632108406
0.703125,0.515625,202.0055528,167.4684853,0.1732668037,0.7656341395
0.703125,0.609375,202.0055528,183.9281489,0.2979154174,0.6249698357
0.703125,0.703125,202.0055528,202.0055528,0.45784442,0.4578444349
0.703125,0.796875,202.0055528,221.8596969,0.6254880689,0.2980125536
0.703125,0.890625,202.0055528,243.6652083,0.7679400366,0.1734141012
0.703125,0.984375,202.0055528,267.6138775,0.8720715803,0.09027656571
0.703125,1.078125,202.0055528,293.916345,0.9405737262,0.04040342318
0.703125,1.171875,202.0055528,322.8039542,0.980988672,0.01354580134
0.703125,1.265625,202.0055528,354.5307861,1.001412437,0.001137828008
0.703125,1.359375,202.0055528,389.3758942,1.009132486,-0.003171609963
0.703125,1.453125,202.0055528,427.6457586,1.009924722,-0.003612277849
0.703125,1.546875,202.0055528,469.676982,1.007782244,-0.002660294222
0.703125,1.640625,202.0055528,515.83925,1.005051247,-0.001537972786
0.703125,1.734375,202.0055528,566.5385831,1.002824616,-0.0007002597782
0.703125,1.828125,202.0055528,622.2209072,1.001403078,-0.0002116050384
0.703125,1.921875,202.0055528,683.3759764,1.000687311,1.30536384e-05
0.703125,2.015625,202.0055528,750.5416801,1.000444192,8.258153614e-05
0.703125,2.109375,202.0055528,824.3087744,1.000451054,8.053173706e-05
0.703125,2.203125,202.0055528,905.326078,1.000551034,5.660548268e-05
0.703125,2.296875,202.0055528,994.3061786,1.000657064,3.396466296e-05
0.703125,2.390625,202.0055528,1092.031701,1.000734188,2.106114013e-05
0.703125,2.484375,202.0055528,1199.36219,1.000777502,1.763277533e-05
0.703125,2.578125,202.0055528,1317.241671,1.000794891,1.824692562e-05
0.703125,2.671875,202.0055528,1446.706953,1.00079232,1.799531169e-05
0.703125,2.765625,202.0055528,1588.896749,1.000766383,-3.498416081e-05
0.703125,2.859375,202.0055528,1745.061689,1.000693487,-7.47453333e-05
0.703125,2.953125,202.0055528,1916.575322,1.000528323,-0.0003634887015
0.796875,-2.953125,221.8596969,5.217639967,-1.481479346e-10,-2.342253386e-07
0.796875,-2.859375,221.8596969,5.730456443,-3.902325941e-10,3.450723179e-08
0.796875,-2.765625,221.8596969,6.293675158,-1.162166531e-09,2.838787454e-07
0.796875,-2.671875,221.8596969,6.912249904,-3.547473029e-09,5.093942192e-07
0.796875,-2.578125,221.8596969,7.591621356,-7.657388812e-09,6.385485371e-07
0.796875,-2.484375,221.8596969,8.337764926,-1.263847348e-08,6.651165502e-07
0.796875,-2.390625,221.8596969,9.157243322,-1.760122361e-08,5.671344528e-07
0.796875,-2.296875,221.8596969,10.05726427,-2.228504816e-08,3.769463949e-07
0.796875,-2.203125,221.8596969,11.0457439,-2.592734544e-08,1.708297985e-07
0.796875,-2.109375,221.8596969,12.13137638,-2.751428261e-08,-1.777903123e-08
0.796875,-2.015625,221.8596969,13.32371041,-2.737850452e-08,-1.162897617e-07
0.796875,-1.921875,221.8596969,14.63323316,-2.669996417e-08,-1.556045243e-07
0.796875,-1.828125,221.8596969,16.07146254,-2.78597858e-08,-1.424960514e-07
0.796875,-1.734375,221.8596969,17.65104849,-3.275103701e-08,-9.900062e-08
0.796875,-1.640625,221.8596969,19.38588426,-4.60423893e-08,1.731577538e-08
0.796875,-1.546875,221.8596969,21.29122862,-7.41887939e-08,2.45407431e-07
0.796875,-1.453125,221.8596969,23.38384001,-1.236911283e-07,7.999238841e-07
0.796875,-1.359375,221.8596969,25.68212401,-2.00993185e-07,1.944978e-06
0.796875,-1.265625,221.8596969,28.20629517,-2.85156453e-07,3.887666563e-06
0.796875,-1.171875,221.8596969,30.97855485,-2.737356277e-07,5.23713543e-06
0.796875,-1.078125,221.8596969,34.02328646,1.491908692e-07,3.873906365e-07
0.796875,-0.984375,221.8596969,37.36726994,1.765412296e-06,-2.28039129e-05
0.796875,-0.890625,221.8596969,41.03991731,6.142406614e-06,-6.318679007e-05
0.796875,-0.796875,221.8596969,45.07353134,1.560746353e-05,5.379475902e-05
0.796875,-0.703125,221.8596969,49.50358969,3.230344086e-05,0.0009332424343
0.796875,-0.609375,221.8596969,54.36905695,5.327526575e-05,0.00504761796
0.796875,-0.515625,221.8596969,59.71272734,6.426755007e-05,0.01676866082
0.796875,-0.421875,221.8596969,65.58160113,1.765212269e-05,0.04744994789
0.796875,-0.328125,221.8596969,72.027298,-0.0001595805176,0.1076074186
0.796875,-0.234375,221.8596969,79.10651109,-0.0006086936877,0.2152306968
0.796875,-0.140625,221.8596969,86.88150563,-0.001419907689,0.3678689849
0.796875,-0.046875,221.8596969,95.4206666,-0.002537539868,0.5515263859
0.796875,0.046875,221.8596969,104.7991002,-0.003554188026,0.732078063
0.796875,0.140625,221.8596969,115.0992945,-0.003183644908,0.8615389239
0.796875,0.234375,221.8596969,126.4118448,0.00107307203,0.9341242087
0.796875,0.328125,221.8596969,138.8362507,0.01346274966,0.9551624492
0.796875,0.421875,221.8596969,152.4817911,0.04034121369,0.9317489891
0.796875,0.515625,221.8596969,167.4684853,0.09023590175,0.8698043727
0.796875,0.609375,221.8596969,183.9281489,0.1733933537,0.7674411866
0.796875,0.703125,221.8596969,202.0055528,0.2980125532,0.6254880839
0.796875,0.796875,221.8596969,221.8596969,0.4579236063,0.457923608
0.796875,0.890625,221.8596969,243.6652083,0.6255557653,0.2980245877
0.796875,0.984375,221.8596969,267.6138775,0.768002492,0.1734124599
0.796875,1.078125,221.8596969,293.916345,0.8721316782,0.09027540511
0.796875,1.171875,221.8596969,322.8039542,0.9406329051,0.04040309567
0.796875,1.265625,221.8596969,354.5307861,0.9810475372,0.01354583357
0.796875,1.359375,221.8596969,389.3758942,1.001471222,0.001137991952
0.796875,1.453125,221.8596969,427.6457586,1.009191285,-0.003171417278
0.796875,1.546875,221.8596969,469.676982,1.009983588,-0.003612007439
0.796875,1.640625,221.8596969,515.83925,1.00784124,-0.002660008313
0.796875,1.734375,221.8596969,566.5385831,1.00511043,-0.001537774364
0.796875,1.828125,221.8596969,622.2209072,1.002884011,-0.0007000602389
0.796875,1.921875,221.8596969,683.3759764,1.001462755,-0.000211379843
0.796875,2.015625,221.8596969,750.5416801,1.000747387,1.320486064e-05
0.796875,2.109375,221.8596969,824.3087744,1.000504816,8.271262541e-05
0.796875,2.203125,221.8596969,905.326078,1.000512434,8.100435346e-05
0.796875,2.296875,221.8596969,994.3061786,1.000613556,5.776735031e-05
0.796875,2.390625,221.8596969,1092.031701,1.000721645,3.732013367e-05
0.796875,2.484375,221.8596969,1199.36219,1.000802134,2.657062586e-05
0.796875,2.578125,221.8596969,1317.241671,1.000850126,2.224233437e-05
0.796875,2.671875,221.8596969,1446.706953,1.000869306,1.850326642e-05
0.796875,2.765625,221.8596969,1588.896749,1.000855574,-3.992236217e-05
0.796875,2.859375,221.8596969,1745.061689,1.000786505,-8.489072897e-05
0.796875,2.953125,221.8596969,1916.575322,1.000602182,-0.0003950316468
0.890625,-2.953125,243.6652083,5.217639967,-1.762540561e-10,-2.523892706e-07
0.890625,-2.859375,243.6652083,5.730456443,-8.089814098e-10,7.321385221e-09
0.890625,-2.765625,243.6652083,6.293675158,-2.219527942e-09,2.197147494e-07
0.890625,-2.671875,243.6652083,6.912249904,-4.833961657e-09,3.840470236e-07
0.890625,-2.578125,243.6652083,7.591621356,-9.004343933e-09,4.777722541e-07
0.890625,-2.484375,243.6652083,8.337764926,-1.412591829e-08,5.090112374e-07
0.890625,-2.390625,243.6652083,9.157243322,-1.935458629e-08,4.366348228e-07
0.890625,-2.296875,243.6652083,10.05726427,-2.347387928e-08,2.866317948e-07
0.890625,-2.203125,243.6652083,11.0457439,-2.550450371e-08,1.309550855e-07
0.890625,-2.109375,243.6652083,12.13137638,-2.477125826e-08,4.665807435e-10
0.890625,-2.015625,243.6652083,13.32371041,-2.143051625e-08,-7.365887479e-08
0.890625,-1.921875,243.6652083,14.63323316,-1.623175343e-08,-1.024194141e-07
0.890625,-1.828125,243.6652083,16.07146254,-9.64454069e-09,-1.134548483e-07
0.890625,-1.734375,243.6652083,17.65104849,-4.02758645e-09,-1.163140882e-07
0.890625,-1.640625,243.6652083,19.38588426,-2.336306097e-09,-1.089468168e-07
0.890625,-1.546875,243.6652083,21.29122862,-9.418712792e-09,-3.019929181e-08
0.890625,-1.453125,243.6652083,23.38384001,-3.681658477e-08,2.725764567e-07
0.890625,-1.359375,243.6652083,25.68212401,-9.927482365e-08,1.133283875e-06
0.890625,-1.265625,243.6652083,28.20629517,-2.141175722e-07,2.939721621e-06
0.890625,-1.171875,243.6652083,30.97855485,-3.742735667e-07,4.904399333e-06
0.890625,-1.078125,243.6652083,34.02328646,-4.593681483e-07,2.864728553e-06
0.890625,-0.984375,243.6652083,37.36726994,-4.999092163e-08,-1.272045319e-05
0.890625,-0.890625,243.6652083,41.03991731,1.939582683e-06,-3.749486263e-05
0.890625,-0.796875,243.6652083,45.07353134,7.59938025e-06,0.0001054896535
0.890625,-0.703125,243.6652083,49.50358969,2.02495024e-05,0.001011740609
0.890625,-0.609375,243.6652083,54.36905695,4.188647054e-05,0.005136746815
0.890625,-0.515625,243.6652083,59.71272734,7.122497111e-05,0.01678391168
0.890625,-0.421875,243.6652083,65.58160113,8.508031504e-05,0.04725097046
0.890625,-0.328125,243.6652083,72.027298,4.470796122e-05,0.1069637465
0.890625,-0.234375,243.6652083,79.10651109,-0.0001564247791,0.2138440754
0.890625,-0.140625,243.6652083,86.88150563,-0.0006311216751,0.3656884983
0.890625,-0.046875,243.6652083,95.4206666,-0.001468596129,0.5488194964
0.890625,0.046875,243.6652083,104.7991002,-0.002635334687,0.7298732986
0.890625,0.140625,243.6652083,115.0992945,-0.003622192686,0.8622384458
0.890625,0.234375,243.6652083,126.4118448,-0.003205386616,0.9417947188
0.890625,0.328125,243.6652083,138.8362507,0.001096395557,0.9755849674
0.890625,0.421875,243.6652083,152.4817911,0.01352045556,0.9721860733
0.890625,0.515625,243.6652083,167.4684853,0.04039019438,0.9383286945
0.890625,0.609375,243.6652083,183.9281489,0.09027435879,0.8715829246
0.890625,0.703125,243.6652083,202.0055528,0.1734141148,0.7679400524
0.890625,0.796875,243.6652083,221.8596969,0.2980246023,0.6255557675
0.890625,0.890625,243.6652083,243.6652083,0.4579305033,0.4579304892
0.890625,0.984375,243.6652083,267.6138775,0.6255611079,0.2980207372
0.890625,1.078125,243.6652083,293.916345,0.7680075274,0.1734103221
0.890625,1.171875,243.6652083,322.8039542,0.8721368991,0.09027455095
0.890625,1.265625,243.6652083,354.5307861,0.9406383774,0.04040274344
0.890625,1.359375,243.6652083,389.3758942,0.9810532087,0.0135456602
0.890625,1.453125,243.6652083,427.6457586,1.001477009,0.001137865862
0.890625,1.546875,243.6652083,469.676982,1.009197128,-0.003171428868
0.890625,1.640625,243.6652083,515.83925,1.009989476,-0.003611960734
0.890625,1.734375,243.6652083,566.5385831,1.007847131,-0.002660040059
0.890625,1.828125,243.6652083,622.2209072,1.005116265,-0.00153778329
0.890625,1.921875,243.6652083,683.3759764,1.002889767,-0.0007000075093
0.890625,2.015625,243.6652083,750.5416801,1.001468431,-0.0002113624849
0.890625,2.109375,243.6652083,824.3087744,1.000752979,1.323621753e-05
0.890625,2.203125,243.6652083,905.326078,1.000510335,8.313616956e-05
0.890625,2.296875,243.6652083,994.3061786,1.000518033,8.22084578e-05
0.890625,2.390625,243.6652083,1092.031701,1.000619871,6.142866193e-05
0.890625,2.484375,243.6652083,1199.36219,1.00072975,4.334947821e-05
0.890625,2.578125,243.6652083,1317.241671,1.000812849,3.177062958e-05
0.890625,2.671875,243.6652083,1446.706953,1.000860518,2.235844823e-05
0.890625,2.765625,243.6652083,1588.896749,1.0008648,-4.39791793e-05
0.890625,2.859375,243.6652083,1745.061689,1.000805432,-9.557436265e-05
0.890625,2.953125,243.6652083,1916.575322,1.000617156,-0.0004328231249
0.984375,-2.953125,267.6138775,5.217639967,-2.950652596e-10,-2.753600539e-07
0.984375,-2.859375,267.6138775,5.730456443,-1.065404517e-09,-4.275065447e-08
0.984375,-2.765625,267.6138775,6.293675158,-2.889771118e-09,1.270296536e-07
0.984375,-2.671875,267.6138775,6.912249904,-6.027664808e-09,2.413911041e-07
0.984375,-2.578125,267.6138775,7.591621356,-1.031616553e-08,3.044593331e-07
0.984375,-2.484375,267.6138775,8.337764926,-1.574877728e-08,3.250014795e-07
0.984375,-2.390625,267.6138775,9.157243322,-2.152066854e-08,2.85329612e-07
0.984375,-2.296875,267.6138775,10.05726427,-2.607884338e-08,1.992147147e-07
0.984375,-2.203125,267.6138775,11.0457439,-2.859850711e-08,1.041531984e-07
0.984375,-2.109375,267.6138775,12.13137638,-2.901209581e-08,3.099531591e-08
0.984375,-2.015625,267.6138775,13.32371041,-2.72397634e-08,-3.610929236e-09
0.984375,-1.921875,267.6138775,14.63323316,-2.321751597e-08,-4.079762058e-09
0.984375,-1.828125,267.6138775,16.07146254,-1.879201844e-08,-2.553758982e-08
0.984375,-1.734375,267.6138775,17.65104849,-1.470928839e-08,-5.218495566e-08
0.984375,-1.640625,267.6138775,19.38588426,-1.246381546e-08,-1.084206129e-07
0.984375,-1.546875,267.6138775,21.29122862,-1.698217982e-08,-1.624818844e-07
0.984375,-1.453125,267.6138775,23.38384001,-3.498097587e-08,-9.432426982e-08
0.984375,-1.359375,267.6138775,25.68212401,-8.245493234e-08,3.828157527e-07
0.984375,-1.265625,267.6138775,28.20629517,-1.876601111e-07,1.637950656e-06
0.984375,-1.171875,267.6138775,30.97855485,-3.853984655e-07,3.143309444e-06
0.984375,-1.078125,267.6138775,34.02328646,-6.840483895e-07,1.569950822e-06
0.984375,-0.984375,267.6138775,37.36726994,-9.423682748e-07,-1.06257936e-05
0.984375,-0.890625,267.6138775,41.03991731,-5.826227808e-07,-2.583920373e-05
0.984375,-0.796875,267.6138775,45.07353134,1.779025994e-06,0.0001374467503
0.984375,-0.703125,267.6138775,49.50358969,9.087354131e-06,0.001072976674
0.984375,-0.609375,267.6138775,54.36905695,2.461354805e-05,0.005232857151
0.984375,-0.515625,267.6138775,59.71272734,5.293068371e-05,0.01687950124
0.984375,-0.421875,267.6138775,65.58160113,8.541483913e-05,0.04727025536
0.984375,-0.328125,267.6138775,72.027298,0.0001085553062,0.1067550434
0.984375,-0.234375,267.6138775,79.10651109,5.51201876e-05,0.2131412989
0.984375,-0.140625,267.6138775,86.88150563,-0.0001618565922,0.3642896099
0.984375,-0.046875,267.6138775,95.4206666,-0.0006545758919,0.5466167746
0.984375,0.046875,267.6138775,104.7991002,-0.001529514908,0.727121873
0.984375,0.140625,267.6138775,115.0992945,-0.002672354622,0.8600520747
0.984375,0.234375,267.6138775,126.4118448,-0.003635666687,0.9425613607
0.984375,0.328125,267.6138775,138.8362507,-0.003198371428,0.9833045913
0.984375,0.421875,267.6138775,152.4817911,0.001123638169,0.9926225395
0.984375,0.515625,267.6138775,167.4684853,0.01353846797,0.9787559119
0.984375,0.609375,267.6138775,183.9281489,0.04040304135,0.9400903244
0.984375,0.703125,267.6138775,202.0055528,0.09027658145,0.8720716001
0.984375,0.796875,267.6138775,221.8596969,0.1734124768,0.7680024943
0.984375,0.890625,267.6138775,243.6652083,0.2980207528,0.6255610929
0.984375,0.984375,267.6138775,267.6138775,0.4579264931,0.4579264786
0.984375,1.078125,267.6138775,293.916345,0.6255573831,0.2980188458
0.984375,1.171875,267.6138775,322.8039542,0.7680041758,0.1734097292
0.984375,1.265625,267.6138775,354.5307861,0.8721338373,0.09027439008
0.984375,1.359375,267.6138775,389.3758942,0.9406355029,0.04040268316
0.984375,1.453125,267.6138775,427.6457586,0.9810504333,0.01354558857
0.984375,1.546875,267.6138775,469.676982,1.001474298,0.001137899796
0.984375,1.640625,267.6138775,515.83925,1.009194467,-0.003171348944
0.984375,1.734375,267.6138775,566.5385831,1.009986842,-0.003611988133
0.984375,1.828125,267.6138775,622.2209072,1.007844491,-0.002660058424
0.984375,1.921875,267.6138775,683.3759764,1.00511361,-0.001537740295
0.984375,2.015625,267.6138775,750.5416801,1.002887097,-0.0007000000243
0.984375,2.109375,267.6138775,824.3087744,1.001465728,-0.0002113492859
0.984375,2.203125,267.6138775,905.326078,1.000750236,1.365105444e-05
0.984375,2.296875,267.6138775,994.3061786,1.000507646,8.437911839e-05
0.984375,2.390625,267.6138775,1092.031701,1.000515942,8.614604993e-05
0.984375,2.484375,267.6138775,1199.36219,1.000619409,6.795107943e-05
0.984375,2.578125,267.6138775,1317.241671,1.000731459,4.899031664e-05
0.984375,2.671875,267.6138775,1446.706953,1.000813917,3.165323284e-05
0.984375,2.765625,267.6138775,1588.896749,1.000845097,-4.575682462e-05
0.984375,2.859375,267.6138775,1745.061689,1.000802625,-0.0001058498195
0.984375,2.953125,267.6138775,1916.575322,1.000619381,-0.0004754436828
1.078125,-2.953125,293.916345,5.217639967,-3.323279642e-10,-3.026561912e-07
1.078125,-2.859375,293.916345,5.730456443,-1.157442949e-09,-1.038487685e-07
1.078125,-2.765625,293.916345,6.293675158,-2.902471931e-09,1.900395229e-08
1.078125,-2.671875,293.916345,6.912249904,-5.843112164e-09,8.229113898e-08
1.078125,-2.578125,293.916345,7.591621356,-1.009577605e-08,1.183677361e-07
1.078125,-2.484375,293.916345,8.337764926,-1.514308799e-08,1.270662009e-07
1.078125,-2.390625,293.916345,9.157243322,-2.011973947e-08,1.27891688e-07
1.078125,-2.296875,293.916345,10.05726427,-2.402135012e-08,1.038107825e-07
1.078125,-2.203125,293.916345,11.0457439,-2.623521448e-08,7.032791865e-08
1.078125,-2.109375,293.916345,12.13137638,-2.629931561e-08,5.022895987e-08
1.078125,-2.015625,293.916345,13.32371041,-2.385497314e-08,6.789043383e-08
1.078125,-1.921875,293.916345,14.63323316,-2.01200258e-08,7.909454683e-08
1.078125,-1.828125,293.916345,16.07146254,-1.52663145e-08,6.070330405e-08
1.078125,-1.734375,293.916345,17.65104849,-1.023300038e-08,1.564278394e-08
1.078125,-1.640625,293.916345,19.38588426,-6.422020686e-09,-8.147210604e-08
1.078125,-1.546875,293.916345,21.29122862,-4.108143946e-09,-2.138533541e-07
1.078125,-1.453125,293.916345,23.38384001,-7.769147796e-09,-3.044206086e-07
1.078125,-1.359375,293.916345,25.68212401,-2.66516741e-08,-1.471174199e-07
1.078125,-1.265625,293.916345,28.20629517,-8.242119816e-08,5.300182179e-07
1.078125,-1.171875,293.916345,30.97855485,-2.190767911e-07,1.145664099e-06
1.078125,-1.078125,293.916345,34.02328646,-4.911238931e-07,-1.289470823e-06
1.078125,-0.984375,293.916345,37.36726994,-9.112541705e-07,-1.314192393e-05
1.078125,-0.890625,293.916345,41.03991731,-1.264396792e-06,-2.442556857e-05
1.078125,-0.796875,293.916345,45.07353134,-8.201994356e-07,0.0001509203695
1.078125,-0.703125,293.916345,49.50358969,2.511957511e-06,0.001108411216
1.078125,-0.609375,293.916345,54.36905695,1.151835463e-05,0.005304190271
1.078125,-0.515625,293.916345,59.71272734,3.229206076e-05,0.01698027613
1.078125,-0.421875,293.916345,65.58160113,6.302382941e-05,0.04737146556
1.078125,-0.328125,293.916345,72.027298,0.0001045338704,0.1067787258
1.078125,-0.234375,293.916345,79.10651109,0.0001192458411,0.2129019155
1.078125,-0.140625,293.916345,86.88150563,5.462797205e-05,0.3635826889
1.078125,-0.046875,293.916345,95.4206666,-0.0001763258766,0.5452118403
1.078125,0.046875,293.916345,104.7991002,-0.000698594394,0.724890339
1.078125,0.140625,293.916345,115.0992945,-0.001550632152,0.8573000972
1.078125,0.234375,293.916345,126.4118448,-0.002678604588,0.9404049549
1.078125,0.328125,293.916345,138.8362507,-0.003631888468,0.9840961686
1.078125,0.421875,293.916345,152.4817911,-0.003180848631,1.000349506
1.078125,0.515625,293.916345,167.4684853,0.001132719691,0.9991862294
1.078125,0.609375,293.916345,183.9281489,0.01354556188,0.980507829
1.078125,0.703125,293.916345,202.0055528,0.04040342809,0.9405737483
1.078125,0.796875,293.916345,221.8596969,0.09027540906,0.8721316792
1.078125,0.890625,293.916345,243.6652083,0.1734103221,0.7680075077
1.078125,0.984375,293.916345,267.6138775,0.2980188397,0.6255573658
1.078125,1.078125,293.916345,293.916345,0.4579249032,0.4579249121
1.078125,1.171875,293.916345,322.8039542,0.6255560812,0.2980184767
1.078125,1.265625,293.916345,354.5307861,0.7680030586,0.1734096935
1.078125,1.359375,293.916345,389.3758942,0.8721328175,0.09027437828
1.078125,1.453125,293.916345,427.6457586,0.9406345247,0.04040262069
1.078125,1.546875,293.916345,469.676982,0.9810494583,0.01354562151
1.078125,1.640625,293.916345,515.83925,1.001473313,0.001137975179
1.078125,1.734375,293.916345,566.5385831,1.009193461,-0.003171398561
1.078125,1.828125,293.916345,622.2209072,1.009985783,-0.003612036675
1.078125,1.921875,293.916345,683.3759764,1.007843365,-0.00266004323
1.078125,2.015625,293.916345,750.5416801,1.005112399,-0.001537764772
1.078125,2.109375,293.916345,824.3087744,1.002885777,-0.0007000246643
1.078125,2.203125,293.916345,905.326078,1.001464271,-0.0002109709653
1.078125,2.296875,293.916345,994.3061786,1.000748698,1.489785264e-05
1.078125,2.390625,293.916345,1092.031701,1.000506512,8.856267554e-05
1.078125,2.484375,293.916345,1199.36219,1.000516314,9.318920204e-05
1.078125,2.578125,293.916345,1317.241671,1.000621747,7.395811864e-05
1.078125,2.671875,293.916345,1446.706953,1.000733376,4.870555245e-05
1.078125,2.765625,293.916345,1588.896749,1.000798842,-4.307398967e-05
1.078125,2.859375,293.916345,1745.061689,1.00078323,-0.0001142695555
1.078125,2.953125,293.916345,1916.575322,1.00061533,-0.0005218026093
1.171875,-2.953125,322.8039542,5.217639967,-4.360582543e-10,-3.358375205e-07
1.171875,-2.859375,322.8039542,5.730456443,-1.047278128e-09,-1.577302628e-07
1.171875,-2.765625,322.8039542,6.293675158,-2.559858833e-09,-9.349086763e-08
1.171875,-2.671875,322.8039542,6.912249904,-5.466538822e-09,-8.383053696e-08
1.171875,-2.578125,322.8039542,7.591621356,-9.431899365e-09,-7.579901167e-08
1.171875,-2.484375,322.8039542,8.337764926,-1.371922944e-08,-5.105059542e-08
1.171875,-2.390625,322.8039542,9.157243322,-1.785058571e-08,-2.2028016e-08
1.171875,-2.296875,322.8039542,10.05726427,-2.14680168e-08,7.677443911e-09
1.171875,-2.203125,322.8039542,11.0457439,-2.339741743e-08,4.168871294e-08
1.171875,-2.109375,322.8039542,12.13137638,-2.300739843e-08,8.592360149e-08
1.171875,-2.015625,322.8039542,13.32371041,-2.113868692e-08,1.356290046e-07
1.171875,-1.921875,322.8039542,14.63323316,-1.789743919e-08,1.652358873e-07
1.171875,-1.828125,322.8039542,16.07146254,-1.393827534e-08,1.531809828e-07
1.171875,-1.734375,322.8039542,17.65104849,-1.008041375e-08,8.894292418e-08
1.171875,-1.640625,322.8039542,19.38588426,-6.328909758e-09,-2.417366676e-08
1.171875,-1.546875,322.8039542,21.29122862,-3.333202517e-09,-1.853486825e-07
1.171875,-1.453125,322.8039542,23.38384001,4.029894923e-10,-3.245442834e-07
1.171875,-1.359375,322.8039542,25.68212401,1.301790536e-09,-3.35964921e-07
1.171875,-1.265625,322.8039542,28.20629517,-1.497865235e-08,-6.796769865e-08
1.171875,-1.171875,322.8039542,30.97855485,-7.690899277e-08,-2.459226574e-07
1.171875,-1.078125,322.8039542,34.02328646,-2.413139104e-07,-3.906187188e-06
1.171875,-0.984375,322.8039542,37.36726994,-5.782317977e-07,-1.694449931e-05
1.171875,-0.890625,322.8039542,41.03991731,-1.053060147e-06,-2.795258371e-05
1.171875,-0.796875,322.8039542,45.07353134,-1.376516202e-06,0.0001525148547
1.171875,-0.703125,322.8039542,49.50358969,-2.33704524e-07,0.00112251447
1.171875,-0.609375,322.8039542,54.36905695,4.201122956e-06,0.00534483622
1.171875,-0.515625,322.8039542,59.71272734,1.750063074e-05,0.01705398429
1.171875,-0.421875,322.8039542,65.58160113,4.001990465e-05,0.0474757488
1.171875,-0.328125,322.8039542,72.027298,7.868781559e-05,0.1068875483
1.171875,-0.234375,322.8039542,79.10651109,0.0001137892116,0.2129096118
1.171875,-0.140625,322.8039542,86.88150563,0.0001196175048,0.3633418464
1.171875,-0.046875,322.8039542,95.4206666,4.293795738e-05,0.5445062364
1.171875,0.046875,322.8039542,104.7991002,-0.0002126696317,0.7234693132
1.171875,0.140625,322.8039542,115.0992945,-0.0007126280895,0.8550635574
1.171875,0.234375,322.8039542,126.4118448,-0.001553403297,0.9376662188
1.171875,0.328125,322.8039542,138.8362507,-0.002676005761,0.9819530372
1.171875,0.421875,322.8039542,152.4817911,-0.003618966768,1.001145487
1.171875,0.515625,322.8039542,167.4684853,-0.003175572993,1.006909798
1.171875,0.609375,322.8039542,183.9281489,0.001137624957,1.00093286
1.171875,0.703125,322.8039542,202.0055528,0.01354579987,0.9809886943
1.171875,0.796875,322.8039542,221.8596969,0.04040309288,0.9406329032
1.171875,0.890625,322.8039542,243.6652083,0.0902745421,0.87213687
1.171875,0.984375,322.8039542,267.6138775,0.1734097111,0.7680041493
1.171875,1.078125,322.8039542,293.916345,0.2980184493,0.6255560861
1.171875,1.171875,322.8039542,322.8039542,0.4579246827,0.4579247141
1.171875,1.265625,322.8039542,354.5307861,0.6255559556,0.2980185295
1.171875,1.359375,322.8039542,389.3758942,0.7680029841,0.1734097209
1.171875,1.453125,322.8039542,427.6457586,0.8721327464,0.09027431242
1.171875,1.546875,322.8039542,469.676982,0.9406344187,0.04040263909
1.171875,1.640625,322.8039542,515.83925,0.9810493092,0.01354568315
1.171875,1.734375,322.8039542,566.5385831,1.001473104,0.001137892731
1.171875,1.828125,322.8039542,622.2209072,1.00919316,-0.003171487337
1.171875,1.921875,322.8039542,683.3759764,1.009985366,-0.003612067029
1.171875,2.015625,322.8039542,750.5416801,1.007842823,-0.002660112811
1.171875,2.109375,322.8039542,824.3087744,1.005111718,-0.001537842207
1.171875,2.203125,322.8039542,905.326078,1.002884932,-0.0006997011275
1.171875,2.296875,322.8039542,994.3061786,1.001463298,-0.0002097484822
1.171875,2.390625,322.8039542,1092.031701,1.000748097,1.932757335e-05
1.171875,2.484375,322.8039542,1199.36219,1.000507637,9.623960125e-05
1.171875,2.578125,322.8039542,1317.241671,1.000519809,9.960246744e-05
1.171875,2.671875,322.8039542,1446.706953,1.000626117,7.382801905e-05
1.171875,2.765625,322.8039542,1588.896749,1.000721877,-3.344835088e-05
1.171875,2.859375,322.8039542,1745.061689,1.000742442,-0.0001183949574
1.171875,2.953125,322.8039542,1916.575322,1.000603722,-0.0005701183729
1.265625,-2.953125,354.5307861,5.217639967,-1.892241125e-10,-3.564975412e-07
1.265625,-2.859375,354.5307861,5.730456443,-6.333963936e-10,-2.069928873e-07
1.265625,-2.765625,354.5307861,6.293675158,-2.064269903e-09,-2.07631607e-07
1.265625,-2.671875,354.5307861,6.912249904,-4.328150068e-09,-2.374111991e-07
1.265625,-2.578125,354.5307861,7.591621356,-7.460569585e-09,-2.59295158e-07
1.265625,-2.484375,354.5307861,8.337764926,-1.118849995e-08,-2.16817175e-07
1.265625,-2.390625,354.5307861,9.157243322,-1.481297745e-08,-1.629495782e-07
1.265625,-2.296875,354.5307861,10.05726427,-1.751167618e-08,-7.865620988e-08
1.265625,-2.203125,354.5307861,11.0457439,-1.881341819e-08,2.122870337e-08
1.265625,-2.109375,354.5307861,12.13137638,-1.863456868e-08,1.200983731e-07
1.265625,-2.015625,354.5307861,13.32371041,-1.67156292e-08,2.01257389e-07
1.265625,-1.921875,354.5307861,14.63323316,-1.408738438e-08,2.422263728e-07
1.265625,-1.828125,354.5307861,16.07146254,-1.145666441e-08,2.220436864e-07
1.265625,-1.734375,354.5307861,17.65104849,-9.146009984e-09,1.460579642e-07
1.265625,-1.640625,354.5307861,19.38588426,-7.53070471e-09,1.952330086e-08
1.265625,-1.546875,354.5307861,21.29122862,-4.890756372e-09,-1.330141845e-07
1.265625,-1.453125,354.5307861,23.38384001,-7.485294505e-10,-2.561854635e-07
1.265625,-1.359375,354.5307861,25.68212401,5.532390082e-09,-3.017460718e-07
1.265625,-1.265625,354.5307861,28.20629517,1.194236137e-08,-2.055055401e-07
1.265625,-1.171875,354.5307861,30.97855485,1.268402905e-10,-8.910690429e-07
1.265625,-1.078125,354.5307861,34.02328646,-6.970765796e-08,-5.578045512e-06
1.265625,-0.984375,354.5307861,37.36726994,-2.598718503e-07,-2.010877336e-05
1.265625,-0.890625,354.5307861,41.03991731,-6.047428006e-07,-3.25253271e-05
1.265625,-0.796875,354.5307861,45.07353134,-1.041212506e-06,0.0001487079025
1.265625,-0.703125,354.5307861,49.50358969,-7.593883028e-07,0.001123700146
1.265625,-0.609375,354.5307861,54.36905695,1.213027705e-06,0.005361376336
1.265625,-0.515625,354.5307861,59.71272734,9.329589285e-06,0.01709552884
1.265625,-0.421875,354.5307861,65.58160113,2.397324126e-05,0.04755072215
1.265625,-0.328125,354.5307861,72.027298,5.33726845e-05,0.1069986762
1.265625,-0.234375,354.5307861,79.10651109,8.663915396e-05,0.2130099537
1.265625,-0.140625,354.5307861,86.88150563,0.000114189501,0.3633483604
1.265625,-0.046875,354.5307861,95.4206666,0.000109075353,0.5442689084
1.265625,0.046875,354.5307861,104.7991002,1.090880147e-05,0.722755564
1.265625,0.140625,354.5307861,115.0992945,-0.0002233627399,0.8536375061
1.265625,0.234375,354.5307861,126.4118448,-0.0007137810351,0.9354352396
1.265625,0.328125,354.5307861,138.8362507,-0.001551344582,0.9792215597
1.265625,0.421875,354.5307861,152.4817911,-0.002665637535,0.9990050547
1.265625,0.515625,354.5307861,167.4684853,-0.003615567351,1.00770397
1.265625,0.609375,354.5307861,183.9281489,-0.003171799352,1.008653574
1.265625,0.703125,354.5307861,202.0055528,0.001137833123,1.001412462
1.265625,0.796875,354.5307861,221.8596969,0.01354583965,0.9810475332
1.265625,0.890625,354.5307861,243.6652083,0.04040274741,0.9406383395
1.265625,0.984375,354.5307861,267.6138775,0.09027438553,0.8721337968
1.265625,1.078125,354.5307861,293.916345,0.1734096795,0.7680030542
1.265625,1.171875,354.5307861,322.8039542,0.29801851,0.6255559861
1.265625,1.265625,354.5307861,354.5307861,0.457924803,0.4579248242
1.265625,1.359375,354.5307861,389.3758942,0.6255561054,0.298018573
1.265625,1.453125,354.5307861,427.6457586,0.7680031203,0.173409628
1.265625,1.546875,354.5307861,469.676982,0.8721328327,0.09027429486
1.265625,1.640625,354.5307861,515.83925,0.9406344379,0.04040266199
1.265625,1.734375,354.5307861,566.5385831,0.9810492379,0.01354554259
1.265625,1.828125,354.5307861,622.2209072,1.001472903,0.001137734786
1.265625,1.921875,354.5307861,683.3759764,1.009192827,-0.003171579339
1.265625,2.015625,354.5307861,750.5416801,1.009984928,-0.003612186186
1.265625,2.109375,354.5307861,824.3087744,1.007842307,-0.002660236615
1.265625,2.203125,354.5307861,905.326078,1.005111125,-0.001537567453
1.265625,2.296875,354.5307861,994.3061786,1.002884327,-0.0006984916504
1.265625,2.390625,354.5307861,1092.031701,1.001463351,-0.000204979124
1.265625,2.484375,354.5307861,1199.36219,1.000750676,2.793508178e-05
1.265625,2.578125,354.5307861,1317.241671,1.000513969,0.0001033527005
1.265625,2.671875,354.5307861,1446.706953,1.00052992,0.0001004205753
1.265625,2.765625,354.5307861,1588.896749,1.000623577,-1.625401806e-05
1.265625,2.859375,354.5307861,1745.061689,1.000678828,-0.0001152092685
1.265625,2.953125,354.5307861,1916.575322,1.000582961,-0.0006173752531
1.359375,-2.953125,389.3758942,5.217639967,1.008896185e-10,-3.363342762e-07
1.359375,-2.859375,389.3758942,5.730456443,3.074942289e-11,-2.621025277e-07
1.359375,-2.765625,389.3758942,6.293675158,-9.879359115e-10,-2.996067085e-07
1.359375,-2.671875,389.3758942,6.912249904,-2.759939219e-09,-3.716336944e-07
1.359375,-2.578125,389.3758942,7.591621356,-5.184379989e-09,-4.116237118e-07
1.359375,-2.484375,389.3758942,8.337764926,-8.108446575e-09,-3.780545474e-07
1.359375,-2.390625,389.3758942,9.157243322,-1.092550454e-08,-2.796989869e-07
1.359375,-2.296875,389.3758942,10.05726427,-1.29218953e-08,-1.458747731e-07
1.359375,-2.203125,389.3758942,11.0457439,-1.382296637e-08,9.149655786e-09
1.359375,-2.109375,389.3758942,12.13137638,-1.329691909e-08,1.544333487e-07
1.359375,-2.015625,389.3758942,13.32371041,-1.187718557e-08,2.649909386e-07
1.359375,-1.921875,389.3758942,14.63323316,-9.805902113e-09,3.052289094e-07
1.359375,-1.828125,389.3758942,16.07146254,-8.092645768e-09,2.677879707e-07
1.359375,-1.734375,389.3758942,17.65104849,-7.271233946e-09,1.726915501e-07
1.359375,-1.640625,389.3758942,19.38588426,-6.637578571e-09,4.246277235e-08
1.359375,-1.546875,389.3758942,21.29122862,-6.378678748e-09,-9.992951336e-08
1.359375,-1.453125,389.3758942,23.38384001,-4.52703809e-09,-1.905642908e-07
1.359375,-1.359375,389.3758942,25.68212401,2.166828925e-09,-1.734888384e-07
1.359375,-1.265625,389.3758942,28.20629517,1.306722545e-08,-8.832077369e-08
1.359375,-1.171875,389.3758942,30.97855485,2.326525662e-08,-9.920839542e-07
1.359375,-1.078125,389.3758942,34.02328646,1.337807789e-08,-6.294610987e-06
1.359375,-0.984375,389.3758942,37.36726994,-6.350764499e-08,-2.202800568e-05
1.359375,-0.890625,389.3758942,41.03991731,-2.378164853e-07,-3.615519878e-05
1.359375,-0.796875,389.3758942,45.07353134,-5.236716775e-07,0.0001438827048
1.359375,-0.703125,389.3758942,49.50358969,-3.902917236e-07,0.001119372637
1.359375,-0.609375,389.3758942,54.36905695,5.809848741e-07,0.005363526406
1.359375,-0.515625,389.3758942,59.71272734,5.820359725e-06,0.01711239468
1.359375,-0.421875,389.3758942,65.58160113,1.507351955e-05,0.04759217979
1.359375,-0.328125,389.3758942,72.027298,3.572871678e-05,0.1070787945
1.359375,-0.234375,389.3758942,79.10651109,6.03603462e-05,0.2131166548
1.359375,-0.140625,389.3758942,86.88150563,8.701142697e-05,0.363447232
1.359375,-0.046875,389.3758942,95.4206666,0.0001044702889,0.5442789042
1.359375,0.046875,389.3758942,104.7991002,8.015907892e-05,0.7225146039
1.359375,0.140625,389.3758942,115.0992945,2.037068846e-06,0.8529198335
1.359375,0.234375,389.3758942,126.4118448,-0.0002237377876,0.9340112238
1.359375,0.328125,389.3758942,138.8362507,-0.0007119735345,0.9769947065
1.359375,0.421875,389.3758942,152.4817911,-0.001542521589,0.996275188
1.359375,0.515625,389.3758942,167.4684853,-0.002663211656,1.005562572
1.359375,0.609375,389.3758942,183.9281489,-0.003612446034,1.009446238
1.359375,0.703125,389.3758942,202.0055528,-0.003171601119,1.009132519
1.359375,0.796875,389.3758942,221.8596969,0.00113800773,1.001471225
1.359375,0.890625,389.3758942,243.6652083,0.01354567859,0.9810531667
1.359375,0.984375,389.3758942,267.6138775,0.04040270017,0.9406354521
1.359375,1.078125,389.3758942,293.916345,0.09027439268,0.8721328061
1.359375,1.171875,389.3758942,322.8039542,0.1734097341,0.7680030138
1.359375,1.265625,389.3758942,354.5307861,0.2980185895,0.6255561302
1.359375,1.359375,389.3758942,389.3758942,0.4579248837,0.4579248644
1.359375,1.453125,389.3758942,427.6457586,0.6255561467,0.2980184336
1.359375,1.546875,389.3758942,469.676982,0.7680030775,0.1734095475
1.359375,1.640625,389.3758942,515.83925,0.8721326783,0.09027424815
1.359375,1.734375,389.3758942,566.5385831,0.9406341366,0.04040242639
1.359375,1.828125,389.3758942,622.2209072,0.9810487771,0.01354529852
1.359375,1.921875,389.3758942,683.3759764,1.001472338,0.001137594133
1.359375,2.015625,389.3758942,750.5416801,1.009192266,-0.003171701902
1.359375,2.109375,389.3758942,824.3087744,1.009984498,-0.003612280144
1.359375,2.203125,389.3758942,905.326078,1.007842114,-0.002659916462
1.359375,2.296875,389.3758942,994.3061786,1.005111428,-0.001536218488
1.359375,2.390625,389.3758942,1092.031701,1.002886209,-0.0006930639772
1.359375,2.484375,389.3758942,1199.36219,1.001469568,-0.0001947763342
1.359375,2.578125,389.3758942,1317.241671,1.000763503,3.650690479e-05
1.359375,2.671875,389.3758942,1446.706953,1.000535679,0.000106688901
1.359375,2.765625,389.3758942,1588.896749,1.000544621,2.363447112e-06
1.359375,2.859375,389.3758942,1745.061689,1.000604905,-0.0001032525406
1.359375,2.953125,389.3758942,1916.575322,1.000554896,-0.000659733823
1.453125,-2.953125,427.6457586,5.217639967,1.528682836e-10,-2.875185857e-07
1.453125,-2.859375,427.6457586,5.730456443,5.101983457e-10,-2.857752124e-07
1.453125,-2.765625,427.6457586,6.293675158,1.142301833e-10,-3.627956426e-07
1.453125,-2.671875,427.6457586,6.912249904,-1.158964605e-09,-4.903423743e-07
1.453125,-2.578125,427.6457586,7.591621356,-3.040549427e-09,-5.334970928e-07
1.453125,-2.484375,427.6457586,8.337764926,-5.030017899e-09,-5.050607668e-07
1.453125,-2.390625,427.6457586,9.157243322,-7.006060504e-09,-3.753149446e-07
1.453125,-2.296875,427.6457586,10.05726427,-8.378313207e-09,-1.935685128e-07
1.453125,-2.203125,427.6457586,11.0457439,-8.770330456e-09,8.016673229e-09
1.453125,-2.109375,427.6457586,12.13137638,-8.319794131e-09,1.913926576e-07
1.453125,-2.015625,427.6457586,13.32371041,-6.943008795e-09,3.20417232e-07
1.453125,-1.921875,427.6457586,14.63323316,-5.657349074e-09,3.522277224e-07
1.453125,-1.828125,427.6457586,16.07146254,-4.608466463e-09,2.989730279e-07
1.453125,-1.734375,427.6457586,17.65104849,-3.979571468e-09,1.837265055e-07
1.453125,-1.640625,427.6457586,19.38588426,-4.937321841e-09,3.107141927e-08
1.453125,-1.546875,427.6457586,21.29122862,-5.953688143e-09,-9.992655952e-08
1.453125,-1.453125,427.6457586,23.38384001,-5.545422238e-09,-1.481761342e-07
1.453125,-1.359375,427.6457586,25.68212401,-2.82849078e-09,-6.362149304e-08
1.453125,-1.265625,427.6457586,28.20629517,6.232629356e-09,1.022158773e-07
1.453125,-1.171875,427.6457586,30.97855485,2.178461305e-08,-8.066528795e-07
1.453125,-1.078125,427.6457586,34.02328646,3.3261449e-08,-6.395669833e-06
1.453125,-0.984375,427.6457586,37.36726994,1.994961013e-08,-2.285319999e-05
1.453125,-0.890625,427.6457586,41.03991731,-2.658215858e-08,-3.828446636e-05
1.453125,-0.796875,427.6457586,45.07353134,-1.330971407e-07,0.000140116553
1.453125,-0.703125,427.6457586,49.50358969,1.199574898e-07,0.001114231265
1.453125,-0.609375,427.6457586,54.36905695,8.617744124e-07,0.005359366582
1.453125,-0.515625,427.6457586,59.71272734,4.775181057e-06,0.01711481616
1.453125,-0.421875,427.6457586,65.58160113,1.102479098e-05,0.04760829237
1.453125,-0.328125,427.6457586,72.027298,2.560226634e-05,0.1071238535
1.453125,-0.234375,427.6457586,79.10651109,4.197686803e-05,0.2131947224
1.453125,-0.140625,427.6457586,86.88150563,6.07128768e-05,0.363552099
1.453125,-0.046875,427.6457586,95.4206666,7.804274871e-05,0.5443805455
1.453125,0.046875,427.6457586,104.7991002,7.814998014e-05,0.722523434
1.453125,0.140625,427.6457586,115.0992945,7.242867203e-05,0.8526760227
1.453125,0.234375,427.6457586,126.4118448,2.016754936e-06,0.9332939727
1.453125,0.328125,427.6457586,138.8362507,-0.0002220933502,0.9755732368
1.453125,0.421875,427.6457586,152.4817911,-0.0007042231279,0.9940491807
1.453125,0.515625,427.6457586,167.4684853,-0.0015406492,1.002832176
1.453125,0.609375,427.6457586,183.9281489,-0.002660530573,1.007304095
1.453125,0.703125,427.6457586,202.0055528,-0.003612279758,1.00992477
1.453125,0.796875,427.6457586,221.8596969,-0.003171412531,1.0091913
1.453125,0.890625,427.6457586,243.6652083,0.001137877834,1.001476973
1.453125,0.984375,427.6457586,267.6138775,0.01354560504,0.9810503819
1.453125,1.078125,427.6457586,293.916345,0.04040263765,0.9406345103
1.453125,1.171875,427.6457586,322.8039542,0.09027433354,0.872132781
1.453125,1.265625,427.6457586,354.5307861,0.1734096602,0.7680031566
1.453125,1.359375,427.6457586,389.3758942,0.2980184779,0.6255561334
1.453125,1.453125,427.6457586,427.6457586,0.4579246877,0.4579246372
1.453125,1.546875,427.6457586,469.676982,0.6255558138,0.298018243
1.453125,1.640625,427.6457586,515.83925,0.7680025667,0.1734093756
1.453125,1.734375,427.6457586,566.5385831,0.8721319796,0.09027388438
1.453125,1.828125,427.6457586,622.2209072,0.9406333073,0.04040211242
1.453125,1.921875,427.6457586,683.3759764,0.9810479923,0.01354519341
1.453125,2.015625,427.6457586,750.5416801,1.001471895,0.001137638066
1.453125,2.109375,427.6457586,824.3087744,1.009192526,-0.003171519305
1.453125,2.203125,427.6457586,905.326078,1.009985875,-0.003611578112
1.453125,2.296875,427.6457586,994.3061786,1.007845252,-0.002657970664
1.453125,2.390625,427.6457586,1092.031701,1.005118021,-0.001529407364
1.453125,2.484375,427.6457586,1199.36219,1.002900112,-0.000680055921
1.453125,2.578125,427.6457586,1317.241671,1.001494354,-0.0001833455085
1.453125,2.671875,427.6457586,1446.706953,1.00080423,4.495073407e-05
1.453125,2.765625,427.6457586,1588.896749,1.000576508,9.856120642e-07
1.453125,2.859375,427.6457586,1745.061689,1.000560628,-8.768122796e-05
1.453125,2.953125,427.6457586,1916.575322,1.000529491,-0.0006949183504
1.546875,-2.953125,469.676982,5.217639967,3.163282646e-10,-2.146186307e-07
1.546875,-2.859375,469.676982,5.730456443,9.851067131e-10,-2.677898247e-07
1.546875,-2.765625,469.676982,6.293675158,8.406626036e-10,-4.084124335e-07
1.546875,-2.671875,469.676982,6.912249904,1.341099942e-10,-5.695596428e-07
1.546875,-2.578125,469.676982,7.591621356,-9.954031887e-10,-6.323100758e-07
1.546875,-2.484375,469.676982,8.337764926,-2.371857626e-09,-5.897096067e-07
1.546875,-2.390625,469.676982,9.157243322,-3.497060876e-09,-4.448362689e-07
1.546875,-2.296875,469.676982,10.05726427,-4.321957386e-09,-2.247357974e-07
1.546875,-2.203125,469.676982,11.0457439,-4.537253955e-09,1.456134255e-08
1.546875,-2.109375,469.676982,12.13137638,-3.896412219e-09,2.29352794e-07
1.546875,-2.015625,469.676982,13.32371041,-3.146833282e-09,3.606906486e-07
1.546875,-1.921875,469.676982,14.63323316,-2.098031029e-09,3.91283113e-07
1.546875,-1.828125,469.676982,16.07146254,-1.334667507e-09,3.196909877e-07
1.546875,-1.734375,469.676982,17.65104849,-1.714180795e-09,1.765134002e-07
1.546875,-1.640625,469.676982,19.38588426,-2.369830241e-09,7.236660587e-09
1.546875,-1.546875,469.676982,21.29122862,-3.946880364e-09,-1.264709931e-07
1.546875,-1.453125,469.676982,23.38384001,-5.654873957e-09,-1.469746129e-07
1.546875,-1.359375,469.676982,25.68212401,-4.095423201e-09,9.671353707e-09
1.546875,-1.265625,469.676982,28.20629517,1.208465925e-09,2.660360206e-07
1.546875,-1.171875,469.676982,30.97855485,1.106872606e-08,-5.750939849e-07
1.546875,-1.078125,469.676982,34.02328646,2.634429868e-08,-6.214924833e-06
1.546875,-0.984375,469.676982,37.36726994,3.719436583e-08,-2.299305052e-05
1.546875,-0.890625,469.676982,41.03991731,5.55481059e-08,-3.917115637e-05
1.546875,-0.796875,469.676982,45.07353134,7.810004519e-08,0.0001379239828
1.546875,-0.703125,469.676982,49.50358969,4.871587307e-07,0.001110488473
1.546875,-0.609375,469.676982,54.36905695,1.28167268e-06,0.005353824395
1.546875,-0.515625,469.676982,59.71272734,4.681342626e-06,0.01711106241
1.546875,-0.421875,469.676982,65.58160113,9.523433594e-06,0.04760969862
1.546875,-0.328125,469.676982,72.027298,2.053678493e-05,0.1071424492
1.546875,-0.234375,469.676982,79.10651109,3.125356145e-05,0.213239241
1.546875,-0.140625,469.676982,86.88150563,4.233388151e-05,0.3636279607
1.546875,-0.046875,469.676982,95.4206666,5.247027232e-05,0.5444874392
1.546875,0.046875,469.676982,104.7991002,5.404896638e-05,0.7226252826
1.546875,0.140625,469.676982,115.0992945,7.128465596e-05,0.8526828021
1.546875,0.234375,469.676982,126.4118448,7.258198923e-05,0.933049778
1.546875,0.328125,469.676982,138.8362507,3.553091964e-06,0.9748578427
1.546875,0.421875,469.676982,152.4817911,-0.0002151064005,0.9926280399
1.546875,0.515625,469.676982,167.4684853,-0.0007026340988,1.000605842
1.546875,0.609375,469.676982,183.9281489,-0.001538226793,1.004573418
1.546875,0.703125,469.676982,202.0055528,-0.002660309817,1.007782298
1.546875,0.796875,469.676982,221.8596969,-0.003612019103,1.009983617
1.546875,0.890625,469.676982,243.6652083,-0.003171435246,1.009197103
1.546875,0.984375,469.676982,267.6138775,0.001137893301,1.001474245
1.546875,1.078125,469.676982,293.916345,0.01354561381,0.9810494428
1.546875,1.171875,469.676982,322.8039542,0.04040263382,0.9406344616
1.546875,1.265625,469.676982,354.5307861,0.09027429758,0.8721328845
1.546875,1.359375,469.676982,389.3758942,0.1734095652,0.7680030794
1.546875,1.453125,469.676982,427.6457586,0.2980182726,0.6255557671
1.546875,1.546875,469.676982,469.676982,0.4579243082,0.4579242745
1.546875,1.640625,469.676982,515.83925,0.6255552444,0.2980179084
1.546875,1.734375,469.676982,566.5385831,0.7680018699,0.1734089069
1.546875,1.828125,469.676982,622.2209072,0.8721313534,0.09027362688
1.546875,1.921875,469.676982,683.3759764,0.9406331834,0.04040232748
1.546875,2.015625,469.676982,750.5416801,0.9810490308,0.01354586439
1.546875,2.109375,469.676982,824.3087744,1.001474908,0.00113873645
1.546875,2.203125,469.676982,905.326078,1.00919835,-0.003169668086
1.546875,2.296875,469.676982,994.3061786,1.009995462,-0.003608160189
1.546875,2.390625,469.676982,1092.031701,1.007860675,-0.002648637453
1.546875,2.484375,469.676982,1199.36219,1.005143915,-0.001511934707
1.546875,2.578125,469.676982,1317.241671,1.002941091,-0.0006638907729
1.546875,2.671875,469.676982,1446.706953,1.001558227,-0.0001663618143
1.546875,2.765625,469.676982,1588.896749,1.000873415,-6.845381279e-05
1.546875,2.859375,469.676982,1745.061689,1.000626659,-8.932874043e-05
1.546875,2.953125,469.676982,1916.575322,1.000530246,-0.0007281815914
1.640625,-2.953125,515.83925,5.217639967,4.461594836e-10,-1.106824968e-07
1.640625,-2.859375,515.83925,5.730456443,1.266003247e-09,-2.279602534e-07
1.640625,-2.765625,515.83925,6.293675158,1.468570789e-09,-4.27749476e-07
1.640625,-2.671875,515.83925,6.912249904,1.259877014e-09,-6.066513819e-07
1.640625,-2.578125,515.83925,7.591621356,7.298123988e-10,-6.958836283e-07
1.640625,-2.484375,515.83925,8.337764926,3.545493871e-11,-6.450178344e-07
1.640625,-2.390625,515.83925,9.157243322,-6.297909684e-10,-4.845052589e-07
1.640625,-2.296875,515.83925,10.05726427,-9.369540851e-10,-2.407310491e-07
1.640625,-2.203125,515.83925,11.0457439,-8.451961497e-10,2.635237633e-08
1.640625,-2.109375,515.83925,12.13137638,-5.765622217e-10,2.572161673e-07
1.640625,-2.015625,515.83925,13.32371041,2.297423648e-10,3.959360871e-07
1.640625,-1.921875,515.83925,14.63323316,8.17994857e-10,4.185769429e-07
1.640625,-1.828125,515.83925,16.07146254,8.559054033e-10,3.233898806e-07
1.640625,-1.734375,515.83925,17.65104849,7.455000097e-10,1.656479939e-07
1.640625,-1.640625,515.83925,19.38588426,-5.843454574e-10,-2.677179531e-08
1.640625,-1.546875,515.83925,21.29122862,-2.300374121e-09,-1.665666161e-07
1.640625,-1.453125,515.83925,23.38384001,-3.11406698e-09,-1.595255404e-07
1.640625,-1.359375,515.83925,25.68212401,-3.851516874e-09,3.671571709e-08
1.640625,-1.265625,515.83925,28.20629517,-2.201289801e-09,3.627947797e-07
1.640625,-1.171875,515.83925,30.97855485,4.055669461e-09,-3.938793069e-07
1.640625,-1.078125,515.83925,34.02328646,1.215503615e-08,-6.00774178e-06
1.640625,-0.984375,515.83925,37.36726994,2.246297105e-08,-2.28629345e-05
1.640625,-0.890625,515.83925,41.03991731,6.623657951e-08,-3.926698786e-05
1.640625,-0.796875,515.83925,45.07353134,1.556173692e-07,0.0001370479485
1.640625,-0.703125,515.83925,49.50358969,6.64731375e-07,0.001108672705
1.640625,-0.609375,515.83925,54.36905695,1.555349647e-06,0.005349122487
1.640625,-0.515625,515.83925,59.71272734,4.757671533e-06,0.01710619257
1.640625,-0.421875,515.83925,65.58160113,9.006856186e-06,0.04760473968
1.640625,-0.328125,515.83925,72.027298,1.813691344e-05,0.1071456624
1.640625,-0.234375,515.83925,79.10651109,2.569246168e-05,0.2132584833
1.640625,-0.140625,515.83925,86.88150563,3.161875714e-05,0.3636697262
1.640625,-0.046875,515.83925,95.4206666,3.475898942e-05,0.5445647381
1.640625,0.046875,515.83925,104.7991002,3.059547571e-05,0.722733326
1.640625,0.140625,515.83925,115.0992945,4.789532753e-05,0.8527830969
1.640625,0.234375,515.83925,126.4118448,7.149242429e-05,0.9330556033
1.640625,0.328125,515.83925,138.8362507,7.399740835e-05,0.9746154171
1.640625,0.421875,515.83925,152.4817911,9.90779612e-06,0.9919126141
1.640625,0.515625,515.83925,167.4684853,-0.0002137169149,0.9991844248
1.640625,0.609375,515.83925,183.9281489,-0.0007004337625,1.002347157
1.640625,0.703125,515.83925,202.0055528,-0.001537977629,1.005051303
1.640625,0.796875,515.83925,221.8596969,-0.002660011825,1.007841279
1.640625,0.890625,515.83925,243.6652083,-0.003611965502,1.009989452
1.640625,0.984375,515.83925,267.6138775,-0.003171355987,1.009194411
1.640625,1.078125,515.83925,293.916345,0.00113796252,1.001473292
1.640625,1.171875,515.83925,322.8039542,0.01354566301,0.9810493508
1.640625,1.265625,515.83925,354.5307861,0.04040264217,0.9406345018
1.640625,1.359375,515.83925,389.3758942,0.09027423409,0.8721326949
1.640625,1.453125,515.83925,427.6457586,0.1734093676,0.7680025264
1.640625,1.546875,515.83925,469.676982,0.2980179008,0.6255552096
1.640625,1.640625,515.83925,515.83925,0.457923813,0.4579238226
1.640625,1.734375,515.83925,566.5385831,0.6255548247,0.2980175044
1.640625,1.828125,515.83925,622.2209072,0.7680020006,0.1734090984
1.640625,1.921875,515.83925,683.3759764,0.8721328974,0.09027484496
1.640625,2.015625,515.83925,750.5416801,0.9406373534,0.04040461485
1.640625,2.109375,515.83925,824.3087744,0.9810571151,0.01354906213
1.640625,2.203125,515.83925,905.326078,1.001487855,0.001142899121
1.640625,2.296875,515.83925,994.3061786,1.009216768,-0.003163761847
1.640625,2.390625,515.83925,1092.031701,1.010020849,-0.003595294506
1.640625,2.484375,515.83925,1199.36219,1.007897336,-0.002625360712
1.640625,2.578125,515.83925,1317.241671,1.00519633,-0.00148965731
1.640625,2.671875,515.83925,1446.706953,1.003018686,-0.0006352124142
1.640625,2.765625,515.83925,1588.896749,1.00163764,-0.0002900642616
1.640625,2.859375,515.83925,1745.061689,1.000928675,-0.0001572350287
1.640625,2.953125,515.83925,1916.575322,1.000598064,-0.0007833687246
1.734375,-2.953125,566.5385831,5.217639967,5.648105636e-10,2.197721733e-08
1.734375,-2.859375,566.5385831,5.730456443,1.580820998e-09,-1.661916787e-07
1.734375,-2.765625,566.5385831,6.293675158,2.121193157e-09,-4.056348128e-07
1.734375,-2.671875,566.5385831,6.912249904,2.307224583e-09,-6.170383176e-07
1.734375,-2.578125,566.5385831,7.591621356,2.258097442e-09,-7.160075486e-07
1.734375,-2.484375,566.5385831,8.337764926,2.091568458e-09,-6.721714403e-07
1.734375,-2.390625,566.5385831,9.157243322,1.971888803e-09,-4.998292251e-07
1.734375,-2.296875,566.5385831,10.05726427,1.971496102e-09,-2.407064726e-07
1.734375,-2.203125,566.5385831,11.0457439,2.130891051e-09,3.921578255e-08
1.734375,-2.109375,566.5385831,12.13137638,2.638374574e-09,2.816048677e-07
1.734375,-2.015625,566.5385831,13.32371041,2.940505787e-09,4.204982632e-07
1.734375,-1.921875,566.5385831,14.63323316,3.131762757e-09,4.275300565e-07
1.734375,-1.828125,566.5385831,16.07146254,3.161821619e-09,3.225609811e-07
1.734375,-1.734375,566.5385831,17.65104849,2.204302412e-09,1.385923245e-07
1.734375,-1.640625,566.5385831,19.38588426,1.253598903e-09,-5.968488217e-08
1.734375,-1.546875,566.5385831,21.29122862,2.994844652e-10,-1.975667137e-07
1.734375,-1.453125,566.5385831,23.38384001,-1.487440161e-09,-1.886103761e-07
1.734375,-1.359375,566.5385831,25.68212401,-1.952043527e-09,3.763155699e-08
1.734375,-1.265625,566.5385831,28.20629517,-1.377276559e-09,4.07343706e-07
1.734375,-1.171875,566.5385831,30.97855485,-1.841379234e-09,-3.217069197e-07
1.734375,-1.078125,566.5385831,34.02328646,-1.324798367e-09,-5.906113931e-06
1.734375,-0.984375,566.5385831,37.36726994,2.64249213e-09,-2.271227861e-05
1.734375,-0.890625,566.5385831,41.03991731,4.541343583e-08,-3.899603859e-05
1.734375,-0.796875,566.5385831,45.07353134,1.575170469e-07,0.0001370088204
1.734375,-0.703125,566.5385831,49.50358969,7.125718728e-07,0.001108580414
1.734375,-0.609375,566.5385831,54.36905695,1.649051851e-06,0.005345724933
1.734375,-0.515625,566.5385831,59.71272734,4.709886893e-06,0.01710245804
1.734375,-0.421875,566.5385831,65.58160113,8.675244806e-06,0.04759828448
1.734375,-0.328125,566.5385831,72.027298,1.679921726e-05,0.1071423204
1.734375,-0.234375,566.5385831,79.10651109,2.286784603e-05,0.2132635132
1.734375,-0.140625,566.5385831,86.88150563,2.606446144e-05,0.3636852789
1.734375,-0.046875,566.5385831,95.4206666,2.463286576e-05,0.5446075083
1.734375,0.046875,566.5385831,104.7991002,1.479930054e-05,0.7228126262
1.734375,0.140625,566.5385831,115.0992945,2.505676944e-05,0.8528898623
1.734375,0.234375,566.5385831,126.4118448,4.807846995e-05,0.9331542641
1.734375,0.328125,566.5385831,138.8362507,7.273052896e-05,0.9746233083
1.734375,0.421875,566.5385831,152.4817911,7.976262758e-05,0.9916698819
1.734375,0.515625,566.5385831,167.4684853,1.108370662e-05,0.9984686029
1.734375,0.609375,566.5385831,183.9281489,-0.0002117915369,1.000926115
1.734375,0.703125,566.5385831,202.0055528,-0.0007002488592,1.002824676
1.734375,0.796875,566.5385831,221.8596969,-0.001537762307,1.005110473
1.734375,0.890625,566.5385831,243.6652083,-0.00266002355,1.007847113
1.734375,0.984375,566.5385831,267.6138775,-0.003611970487,1.009986781
1.734375,1.078125,566.5385831,293.916345,-0.003171386049,1.009193426
1.734375,1.171875,566.5385831,322.8039542,0.001137899869,1.001473139
1.734375,1.265625,566.5385831,354.5307861,0.01354554471,0.9810493033
1.734375,1.359375,566.5385831,389.3758942,0.04040242732,0.9406341592
1.734375,1.453125,566.5385831,427.6457586,0.09027388414,0.8721319399
1.734375,1.546875,566.5385831,469.676982,0.1734089011,0.768001829
1.734375,1.640625,566.5385831,515.83925,0.2980174893,0.6255548316
1.734375,1.734375,566.5385831,566.5385831,0.4579239142,0.4579239347
1.734375,1.828125,566.5385831,622.2209072,0.6255563445,0.2980189798
1.734375,1.921875,566.5385831,683.3759764,0.7680063844,0.1734125963
1.734375,2.015625,566.5385831,750.5416801,0.8721418687,0.0902803283
1.734375,2.109375,566.5385831,824.3087744,0.9406522325,0.04041141377
1.734375,2.203125,566.5385831,905.326078,0.9810780403,0.01355649756
1.734375,2.296875,566.5385831,994.3061786,1.001513578,0.001151376745
1.734375,2.390625,566.5385831,1092.031701,1.009246139,-0.00314805135
1.734375,2.484375,566.5385831,1199.36219,1.010055251,-0.003567283954
1.734375,2.578125,566.5385831,1317.241671,1.00793839,-0.002598565225
1.734375,2.671875,566.5385831,1446.706953,1.005252129,-0.00144929655
1.734375,2.765625,566.5385831,1588.896749,1.003052789,-0.0007789102705
1.734375,2.859375,566.5385831,1745.061689,1.001618522,-0.0003799988301
1.734375,2.953125,566.5385831,1916.575322,1.000789432,-0.0009191475104
1.828125,-2.953125,622.2209072,5.217639967,6.876911186e-10,1.860608474e-07
1.828125,-2.859375,622.2209072,5.730456443,1.857268146e-09,-7.710910424e-08
1.828125,-2.765625,622.2209072,6.293675158,2.636607002e-09,-3.472575398e-07
1.828125,-2.671875,622.2209072,6.912249904,3.165587862e-09,-5.960688635e-07
1.828125,-2.578125,622.2209072,7.591621356,3.465968036e-09,-7.028031581e-07
1.828125,-2.484375,622.2209072,8.337764926,3.68533267e-09,-6.694101278e-07
1.828125,-2.390625,622.2209072,9.157243322,3.842311633e-09,-4.9353991e-07
1.828125,-2.296875,622.2209072,10.05726427,4.141900428e-09,-2.268474135e-07
1.828125,-2.203125,622.2209072,11.0457439,4.547653693e-09,5.790135592e-08
1.828125,-2.109375,622.2209072,12.13137638,4.782370033e-09,3.009510182e-07
1.828125,-2.015625,622.2209072,13.32371041,5.149882416e-09,4.342101991e-07
1.828125,-1.921875,622.2209072,14.63323316,5.147251197e-09,4.263028849e-07
1.828125,-1.828125,622.2209072,16.07146254,4.621529114e-09,3.093344916e-07
1.828125,-1.734375,622.2209072,17.65104849,4.399719718e-09,1.177648614e-07
1.828125,-1.640625,622.2209072,19.38588426,3.60149325e-09,-8.663478822e-08
1.828125,-1.546875,622.2209072,21.29122862,2.362493231e-09,-2.291355346e-07
1.828125,-1.453125,622.2209072,23.38384001,2.251222032e-09,-2.036123334e-07
1.828125,-1.359375,622.2209072,25.68212401,1.750504731e-09,3.101517473e-08
1.828125,-1.265625,622.2209072,28.20629517,-1.090892605e-14,3.895444388e-07
1.828125,-1.171875,622.2209072,30.97855485,-2.220420633e-09,-3.441266383e-07
1.828125,-1.078125,622.2209072,34.02328646,-8.055970244e-09,-5.945756357e-06
1.828125,-0.984375,622.2209072,37.36726994,-1.540595238e-08,-2.269772034e-05
1.828125,-0.890625,622.2209072,41.03991731,2.066626779e-08,-3.860333109e-05
1.828125,-0.796875,622.2209072,45.07353134,1.387392573e-07,0.0001374630858
1.828125,-0.703125,622.2209072,49.50358969,7.012962843e-07,0.001109828966
1.828125,-0.609375,622.2209072,54.36905695,1.627289717e-06,0.005343217936
1.828125,-0.515625,622.2209072,59.71272734,4.514417322e-06,0.01710037308
1.828125,-0.421875,622.2209072,65.58160113,8.232577495e-06,0.04759214455
1.828125,-0.328125,622.2209072,72.027298,1.569950816e-05,0.1071378208
1.828125,-0.234375,622.2209072,79.10651109,2.11875573e-05,0.2132635096
1.828125,-0.140625,622.2209072,86.88150563,2.327591378e-05,0.3636850744
1.828125,-0.046875,622.2209072,95.4206666,1.960430435e-05,0.5446236908
1.828125,0.046875,622.2209072,104.7991002,6.43850119e-06,0.7228584649
1.828125,0.140625,622.2209072,115.0992945,9.868858056e-06,0.8529681149
1.828125,0.234375,622.2209072,126.4118448,2.522945142e-05,0.933258327
1.828125,0.328125,622.2209072,138.8362507,4.916285286e-05,0.9747246765
1.828125,0.421875,622.2209072,152.4817911,7.80219154e-05,0.9916772821
1.828125,0.515625,622.2209072,167.4684853,8.080885418e-05,0.9982251711
1.828125,0.609375,622.2209072,183.9281489,1.281412208e-05,1.000211
1.828125,0.703125,622.2209072,202.0055528,-0.0002116128102,1.001403142
1.828125,0.796875,622.2209072,221.8596969,-0.0007000619765,1.00288407
1.828125,0.890625,622.2209072,243.6652083,-0.001537777559,1.005116262
1.828125,0.984375,622.2209072,267.6138775,-0.002660046027,1.007844436
1.828125,1.078125,622.2209072,293.916345,-0.003612018769,1.009985746
1.828125,1.171875,622.2209072,322.8039542,-0.00317146899,1.009193189
1.828125,1.265625,622.2209072,354.5307861,0.001137753447,1.001472968
1.828125,1.359375,622.2209072,389.3758942,0.01354531852,0.9810488017
1.828125,1.453125,622.2209072,427.6457586,0.04040213345,0.9406332644
1.828125,1.546875,622.2209072,469.676982,0.09027364361,0.872131302
1.828125,1.640625,622.2209072,515.83925,0.1734091061,0.7680019982
1.828125,1.734375,622.2209072,566.5385831,0.2980189788,0.6255563634
1.828125,1.828125,622.2209072,622.2209072,0.4579281378,0.4579281416
1.828125,1.921875,622.2209072,683.3759764,0.6255652454,0.2980266238
1.828125,2.015625,622.2209072,750.5416801,0.7680216929,0.1734230745
1.828125,2.109375,622.2209072,824.3087744,0.8721638812,0.0902916915
1.828125,2.203125,622.2209072,905.326078,0.940678381,0.04042130577
1.828125,2.296875,622.2209072,994.3061786,0.9811022715,0.0135642369
1.828125,2.390625,622.2209072,1092.031701,1.001528116,0.001164114614
1.828125,2.484375,622.2209072,1199.36219,1.009244878,-0.003123041555
1.828125,2.578125,622.2209072,1317.241671,1.010032717,-0.003545228702
1.828125,2.671875,622.2209072,1446.706953,1.007896704,-0.002555045247
1.828125,2.765625,622.2209072,1588.896749,1.005131088,-0.001637473957
1.828125,2.859375,622.2209072,1745.061689,1.002809961,-0.0008830923595
1.828125,2.953125,622.2209072,1916.575322,1.001161525,-0.001246030276
1.921875,-2.953125,683.3759764,5.217639967,6.871432513e-10,3.704723739e-07
1.921875,-2.859375,683.3759764,5.730456443,1.959445184e-09,4.665212287e-08
1.921875,-2.765625,683.3759764,6.293675158,2.917084166e-09,-2.640493351e-07
1.921875,-2.671875,683.3759764,6.912249904,3.623866294e-09,-5.417183843e-07
1.921875,-2.578125,683.3759764,7.591621356,4.143993022e-09,-6.679599652e-07
1.921875,-2.484375,683.3759764,8.337764926,4.479663167e-09,-6.459205373e-07
1.921875,-2.390625,683.3759764,9.157243322,4.831000118e-09,-4.717088668e-07
1.921875,-2.296875,683.3759764,10.05726427,5.130440693e-09,-2.058642998e-07
1.921875,-2.203125,683.3759764,11.0457439,5.426897457e-09,8.011561597e-08
1.921875,-2.109375,683.3759764,12.13137638,5.838937354e-09,3.15855846e-07
1.921875,-2.015625,683.3759764,13.32371041,5.781398617e-09,4.367554957e-07
1.921875,-1.921875,683.3759764,14.63323316,5.652336513e-09,4.210428852e-07
1.921875,-1.828125,683.3759764,16.07146254,5.666557339e-09,2.997290598e-07
1.921875,-1.734375,683.3759764,17.65104849,5.000786848e-09,1.002772973e-07
1.921875,-1.640625,683.3759764,19.38588426,4.560455842e-09,-1.058400231e-07
1.921875,-1.546875,683.3759764,21.29122862,4.782048098e-09,-2.352927928e-07
1.921875,-1.453125,683.3759764,23.38384001,4.207957799e-09,-2.131878387e-07
1.921875,-1.359375,683.3759764,25.68212401,3.73724294e-09,1.478666322e-08
1.921875,-1.265625,683.3759764,28.20629517,2.931975157e-09,3.488492956e-07
1.921875,-1.171875,683.3759764,30.97855485,-2.980249495e-09,-4.648611994e-07
1.921875,-1.078125,683.3759764,34.02328646,-1.552554514e-08,-6.158657012e-06
1.921875,-0.984375,683.3759764,37.36726994,-2.89187301e-08,-2.28340786e-05
1.921875,-0.890625,683.3759764,41.03991731,1.921215719e-09,-3.814382188e-05
1.921875,-0.796875,683.3759764,45.07353134,1.224013149e-07,0.0001382656795
1.921875,-0.703125,683.3759764,49.50358969,6.855815656e-07,0.001112210681
1.921875,-0.609375,683.3759764,54.36905695,1.567537534e-06,0.005340959187
1.921875,-0.515625,683.3759764,59.71272734,4.230598156e-06,0.01709955307
1.921875,-0.421875,683.3759764,65.58160113,7.633194748e-06,0.04758599903
1.921875,-0.328125,683.3759764,72.027298,1.451166963e-05,0.1071347248
1.921875,-0.234375,683.3759764,79.10651109,1.981285052e-05,0.2132646032
1.921875,-0.140625,683.3759764,86.88150563,2.166019179e-05,0.3636774202
1.921875,-0.046875,683.3759764,95.4206666,1.727305577e-05,0.5446237369
1.921875,0.046875,683.3759764,104.7991002,3.015316975e-06,0.722879189
1.921875,0.140625,683.3759764,115.0992945,2.110425012e-06,0.8530133161
1.921875,0.234375,683.3759764,126.4118448,1.005103501e-05,0.9333321991
1.921875,0.328125,683.3759764,138.8362507,2.615690427e-05,0.97483245
1.921875,0.421875,683.3759764,152.4817911,5.406741828e-05,0.9917781626
1.921875,0.515625,683.3759764,167.4684853,7.899730827e-05,0.9982313669
1.921875,0.609375,683.3759764,183.9281489,8.238325668e-05,0.9999686874
1.921875,0.703125,683.3759764,202.0055528,1.302101526e-05,1.000687376
1.921875,0.796875,683.3759764,221.8596969,-0.0002114141252,1.001462825
1.921875,0.890625,683.3759764,243.6652083,-0.0007000386034,1.002889782
1.921875,0.984375,683.3759764,267.6138775,-0.001537764313,1.005113572
1.921875,1.078125,683.3759764,293.916345,-0.002660061892,1.007843336
1.921875,1.171875,683.3759764,322.8039542,-0.003612081249,1.009985397
1.921875,1.265625,683.3759764,354.5307861,-0.00317159023,1.009192896
1.921875,1.359375,683.3759764,389.3758942,0.001137588838,1.00147237
1.921875,1.453125,683.3759764,427.6457586,0.01354519307,0.9810479501
1.921875,1.546875,683.3759764,469.676982,0.04040232732,0.9406331237
1.921875,1.640625,683.3759764,515.83925,0.0902748389,0.8721328845
1.921875,1.734375,683.3759764,566.5385831,0.1734125852,0.7680063997
1.921875,1.828125,683.3759764,622.2209072,0.298026611,0.6255652492
1.921875,1.921875,683.3759764,683.3759764,0.4579418414,0.4579418533
1.921875,2.015625,683.3759764,750.5416801,0.6255856746,0.298043005
1.921875,2.109375,683.3759764,824.3087744,0.7680460777,0.1734373897
1.921875,2.203125,683.3759764,905.326078,0.8721835496,0.09029815567
1.921875,2.296875,683.3759764,994.3061786,0.9406776297,0.04041688205
1.921875,2.390625,683.3759764,1092.031701,0.9810609167,0.01355709471
1.921875,2.484375,683.3759764,1199.36219,1.00142699,0.001165122614
1.921875,2.578125,683.3759764,1317.241671,1.009067386,-0.003129153195
1.921875,2.671875,683.3759764,1446.706953,1.009770461,-0.003522633125
1.921875,2.765625,683.3759764,1588.896749,1.007453227,-0.00283679022
1.921875,2.859375,683.3759764,1745.061689,1.004447704,-0.001786495106
1.921875,2.953125,683.3759764,1916.575322,1.001735996,-0.00193077892
2.015625,-2.953125,750.5416801,5.217639967,6.20842008e-10,5.531222968e-07
2.015625,-2.859375,750.5416801,5.730456443,1.764097849e-09,1.966698255e-07
2.015625,-2.765625,750.5416801,6.293675158,2.768018034e-09,-1.613469763e-07
2.015625,-2.671875,750.5416801,6.912249904,3.58558803e-09,-4.623247421e-07
2.015625,-2.578125,750.5416801,7.591621356,4.176260921e-09,-6.200490635e-07
2.015625,-2.484375,750.5416801,8.337764926,4.617290623e-09,-6.089911932e-07
2.015625,-2.390625,750.5416801,9.157243322,4.904866136e-09,-4.469800444e-07
2.015625,-2.296875,750.5416801,10.05726427,5.138708546e-09,-1.877714384e-07
2.015625,-2.203125,750.5416801,11.0457439,5.327098921e-09,9.532115746e-08
2.015625,-2.109375,750.5416801,12.13137638,5.208878867e-09,3.181334714e-07
2.015625,-2.015625,750.5416801,13.32371041,5.170810688e-09,4.304145443e-07
2.015625,-1.921875,750.5416801,14.63323316,4.9625542e-09,4.142577186e-07
2.015625,-1.828125,750.5416801,16.07146254,4.288864878e-09,2.809603146e-07
2.015625,-1.734375,750.5416801,17.65104849,4.134696959e-09,9.085522813e-08
2.015625,-1.640625,750.5416801,19.38588426,3.969596283e-09,-1.119333824e-07
2.015625,-1.546875,750.5416801,21.29122862,3.237337107e-09,-2.427527494e-07
2.015625,-1.453125,750.5416801,23.38384001,3.424880451e-09,-2.151265859e-07
2.015625,-1.359375,750.5416801,25.68212401,3.022055851e-09,-6.078215698e-09
2.015625,-1.265625,750.5416801,28.20629517,-9.078367708e-10,2.483326449e-07
2.015625,-1.171875,750.5416801,30.97855485,-9.576193947e-09,-6.994436323e-07
2.015625,-1.078125,750.5416801,34.02328646,-2.616766524e-08,-6.527397993e-06
2.015625,-0.984375,750.5416801,37.36726994,-4.587075985e-08,-2.310119911e-05
2.015625,-0.890625,750.5416801,41.03991731,-1.478608139e-08,-3.754073709e-05
2.015625,-0.796875,750.5416801,45.07353134,1.212371774e-07,0.0001395608553
2.015625,-0.703125,750.5416801,49.50358969,6.954752018e-07,0.001115822577
2.015625,-0.609375,750.5416801,54.36905695,1.523201646e-06,0.005338335974
2.015625,-0.515625,750.5416801,59.71272734,3.926434949e-06,0.01709926149
2.015625,-0.421875,750.5416801,65.58160113,6.900445451e-06,0.04757805056
2.015625,-0.328125,750.5416801,72.027298,1.313131927e-05,0.1071337611
2.015625,-0.234375,750.5416801,79.10651109,1.839112121e-05,0.2132705662
2.015625,-0.140625,750.5416801,86.88150563,2.037241857e-05,0.3636673186
2.015625,-0.046875,750.5416801,95.4206666,1.602220764e-05,0.544615756
2.015625,0.046875,750.5416801,104.7991002,2.097518381e-06,0.7228857031
2.015625,0.140625,750.5416801,115.0992945,-7.442610888e-07,0.8530343245
2.015625,0.234375,750.5416801,126.4118448,2.29693795e-06,0.9333704115
2.015625,0.328125,750.5416801,138.8362507,1.077288833e-05,0.9749113916
2.015625,0.421875,750.5416801,152.4817911,3.06943137e-05,0.9918857178
2.015625,0.515625,750.5416801,167.4684853,5.494769244e-05,0.9983301829
2.015625,0.609375,750.5416801,183.9281489,8.03725485e-05,0.9999765498
2.015625,0.703125,750.5416801,202.0055528,8.257427577e-05,1.000444237
2.015625,0.796875,750.5416801,221.8596969,1.319198613e-05,1.000747452
2.015625,0.890625,750.5416801,243.6652083,-0.0002113778228,1.001468454
2.015625,0.984375,750.5416801,267.6138775,-0.0007000160106,1.002887068
2.015625,1.078125,750.5416801,293.916345,-0.001537780129,1.005112375
2.015625,1.171875,750.5416801,322.8039542,-0.002660129051,1.007842856
2.015625,1.265625,750.5416801,354.5307861,-0.003612201473,1.009985002
2.015625,1.359375,750.5416801,389.3758942,-0.003171714448,1.009192306
2.015625,1.453125,750.5416801,427.6457586,0.001137628009,1.001471855
2.015625,1.546875,750.5416801,469.676982,0.01354585281,0.9810489642
2.015625,1.640625,750.5416801,515.83925,0.04040459935,0.9406373334
2.015625,1.734375,750.5416801,566.5385831,0.09028030848,0.8721418817
2.015625,1.828125,750.5416801,622.2209072,0.1734230561,0.7680216989
2.015625,1.921875,750.5416801,683.3759764,0.2980429885,0.6255856859
2.015625,2.015625,750.5416801,750.5416801,0.4579617993,0.4579618147
2.015625,2.109375,750.5416801,824.3087744,0.6256000882,0.298052284
2.015625,2.203125,750.5416801,905.326078,0.7680352994,0.1734239735
2.015625,2.296875,750.5416801,994.3061786,0.8721161612,0.09025501937
2.015625,2.390625,750.5416801,1092.031701,0.9405150386,0.04035414409
2.015625,2.484375,750.5416801,1199.36219,0.9807669253,0.01349266719
2.015625,2.578125,750.5416801,1317.241671,1.000973977,0.0010879751
2.015625,2.671875,750.5416801,1446.706953,1.008436252,-0.003172035638
2.015625,2.765625,750.5416801,1588.896749,1.008819245,-0.003978656823
2.015625,2.859375,750.5416801,1745.061689,1.006104724,-0.003082393833
2.015625,2.953125,750.5416801,1916.575322,1.002436853,-0.003161144805
2.109375,-2.953125,824.3087744,5.217639967,4.547696053e-10,7.079753746e-07
2.109375,-2.859375,824.3087744,5.730456443,1.292136777e-09,3.399537682e-07
2.109375,-2.765625,824.3087744,6.293675158,2.173805496e-09,-4.248903572e-08
2.109375,-2.671875,824.3087744,6.912249904,3.028638249e-09,-3.659887205e-07
2.109375,-2.578125,824.3087744,7.591621356,3.799873257e-09,-5.504690307e-07
2.109375,-2.484375,824.3087744,8.337764926,4.361749729e-09,-5.633756514e-07
2.109375,-2.390625,824.3087744,9.157243322,4.771328679e-09,-4.201648815e-07
2.109375,-2.296875,824.3087744,10.05726427,5.027507371e-09,-1.711737894e-07
2.109375,-2.203125,824.3087744,11.0457439,5.009230481e-09,9.037121713e-08
2.109375,-2.109375,824.3087744,12.13137638,4.96307336e-09,3.100074292e-07
2.109375,-2.015625,824.3087744,13.32371041,4.569490473e-09,4.11389546e-07
2.109375,-1.921875,824.3087744,14.63323316,3.973875549e-09,3.890242233e-07
2.109375,-1.828125,824.3087744,16.07146254,3.704801625e-09,2.625018291e-07
2.109375,-1.734375,824.3087744,17.65104849,2.928304482e-09,7.092387417e-08
2.109375,-1.640625,824.3087744,19.38588426,2.107302284e-09,-1.303873594e-07
2.109375,-1.546875,824.3087744,21.29122862,2.065044129e-09,-2.498607538e-07
2.109375,-1.453125,824.3087744,23.38384001,9.442613828e-10,-2.38296957e-07
2.109375,-1.359375,824.3087744,25.68212401,-1.785149512e-09,-8.338753818e-08
2.109375,-1.265625,824.3087744,28.20629517,-7.13539492e-09,6.03298228e-08
2.109375,-1.171875,824.3087744,30.97855485,-2.022064325e-08,-1.06899594e-06
2.109375,-1.078125,824.3087744,34.02328646,-4.283911131e-08,-7.067847642e-06
2.109375,-0.984375,824.3087744,37.36726994,-6.298549059e-08,-2.341571725e-05
2.109375,-0.890625,824.3087744,41.03991731,-1.960919931e-08,-3.65270977e-05
2.109375,-0.796875,824.3087744,45.07353134,1.512093749e-07,0.0001417691087
2.109375,-0.703125,824.3087744,49.50358969,7.658640156e-07,0.001121118525
2.109375,-0.609375,824.3087744,54.36905695,1.550084037e-06,0.005334887029
2.109375,-0.515625,824.3087744,59.71272734,3.663229592e-06,0.01709852362
2.109375,-0.421875,824.3087744,65.58160113,6.072823887e-06,0.04756520202
2.109375,-0.328125,824.3087744,72.027298,1.154564413e-05,0.1071347553
2.109375,-0.234375,824.3087744,79.10651109,1.681866042e-05,0.2132840164
2.109375,-0.140625,824.3087744,86.88150563,1.909217047e-05,0.363657194
2.109375,-0.046875,824.3087744,95.4206666,1.506364793e-05,0.5446044526
2.109375,0.046875,824.3087744,104.7991002,2.11935102e-06,0.7228864832
2.109375,0.140625,824.3087744,115.0992945,-1.06098591e-06,0.8530431294
2.109375,0.234375,824.3087744,126.4118448,-4.502250935e-07,0.9333805746
2.109375,0.328125,824.3087744,138.8362507,2.83944132e-06,0.9749562644
2.109375,0.421875,824.3087744,152.4817911,1.502293926e-05,0.9919650751
2.109375,0.515625,824.3087744,167.4684853,3.152931374e-05,0.9984342988
2.109375,0.609375,824.3087744,183.9281489,5.61364523e-05,1.000077746
2.109375,0.703125,824.3087744,202.0055528,8.055841107e-05,1.000451081
2.109375,0.796875,824.3087744,221.8596969,8.273760298e-05,1.00050487
2.109375,0.890625,824.3087744,243.6652083,1.326000068e-05,1.000752999
2.109375,0.984375,824.3087744,267.6138775,-0.0002113255945,1.0014657
2.109375,1.078125,824.3087744,293.916345,-0.0007000018603,1.00288575
2.109375,1.171875,824.3087744,322.8039542,-0.00153782015,1.005111746
2.109375,1.265625,824.3087744,354.5307861,-0.00266021631,1.00784238
2.109375,1.359375,824.3087744,389.3758942,-0.003612261182,1.009984538
2.109375,1.453125,824.3087744,427.6457586,-0.00317150197,1.009192483
2.109375,1.546875,824.3087744,469.676982,0.001138750451,1.001474833
2.109375,1.640625,824.3087744,515.83925,0.01354907018,0.9810570878
2.109375,1.734375,824.3087744,566.5385831,0.04041142099,0.9406522474
2.109375,1.828125,824.3087744,622.2209072,0.09029170051,0.8721638904
2.109375,1.921875,824.3087744,683.3759764,0.1734374017,0.7680460892
2.109375,2.015625,824.3087744,750.5416801,0.2980522959,0.6256001014
2.109375,2.109375,824.3087744,824.3087744,0.4579464745,0.4579464629
2.109375,2.203125,824.3087744,905.326078,0.6255242123,0.2979852629
2.109375,2.296875,824.3087744,994.3061786,0.7678464094,0.1732931841
2.109375,2.390625,824.3087744,1092.031701,0.8717543144,0.09007613662
2.109375,2.484375,824.3087744,1199.36219,0.9399301137,0.04016026589
2.109375,2.578125,824.3087744,1317.241671,0.9799322239,0.01328610593
2.109375,2.671875,824.3087744,1446.706953,0.9998730028,0.0009219078495
2.109375,2.765625,824.3087744,1588.896749,1.006887545,-0.003905799993
2.109375,2.859375,824.3087744,1745.061689,1.00673332,-0.004382903678
2.109375,2.953125,824.3087744,1916.575322,1.003006318,-0.005028244414
2.203125,-2.953125,905.326078,5.217639967,2.055361119e-10,7.990896374e-07
2.203125,-2.859375,905.326078,5.730456443,5.711740312e-10,4.457570656e-07
2.203125,-2.765625,905.326078,6.293675158,1.169577152e-09,7.231954135e-08
2.203125,-2.671875,905.326078,6.912249904,1.96342061e-09,-2.54591547e-07
2.203125,-2.578125,905.326078,7.591621356,2.821553792e-09,-4.534853918e-07
2.203125,-2.484375,905.326078,8.337764926,3.660610537e-09,-4.947994992e-07
2.203125,-2.390625,905.326078,9.157243322,4.322460313e-09,-3.753163639e-07
2.203125,-2.296875,905.326078,10.05726427,4.761805254e-09,-1.531443254e-07
2.203125,-2.203125,905.326078,11.0457439,4.993249263e-09,8.655269614e-08
2.203125,-2.109375,905.326078,12.13137638,4.797545126e-09,2.898904779e-07
2.203125,-2.015625,905.326078,13.32371041,4.563502037e-09,3.843806937e-07
2.203125,-1.921875,905.326078,14.63323316,4.246754018e-09,3.588669755e-07
2.203125,-1.828125,905.326078,16.07146254,3.495836098e-09,2.346460888e-07
2.203125,-1.734375,905.326078,17.65104849,3.153749991e-09,4.354703162e-08
2.203125,-1.640625,905.326078,19.38588426,2.932699868e-09,-1.487182388e-07
2.203125,-1.546875,905.326078,21.29122862,1.749044467e-09,-2.835748185e-07
2.203125,-1.453125,905.326078,23.38384001,3.230337053e-10,-3.035150462e-07
2.203125,-1.359375,905.326078,25.68212401,-2.683211745e-09,-2.194543571e-07
2.203125,-1.265625,905.326078,28.20629517,-1.110957905e-08,-2.398330549e-07
2.203125,-1.171875,905.326078,30.97855485,-2.666302893e-08,-1.585522101e-06
2.203125,-1.078125,905.326078,34.02328646,-4.826861516e-08,-7.688530508e-06
2.203125,-0.984375,905.326078,37.36726994,-5.947795915e-08,-2.353570339e-05
2.203125,-0.890625,905.326078,41.03991731,1.55623806e-08,-3.459668221e-05
2.203125,-0.796875,905.326078,45.07353134,2.566381874e-07,0.000145700162
2.203125,-0.703125,905.326078,49.50358969,9.550573222e-07,0.001128986795
2.203125,-0.609375,905.326078,54.36905695,1.719897365e-06,0.005330268467
2.203125,-0.515625,905.326078,59.71272734,3.512935951e-06,0.01709596979
2.203125,-0.421875,905.326078,65.58160113,5.174070802e-06,0.04754267659
2.203125,-0.328125,905.326078,72.027298,9.725025102e-06,0.1071370432
2.203125,-0.234375,905.326078,79.10651109,1.505682102e-05,0.2133075659
2.203125,-0.140625,905.326078,86.88150563,1.775916962e-05,0.3636485609
2.203125,-0.046875,905.326078,95.4206666,1.418756261e-05,0.5445921525
2.203125,0.046875,905.326078,104.7991002,2.409723275e-06,0.7228862602
2.203125,0.140625,905.326078,115.0992945,-2.661246712e-07,0.8530503808
2.203125,0.234375,905.326078,126.4118448,-3.440719448e-07,0.9333732118
2.203125,0.328125,905.326078,138.8362507,1.681561919e-07,0.9749747879
2.203125,0.421875,905.326078,152.4817911,7.132033399e-06,0.9920116738
2.203125,0.515625,905.326078,167.4684853,1.612785102e-05,0.9985081085
2.203125,0.609375,905.326078,183.9281489,3.280485711e-05,1.000185139
2.203125,0.703125,905.326078,202.0055528,5.659447702e-05,1.000551061
2.203125,0.796875,905.326078,221.8596969,8.099498565e-05,1.000512489
2.203125,0.890625,905.326078,243.6652083,8.312936916e-05,1.000510362
2.203125,0.984375,905.326078,267.6138775,1.36479796e-05,1.000750216
2.203125,1.078125,905.326078,293.916345,-0.0002109698071,1.001464248
2.203125,1.171875,905.326078,322.8039542,-0.0006996985472,1.002884959
2.203125,1.265625,905.326078,354.5307861,-0.001537565403,1.005111194
2.203125,1.359375,905.326078,389.3758942,-0.00265991557,1.00784215
2.203125,1.453125,905.326078,427.6457586,-0.003611578976,1.009985825
2.203125,1.546875,905.326078,469.676982,-0.003169672582,1.009198266
2.203125,1.640625,905.326078,515.83925,0.001142893297,1.001487826
2.203125,1.734375,905.326078,566.5385831,0.0135564923,0.9810780611
2.203125,1.828125,905.326078,622.2209072,0.04042130703,0.9406783982
2.203125,1.921875,905.326078,683.3759764,0.09029816175,0.8721835623
2.203125,2.015625,905.326078,750.5416801,0.1734239805,0.7680353103
2.203125,2.109375,905.326078,824.3087744,0.297985269,0.6255242
2.203125,2.203125,905.326078,905.326078,0.4577701411,0.4577701356
2.203125,2.296875,905.326078,994.3061786,0.6251641833,0.2976930329
2.203125,2.390625,905.326078,1092.031701,0.7672276939,0.1729163789
2.203125,2.484375,905.326078,1199.36219,0.8708321575,0.08968062079
2.203125,2.578125,905.326078,1317.241671,0.938714635,0.03977915696
2.203125,2.671875,905.326078,1446.706953,0.978452466,0.01296602487
2.203125,2.765625,905.326078,1588.896749,0.9979528081,-0.0001636962036
2.203125,2.859375,905.326078,1745.061689,1.004447102,-0.004494794823
2.203125,2.953125,905.326078,1916.575322,1.002919407,-0.00727408784
2.296875,-2.953125,994.3061786,5.217639967,-1.538566711e-11,8.075837831e-07
2.296875,-2.859375,994.3061786,5.730456443,-8.787788408e-11,4.86888769e-07
2.296875,-2.765625,994.3061786,6.293675158,1.345486168e-10,1.595168868e-07
2.296875,-2.671875,994.3061786,6.912249904,6.716994719e-10,-1.489076977e-07
2.296875,-2.578125,994.3061786,7.591621356,1.408943467e-09,-3.44312016e-07
2.296875,-2.484375,994.3061786,8.337764926,2.220800848e-09,-4.007576628e-07
2.296875,-2.390625,994.3061786,9.157243322,2.992116363e-09,-3.117105259e-07
2.296875,-2.296875,994.3061786,10.05726427,3.493106493e-09,-1.271841935e-07
2.296875,-2.203125,994.3061786,11.0457439,3.628989246e-09,8.52215449e-08
2.296875,-2.109375,994.3061786,12.13137638,3.558752531e-09,2.607477071e-07
2.296875,-2.015625,994.3061786,13.32371041,3.046134096e-09,3.49290349e-07
2.296875,-1.921875,994.3061786,14.63323316,2.379609552e-09,3.2098888e-07
2.296875,-1.828125,994.3061786,16.07146254,2.069478602e-09,2.053543739e-07
2.296875,-1.734375,994.3061786,17.65104849,1.42234029e-09,1.659953658e-08
2.296875,-1.640625,994.3061786,19.38588426,5.165039358e-10,-1.812687506e-07
2.296875,-1.546875,994.3061786,21.29122862,-3.304999286e-11,-3.321437938e-07
2.296875,-1.453125,994.3061786,23.38384001,-1.921118423e-09,-3.964183264e-07
2.296875,-1.359375,994.3061786,25.68212401,-6.55678531e-09,-4.234139746e-07
2.296875,-1.265625,994.3061786,28.20629517,-1.440447487e-08,-6.032025575e-07
2.296875,-1.171875,994.3061786,30.97855485,-2.764258889e-08,-2.12336668e-06
2.296875,-1.078125,994.3061786,34.02328646,-4.171641685e-08,-8.154863125e-06
2.296875,-0.984375,994.3061786,37.36726994,-2.734686263e-08,-2.297856412e-05
2.296875,-0.890625,994.3061786,41.03991731,1.079908818e-07,-3.086884521e-05
2.296875,-0.796875,994.3061786,45.07353134,4.614967826e-07,0.0001526487197
2.296875,-0.703125,994.3061786,49.50358969,1.29695167e-06,0.001140747352
2.296875,-0.609375,994.3061786,54.36905695,2.064241937e-06,0.005324064469
2.296875,-0.515625,994.3061786,59.71272734,3.456875013e-06,0.01708907371
2.296875,-0.421875,994.3061786,65.58160113,4.069381097e-06,0.04750273978
2.296875,-0.328125,994.3061786,72.027298,7.42083605e-06,0.1071391624
2.296875,-0.234375,994.3061786,79.10651109,1.281423993e-05,0.2133443438
2.296875,-0.140625,994.3061786,86.88150563,1.615220912e-05,0.3636440198
2.296875,-0.046875,994.3061786,95.4206666,1.328093313e-05,0.5445810056
2.296875,0.046875,994.3061786,104.7991002,2.677892065e-06,0.7228863118
2.296875,0.140625,994.3061786,115.0992945,8.688197141e-07,0.8530647198
2.296875,0.234375,994.3061786,126.4118448,1.239041924e-06,0.933357844
2.296875,0.328125,994.3061786,138.8362507,7.119162967e-07,0.9749775328
2.296875,0.421875,994.3061786,152.4817911,4.946903355e-06,0.9920343901
2.296875,0.515625,994.3061786,167.4684853,8.963522644e-06,0.9985460898
2.296875,0.609375,994.3061786,183.9281489,1.7895108e-05,1.000263353
2.296875,0.703125,994.3061786,202.0055528,3.394753646e-05,1.000657086
2.296875,0.796875,994.3061786,221.8596969,5.774814672e-05,1.000613614
2.296875,0.890625,994.3061786,243.6652083,8.219041885e-05,1.000518072
2.296875,0.984375,994.3061786,267.6138775,8.436520701e-05,1.000507644
2.296875,1.078125,994.3061786,293.916345,1.488737323e-05,1.000748686
2.296875,1.171875,994.3061786,322.8039542,-0.0002097575693,1.001463326
2.296875,1.265625,994.3061786,354.5307861,-0.0006985016108,1.002884393
2.296875,1.359375,994.3061786,389.3758942,-0.001536230959,1.005111458
2.296875,1.453125,994.3061786,427.6457586,-0.002657986091,1.007845194
2.296875,1.546875,994.3061786,469.676982,-0.00360817724,1.009995373
2.296875,1.640625,994.3061786,515.83925,-0.003163780415,1.009216741
2.296875,1.734375,994.3061786,566.5385831,0.001151362059,1.00151361
2.296875,1.828125,994.3061786,622.2209072,0.01356422702,0.9811022982
2.296875,1.921875,994.3061786,683.3759764,0.04041687609,0.9406776443
2.296875,2.015625,994.3061786,750.5416801,0.09025501186,0.8721161676
2.296875,2.109375,994.3061786,824.3087744,0.1732931747,0.7678463965
2.296875,2.203125,994.3061786,905.326078,0.2976930232,0.6251641792
2.296875,2.296875,994.3061786,994.3061786,0.4572291573,0.4572291673
2.296875,2.390625,994.3061786,1092.031701,0.6243077559,0.2970411989
2.296875,2.484375,994.3061786,1199.36219,0.7660626834,0.1722871061
2.296875,2.578125,994.3061786,1317.241671,0.8694811808,0.08917034236
2.296875,2.671875,994.3061786,1446.706953,0.9373511369,0.0394079717
2.296875,2.765625,994.3061786,1588.896749,0.9770303359,0.01162697426
2.296875,2.859375,994.3061786,1745.061689,0.9964471387,-0.0008131586086
2.296875,2.953125,994.3061786,1916.575322,1.001332876,-0.008859519899
2.390625,-2.953125,1092.031701,5.217639967,-6.182527624e-11,7.646269603e-07
2.390625,-2.859375,1092.031701,5.730456443,-1.980611369e-10,4.846191543e-07
2.390625,-2.765625,1092.031701,6.293675158,-1.289901459e-10,2.040017063e-07
2.390625,-2.671875,1092.031701,6.912249904,1.366688247e-10,-7.248538527e-08
2.390625,-2.578125,1092.031701,7.591621356,5.979098744e-10,-2.495613334e-07
2.390625,-2.484375,1092.031701,8.337764926,1.207238418e-09,-3.092432418e-07
2.390625,-2.390625,1092.031701,9.157243322,1.76129995e-09,-2.472312713e-07
2.390625,-2.296875,1092.031701,10.05726427,2.091203609e-09,-1.073678608e-07
2.390625,-2.203125,1092.031701,11.0457439,2.049598702e-09,6.593241701e-08
2.390625,-2.109375,1092.031701,12.13137638,1.427505376e-09,2.070763634e-07
2.390625,-2.015625,1092.031701,13.32371041,5.852266731e-10,2.834315153e-07
2.390625,-1.921875,1092.031701,14.63323316,-3.480614637e-10,2.635350398e-07
2.390625,-1.828125,1092.031701,16.07146254,-1.694205477e-09,1.487028972e-07
2.390625,-1.734375,1092.031701,17.65104849,-2.762460098e-09,-3.071540153e-08
2.390625,-1.640625,1092.031701,19.38588426,-3.654576591e-09,-2.298783844e-07
2.390625,-1.546875,1092.031701,21.29122862,-5.463751476e-09,-3.999395612e-07
2.390625,-1.453125,1092.031701,23.38384001,-7.695421166e-09,-5.1300226e-07
2.390625,-1.359375,1092.031701,25.68212401,-1.050057725e-08,-6.08796452e-07
2.390625,-1.265625,1092.031701,28.20629517,-1.539893406e-08,-8.8754193e-07
2.390625,-1.171875,1092.031701,30.97855485,-1.9948825e-08,-2.423593291e-06
2.390625,-1.078125,1092.031701,34.02328646,-1.149478964e-08,-7.977450524e-06
2.390625,-0.984375,1092.031701,37.36726994,5.136433347e-08,-2.088434593e-05
2.390625,-0.890625,1092.031701,41.03991731,2.84059767e-07,-2.396717177e-05
2.390625,-0.796875,1092.031701,45.07353134,8.03866339e-07,0.0001644628348
2.390625,-0.703125,1092.031701,49.50358969,1.826219038e-06,0.001158011167
2.390625,-0.609375,1092.031701,54.36905695,2.584185388e-06,0.005315131675
2.390625,-0.515625,1092.031701,59.71272734,3.396828234e-06,0.01707263003
2.390625,-0.421875,1092.031701,65.58160113,2.458837052e-06,0.04743240384
2.390625,-0.328125,1092.031701,72.027298,4.106094116e-06,0.107137331
2.390625,-0.234375,1092.031701,79.10651109,9.418727432e-06,0.2133973875
2.390625,-0.140625,1092.031701,86.88150563,1.370421297e-05,0.363649751
2.390625,-0.046875,1092.031701,95.4206666,1.213106524e-05,0.5445763108
2.390625,0.046875,1092.031701,104.7991002,2.825108559e-06,0.7228852922
2.390625,0.140625,1092.031701,115.0992945,2.075770259e-06,0.8530944109
2.390625,0.234375,1092.031701,126.4118448,3.859509415e-06,0.9333437288
2.390625,0.328125,1092.031701,138.8362507,3.628223517e-06,0.9749742346
2.390625,0.421875,1092.031701,152.4817911,7.062286501e-06,0.9920459137
2.390625,0.515625,1092.031701,167.4684853,8.719510863e-06,0.998556118
2.390625,0.609375,1092.031701,183.9281489,1.246587993e-05,1.000307336
2.390625,0.703125,1092.031701,202.0055528,2.108560128e-05,1.000734194
2.390625,0.796875,1092.031701,221.8596969,3.734172342e-05,1.000721694
2.390625,0.890625,1092.031701,243.6652083,6.14489096e-05,1.000619916
2.390625,0.984375,1092.031701,267.6138775,8.616663107e-05,1.00051595
2.390625,1.078125,1092.031701,293.916345,8.858471277e-05,1.000506506
2.390625,1.171875,1092.031701,322.8039542,1.934964464e-05,1.000748124
2.390625,1.265625,1092.031701,354.5307861,-0.0002049595055,1.001463408
2.390625,1.359375,1092.031701,389.3758942,-0.0006930475107,1.00288623
2.390625,1.453125,1092.031701,427.6457586,-0.001529393726,1.005117954
2.390625,1.546875,1092.031701,469.676982,-0.002648626406,1.007860581
2.390625,1.640625,1092.031701,515.83925,-0.003595282803,1.010020827
2.390625,1.734375,1092.031701,566.5385831,-0.003148039153,1.009246179
2.390625,1.828125,1092.031701,622.2209072,0.001164128696,1.001528148
2.390625,1.921875,1092.031701,683.3759764,0.01355710701,0.9810609267
2.390625,2.015625,1092.031701,750.5416801,0.04035415155,0.9405150369
2.390625,2.109375,1092.031701,824.3087744,0.09007613867,0.8717542977
2.390625,2.203125,1092.031701,905.326078,0.1729163807,0.7672276916
2.390625,2.296875,1092.031701,994.3061786,0.2970412009,0.6243077667
2.390625,2.390625,1092.031701,1092.031701,0.4562897587,0.4562897572
2.390625,2.484375,1092.031701,1199.36219,0.6232211794,0.296284549
2.390625,2.578125,1092.031701,1317.241671,0.7651965536,0.1719351712
2.390625,2.671875,1092.031701,1446.706953,0.869346464,0.08920438025
2.390625,2.765625,1092.031701,1588.896749,0.9382983012,0.03838943976
2.390625,2.859375,1092.031701,1745.061689,0.9791643426,0.01141636229
2.390625,2.953125,1092.031701,1916.575322,0.9970945146,-0.007333971314
2.484375,-2.953125,1199.36219,5.217639967,8.50967391e-11,7.464365748e-07
2.484375,-2.859375,1199.36219,5.730456443,2.676003294e-10,5.044002353e-07
2.484375,-2.765625,1199.36219,6.293675158,5.142138458e-10,2.34141882e-07
2.484375,-2.671875,1199.36219,6.912249904,8.280813652e-10,-1.144340717e-08
2.484375,-2.578125,1199.36219,7.591621356,1.292049991e-09,-1.692439829e-07
2.484375,-2.484375,1199.36219,8.337764926,1.887100984e-09,-2.189979036e-07
2.484375,-2.390625,1199.36219,9.157243322,2.600607886e-09,-1.74346774e-07
2.484375,-2.296875,1199.36219,10.05726427,3.255267389e-09,-6.911749209e-08
2.484375,-2.203125,1199.36219,11.0457439,3.662649735e-09,5.759610582e-08
2.484375,-2.109375,1199.36219,12.13137638,3.98204949e-09,1.750646048e-07
2.484375,-2.015625,1199.36219,13.32371041,4.1590738e-09,2.458248969e-07
2.484375,-1.921875,1199.36219,14.63323316,4.477174266e-09,2.421260432e-07
2.484375,-1.828125,1199.36219,16.07146254,5.680677538e-09,1.554296704e-07
2.484375,-1.734375,1199.36219,17.65104849,7.550953133e-09,1.309630759e-08
2.484375,-1.640625,1199.36219,19.38588426,1.037411481e-08,-1.600100046e-07
2.484375,-1.546875,1199.36219,21.29122862,1.53973112e-08,-2.933087783e-07
2.484375,-1.453125,1199.36219,23.38384001,2.253568639e-08,-3.725689343e-07
2.484375,-1.359375,1199.36219,25.68212401,3.246954148e-08,-4.220834713e-07
2.484375,-1.265625,1199.36219,28.20629517,4.842524033e-08,-6.041132637e-07
2.484375,-1.171875,1199.36219,30.97855485,7.730409789e-08,-1.758710721e-06
2.484375,-1.078125,1199.36219,34.02328646,1.402410947e-07,-6.123311051e-06
2.484375,-0.984375,1199.36219,37.36726994,2.960421178e-07,-1.579422264e-05
2.484375,-0.890625,1199.36219,41.03991731,6.809329488e-07,-1.19174649e-05
2.484375,-0.796875,1199.36219,45.07353134,1.421879203e-06,0.0001833568782
2.484375,-0.703125,1199.36219,49.50358969,2.657493415e-06,0.001181994394
2.484375,-0.609375,1199.36219,54.36905695,3.318785288e-06,0.005300154806
2.484375,-0.515625,1199.36219,59.71272734,3.173124835e-06,0.01703570051
2.484375,-0.421875,1199.36219,65.58160113,-1.889038746e-07,0.04730883486
2.484375,-0.328125,1199.36219,72.027298,-1.232886709e-06,0.1071209627
2.484375,-0.234375,1199.36219,79.10651109,3.372588251e-06,0.2134658518
2.484375,-0.140625,1199.36219,86.88150563,8.857405339e-06,0.3636779014
2.484375,-0.046875,1199.36219,95.4206666,9.675477807e-06,0.5445908298
2.484375,0.046875,1199.36219,104.7991002,1.971353188e-06,0.7228786482
2.484375,0.140625,1199.36219,115.0992945,2.268765796e-06,0.8531485589
2.484375,0.234375,1199.36219,126.4118448,6.474434688e-06,0.9333430011
2.484375,0.328125,1199.36219,138.8362507,7.815681677e-06,0.9749740893
2.484375,0.421875,1199.36219,152.4817911,1.184536184e-05,0.9920586466
2.484375,0.515625,1199.36219,167.4684853,1.303618394e-05,0.9985491133
2.484375,0.609375,1199.36219,183.9281489,1.400492615e-05,1.00032497
2.484375,0.703125,1199.36219,202.0055528,1.761855917e-05,1.000777501
2.484375,0.796875,1199.36219,221.8596969,2.655581986e-05,1.000802178
2.484375,0.890625,1199.36219,243.6652083,4.333354446e-05,1.000729794
2.484375,0.984375,1199.36219,267.6138775,6.793552302e-05,1.000619426
2.484375,1.078125,1199.36219,293.916345,9.317518539e-05,1.000516317
2.484375,1.171875,1199.36219,322.8039542,9.622670303e-05,1.000507664
2.484375,1.265625,1199.36219,354.5307861,2.792250103e-05,1.000750729
2.484375,1.359375,1199.36219,389.3758942,-0.0001947896849,1.001469583
2.484375,1.453125,1199.36219,427.6457586,-0.0006800688827,1.002900044
2.484375,1.546875,1199.36219,469.676982,-0.001511943729,1.005143827
2.484375,1.640625,1199.36219,515.83925,-0.002625366289,1.007897322
2.484375,1.734375,1199.36219,566.5385831,-0.003567287051,1.010055298
2.484375,1.828125,1199.36219,622.2209072,-0.003123044239,1.009244911
2.484375,1.921875,1199.36219,683.3759764,0.001165119848,1.001426994
2.484375,2.015625,1199.36219,750.5416801,0.01349266088,0.9807669141
2.484375,2.109375,1199.36219,824.3087744,0.04016025908,0.9399300966
2.484375,2.203125,1199.36219,905.326078,0.08968061536,0.8708321572
2.484375,2.296875,1199.36219,994.3061786,0.1722871046,0.7660626963
2.484375,2.390625,1199.36219,1092.031701,0.2962845492,0.6232211785
2.484375,2.484375,1199.36219,1199.36219,0.455795554,0.4557955532
2.484375,2.578125,1199.36219,1317.241671,0.6238029993,0.2968557491
2.484375,2.671875,1199.36219,1446.706953,0.768036604,0.173558407
2.484375,2.765625,1199.36219,1588.896749,0.8756740456,0.09009099288
2.484375,2.859375,1199.36219,1745.061689,0.948471036,0.03987372298
2.484375,2.953125,1199.36219,1916.575322,0.9887581774,0.002015186516
2.578125,-2.953125,1317.241671,5.217639967,-1.660693942e-11,7.480970413e-07
2.578125,-2.859375,1317.241671,5.730456443,-2.940131986e-11,5.260019966e-07
2.578125,-2.765625,1317.241671,6.293675158,-2.238146529e-11,2.47240441e-07
2.578125,-2.671875,1317.241671,6.912249904,-1.068865105e-10,1.006603104e-08
2.578125,-2.578125,1317.241671,7.591621356,-2.085890928e-10,-1.301719723e-07
2.578125,-2.484375,1317.241671,8.337764926,-2.087917418e-10,-1.622404363e-07
2.578125,-2.390625,1317.241671,9.157243322,-1.76443493e-10,-1.228271381e-07
2.578125,-2.296875,1317.241671,10.05726427,-2.078055194e-10,-3.9871223e-08
2.578125,-2.203125,1317.241671,11.0457439,-4.921437909e-10,4.108605644e-08
2.578125,-2.109375,1317.241671,12.13137638,-1.257280184e-09,1.384235143e-07
2.578125,-2.015625,1317.241671,13.32371041,-2.325613433e-09,1.910316356e-07
2.578125,-1.921875,1317.241671,14.63323316,-3.694963927e-09,2.012286943e-07
2.578125,-1.828125,1317.241671,16.07146254,-5.571807114e-09,1.409106477e-07
2.578125,-1.734375,1317.241671,17.65104849,-7.610014158e-09,1.748269826e-08
2.578125,-1.640625,1317.241671,19.38588426,-9.766529523e-09,-1.148230062e-07
2.578125,-1.546875,1317.241671,21.29122862,-1.283808603e-08,-2.137440058e-07
2.578125,-1.453125,1317.241671,23.38384001,-1.637550039e-08,-2.403405373e-07
2.578125,-1.359375,1317.241671,25.68212401,-1.920913993e-08,-1.733838162e-07
2.578125,-1.265625,1317.241671,28.20629517,-1.911909969e-08,-7.806868543e-08
2.578125,-1.171875,1317.241671,30.97855485,-7.142409796e-09,-5.086147929e-07
2.578125,-1.078125,1317.241671,34.02328646,4.272143048e-08,-2.968931652e-06
2.578125,-0.984375,1317.241671,37.36726994,1.967242754e-07,-8.07960408e-06
2.578125,-0.890625,1317.241671,41.03991731,6.000010083e-07,4.799771442e-06
2.578125,-0.796875,1317.241671,45.07353134,1.366538953e-06,0.0002081476245
2.578125,-0.703125,1317.241671,49.50358969,2.49680512e-06,0.001208774214
2.578125,-0.609375,1317.241671,54.36905695,2.487811797e-06,0.005267336781
2.578125,-0.515625,1317.241671,59.71272734,2.953271462e-07,0.01695281354
2.578125,-0.421875,1317.241671,65.58160113,-7.356309355e-06,0.04708842205
2.578125,-0.328125,1317.241671,72.027298,-1.33448502e-05,0.1070604229
2.578125,-0.234375,1317.241671,79.10651109,-1.147115828e-05,0.2135337657
2.578125,-0.140625,1317.241671,86.88150563,-5.14911237e-06,0.3637486707
2.578125,-0.046875,1317.241671,95.4206666,-2.99837188e-07,0.5446516605
2.578125,0.046875,1317.241671,104.7991002,-5.874429563e-06,0.7228565067
2.578125,0.140625,1317.241671,115.0992945,-4.831290005e-06,0.8532382132
2.578125,0.234375,1317.241671,126.4118448,3.256414845e-06,0.9333778385
2.578125,0.328125,1317.241671,138.8362507,8.285235113e-06,0.9749914873
2.578125,0.421875,1317.241671,152.4817911,1.469750119e-05,0.9920869366
2.578125,0.515625,1317.241671,167.4684853,1.714913088e-05,0.9985360457
2.578125,0.609375,1317.241671,183.9281489,1.724336758e-05,1.000327131
2.578125,0.703125,1317.241671,202.0055528,1.824694605e-05,1.000794891
2.578125,0.796875,1317.241671,221.8596969,2.224143143e-05,1.000850159
2.578125,0.890625,1317.241671,243.6652083,3.176778362e-05,1.000812886
2.578125,0.984375,1317.241671,267.6138775,4.898564635e-05,1.000731474
2.578125,1.078125,1317.241671,293.916345,7.395255925e-05,1.000621752
2.578125,1.171875,1317.241671,322.8039542,9.959682368e-05,1.000519838
2.578125,1.265625,1317.241671,354.5307861,0.0001033455735,1.000514017
2.578125,1.359375,1317.241671,389.3758942,3.649840564e-05,1.000763515
2.578125,1.453125,1317.241671,427.6457586,-0.0001833522198,1.001494293
2.578125,1.546875,1317.241671,469.676982,-0.0006638931651,1.002941017
2.578125,1.640625,1317.241671,515.83925,-0.001489655401,1.005196327
2.578125,1.734375,1317.241671,566.5385831,-0.002598562265,1.00793844
2.578125,1.828125,1317.241671,622.2209072,-0.003545226645,1.010032747
2.578125,1.921875,1317.241671,683.3759764,-0.003129152724,1.009067384
2.578125,2.015625,1317.241671,750.5416801,0.001087977229,1.000973963
2.578125,2.109375,1317.241671,824.3087744,0.01328610907,0.979932209
2.578125,2.203125,1317.241671,905.326078,0.03977916341,0.9387146412
2.578125,2.296875,1317.241671,994.3061786,0.08917035027,0.8694811959
2.578125,2.390625,1317.241671,1092.031701,0.1719351805,0.765196553
2.578125,2.484375,1317.241671,1199.36219,0.2968557552,0.6238029936
2.578125,2.578125,1317.241671,1317.241671,0.4588048275,0.4588048218
2.578125,2.671875,1317.241671,1446.706953,0.6315922875,0.3024877944
2.578125,2.765625,1317.241671,1588.896749,0.7834360652,0.1797058063
2.578125,2.859375,1317.241671,1745.061689,0.8995362532,0.09586213651
2.578125,2.953125,1317.241671,1916.575322,0.9744056701,0.02741402358
2.671875,-2.953125,1446.706953,5.217639967,-1.635330715e-10,6.971242623e-07
2.671875,-2.859375,1446.706953,5.730456443,-3.660470528e-10,5.032786704e-07
2.671875,-2.765625,1446.706953,6.293675158,-5.033043775e-10,2.209612567e-07
2.671875,-2.671875,1446.706953,6.912249904,-6.610023446e-10,-2.091354198e-08
2.671875,-2.578125,1446.706953,7.591621356,-7.645014879e-10,-1.406697022e-07
2.671875,-2.484375,1446.706953,8.337764926,-8.111826458e-10,-1.550447675e-07
2.671875,-2.390625,1446.706953,9.157243322,-7.177710102e-10,-1.046440519e-07
2.671875,-2.296875,1446.706953,10.05726427,-5.888852617e-10,-4.151876674e-08
2.671875,-2.203125,1446.706953,11.0457439,-4.454802134e-10,2.202736702e-08
2.671875,-2.109375,1446.706953,12.13137638,-1.981761748e-10,9.140773837e-08
2.671875,-2.015625,1446.706953,13.32371041,1.462703668e-10,1.530502024e-07
2.671875,-1.921875,1446.706953,14.63323316,9.534082433e-10,1.782294068e-07
2.671875,-1.828125,1446.706953,16.07146254,2.907899123e-09,1.670739137e-07
2.671875,-1.734375,1446.706953,17.65104849,6.602998656e-09,1.22780949e-07
2.671875,-1.640625,1446.706953,19.38588426,1.311332468e-08,9.663981576e-08
2.671875,-1.546875,1446.706953,21.29122862,2.467549877e-08,1.438762457e-07
2.671875,-1.453125,1446.706953,23.38384001,4.386152203e-08,3.581834822e-07
2.671875,-1.359375,1446.706953,25.68212401,7.504867992e-08,8.03482125e-07
2.671875,-1.265625,1446.706953,28.20629517,1.271350336e-07,1.585059089e-06
2.671875,-1.171875,1446.706953,30.97855485,2.16713808e-07,2.504270179e-06
2.671875,-1.078125,1446.706953,34.02328646,3.794498243e-07,2.913552917e-06
2.671875,-0.984375,1446.706953,37.36726994,6.920343607e-07,3.752977986e-06
2.671875,-0.890625,1446.706953,41.03991731,1.297892426e-06,2.724910908e-05
2.671875,-0.796875,1446.706953,45.07353134,2.261876089e-06,0.0002380735422
2.671875,-0.703125,1446.706953,49.50358969,3.359338275e-06,0.001232166658
2.671875,-0.609375,1446.706953,54.36905695,2.46735845e-06,0.005197415935
2.671875,-0.515625,1446.706953,59.71272734,-2.660842633e-06,0.0167810886
2.671875,-0.421875,1446.706953,65.58160113,-1.661093083e-05,0.04669853517
2.671875,-0.328125,1446.706953,72.027298,-3.06048038e-05,0.1068899268
2.671875,-0.234375,1446.706953,79.10651109,-3.500394379e-05,0.2135492488
2.671875,-0.140625,1446.706953,86.88150563,-2.882556031e-05,0.3638909741
2.671875,-0.046875,1446.706953,95.4206666,-1.732928553e-05,0.5448067593
2.671875,0.046875,1446.706953,104.7991002,-2.028156517e-05,0.7227899793
2.671875,0.140625,1446.706953,115.0992945,-2.031021991e-05,0.8533645506
2.671875,0.234375,1446.706953,126.4118448,-7.483309893e-06,0.9334809462
2.671875,0.328125,1446.706953,138.8362507,3.666118321e-06,0.9750475758
2.671875,0.421875,1446.706953,152.4817911,1.422499526e-05,0.9921462401
2.671875,0.515625,1446.706953,167.4684853,1.898791036e-05,0.9985237946
2.671875,0.609375,1446.706953,183.9281489,1.879997999e-05,1.000318852
2.671875,0.703125,1446.706953,202.0055528,1.800323069e-05,1.000792315
2.671875,0.796875,1446.706953,221.8596969,1.850986165e-05,1.000869327
2.671875,0.890625,1446.706953,243.6652083,2.236301134e-05,1.000860542
2.671875,0.984375,1446.706953,267.6138775,3.165623737e-05,1.000813926
2.671875,1.078125,1446.706953,293.916345,4.870762532e-05,1.000733379
2.671875,1.171875,1446.706953,322.8039542,7.382787124e-05,1.000626138
2.671875,1.265625,1446.706953,354.5307861,0.0001004178481,1.000529958
2.671875,1.359375,1446.706953,389.3758942,0.000106684527,1.000535687
2.671875,1.453125,1446.706953,427.6457586,4.494721674e-05,1.000804178
2.671875,1.546875,1446.706953,469.676982,-0.0001663607571,1.001558169
2.671875,1.640625,1446.706953,515.83925,-0.0006352074512,1.003018692
2.671875,1.734375,1446.706953,566.5385831,-0.001449292795,1.005252176
2.671875,1.828125,1446.706953,622.2209072,-0.002555044194,1.00789673
2.671875,1.921875,1446.706953,683.3759764,-0.003522632299,1.009770457
2.671875,2.015625,1446.706953,750.5416801,-0.003172033713,1.00843624
2.671875,2.109375,1446.706953,824.3087744,0.0009219161712,0.9998729968
2.671875,2.203125,1446.706953,905.326078,0.01296603645,0.9784524755
2.671875,2.296875,1446.706953,994.3061786,0.03940798474,0.9373511546
2.671875,2.390625,1446.706953,1092.031701,0.08920439168,0.8693464641
2.671875,2.484375,1446.706953,1199.36219,0.1735584152,0.7680365954
2.671875,2.578125,1446.706953,1317.241671,0.302487798,0.6315922781
2.671875,2.671875,1446.706953,1446.706953,0.472466485,0.4724664793
2.671875,2.765625,1446.706953,1588.896749,0.6585525294,0.3197077446
2.671875,2.859375,1446.706953,1745.061689,0.8257659649,0.1945595808
2.671875,2.953125,1446.706953,1916.575322,0.9508522382,0.08298609758
2.765625,-2.953125,1588.896749,5.217639967,-2.654211183e-10,5.863975303e-07
2.765625,-2.859375,1588.896749,5.730456443,-6.218038578e-10,4.369389574e-07
2.765625,-2.765625,1588.896749,6.293675158,-7.58176432e-10,1.815229648e-07
2.765625,-2.671875,1588.896749,6.912249904,-7.623778378e-10,-2.53250099e-08
2.765625,-2.578125,1588.896749,7.591621356,-6.327337983e-10,-1.255886311e-07
2.765625,-2.484375,1588.896749,8.337764926,-4.174460856e-10,-1.31529669e-07
2.765625,-2.390625,1588.896749,9.157243322,-2.246481847e-10,-7.830937208e-08
2.765625,-2.296875,1588.896749,10.05726427,-1.211773546e-10,-3.726676442e-08
2.765625,-2.203125,1588.896749,11.0457439,-1.752483499e-10,1.900077274e-08
2.765625,-2.109375,1588.896749,12.13137638,-5.985962697e-10,5.751673265e-08
2.765625,-2.015625,1588.896749,13.32371041,-1.446982458e-09,1.112372782e-07
2.765625,-1.921875,1588.896749,14.63323316,-2.865808398e-09,1.388511083e-07
2.765625,-1.828125,1588.896749,16.07146254,-5.269793055e-09,1.457325298e-07
2.765625,-1.734375,1588.896749,17.65104849,-8.918558241e-09,1.301703683e-07
2.765625,-1.640625,1588.896749,19.38588426,-1.469256484e-08,1.286647136e-07
2.765625,-1.546875,1588.896749,21.29122862,-2.463185199e-08,2.034454044e-07
2.765625,-1.453125,1588.896749,23.38384001,-4.15704599e-08,4.136276425e-07
2.765625,-1.359375,1588.896749,25.68212401,-6.99076301e-08,8.725185553e-07
2.765625,-1.265625,1588.896749,28.20629517,-1.166771506e-07,1.736727617e-06
2.765625,-1.171875,1588.896749,30.97855485,-1.902991542e-07,3.046230409e-06
2.765625,-1.078125,1588.896749,34.02328646,-2.963327453e-07,4.799706445e-06
2.765625,-0.984375,1588.896749,37.36726994,-4.265755415e-07,9.168658167e-06
2.765625,-0.890625,1588.896749,41.03991731,-5.527642052e-07,3.905723744e-05
2.765625,-0.796875,1588.896749,45.07353134,-8.195065321e-07,0.0002477452013
2.765625,-0.703125,1588.896749,49.50358969,-1.910834697e-06,0.001211826792
2.765625,-0.609375,1588.896749,54.36905695,-6.925239802e-06,0.005024036356
2.765625,-0.515625,1588.896749,59.71272734,-1.993417636e-05,0.01641108575
2.765625,-0.421875,1588.896749,65.58160113,-4.756256074e-05,0.04597704503
2.765625,-0.328125,1588.896749,72.027298,-7.986527467e-05,0.1064289641
2.765625,-0.234375,1588.896749,79.10651109,-0.00010280588,0.2133473516
2.765625,-0.140625,1588.896749,86.88150563,-0.0001042361859,0.3641209417
2.765625,-0.046875,1588.896749,95.4206666,-8.591098663e-05,0.5451287826
2.765625,0.046875,1588.896749,104.7991002,-8.843986017e-05,0.7226082671
2.765625,0.140625,1588.896749,115.0992945,-9.535167631e-05,0.8535039213
2.765625,0.234375,1588.896749,126.4118448,-7.835784555e-05,0.9337084728
2.765625,0.328125,1588.896749,138.8362507,-5.731854371e-05,0.9751895484
2.765625,0.421875,1588.896749,152.4817911,-3.924910714e-05,0.992268013
2.765625,0.515625,1588.896749,167.4684853,-3.04419341e-05,0.9985236269
2.765625,0.609375,1588.896749,183.9281489,-3.100979519e-05,1.000300053
2.765625,0.703125,1588.896749,202.0055528,-3.499636977e-05,1.000766379
2.765625,0.796875,1588.896749,221.8596969,-3.993365393e-05,1.000855591
2.765625,0.890625,1588.896749,243.6652083,-4.398939977e-05,1.000864822
2.765625,0.984375,1588.896749,267.6138775,-4.57655965e-05,1.000845107
2.765625,1.078125,1588.896749,293.916345,-4.308154248e-05,1.000798845
2.765625,1.171875,1588.896749,322.8039542,-3.345524203e-05,1.000721891
2.765625,1.265625,1588.896749,354.5307861,-1.626223835e-05,1.000623603
2.765625,1.359375,1588.896749,389.3758942,2.354058213e-06,1.000544626
2.765625,1.453125,1588.896749,427.6457586,9.794955272e-07,1.000576472
2.765625,1.546875,1588.896749,469.676982,-6.845422773e-05,1.000873376
2.765625,1.640625,1588.896749,515.83925,-0.000290062529,1.001637649
2.765625,1.734375,1588.896749,566.5385831,-0.0007789106441,1.003052827
2.765625,1.828125,1588.896749,622.2209072,-0.001637477719,1.005131107
2.765625,1.921875,1588.896749,683.3759764,-0.002836794375,1.007453225
2.765625,2.015625,1588.896749,750.5416801,-0.003978657007,1.008819241
2.765625,2.109375,1588.896749,824.3087744,-0.00390579606,1.006887549
2.765625,2.203125,1588.896749,905.326078,-0.0001636879877,0.9979528222
2.765625,2.296875,1588.896749,994.3061786,0.01162698055,0.9770303488
2.765625,2.390625,1588.896749,1092.031701,0.03838944672,0.9382982996
2.765625,2.484375,1588.896749,1199.36219,0.09009099819,0.8756740358
2.765625,2.578125,1588.896749,1317.241671,0.1797058076,0.7834360588
2.765625,2.671875,1588.896749,1446.706953,0.3197077459,0.658552527
2.765625,2.765625,1588.896749,1588.896749,0.5087560468,0.5087560475
2.765625,2.859375,1588.896749,1745.061689,0.719104089,0.3520393147
2.765625,2.953125,1588.896749,1916.575322,0.9124087725,0.1936512714
2.859375,-2.953125,1745.061689,5.217639967,-4.825284585e-10,3.768023224e-07
2.859375,-2.859375,1745.061689,5.730456443,-1.365723806e-09,2.9132921e-07
2.859375,-2.765625,1745.061689,6.293675158,-1.939619762e-09,1.109251004e-07
2.859375,-2.671875,1745.061689,6.912249904,-2.194265359e-09,-3.884171424e-08
2.859375,-2.578125,1745.061689,7.591621356,-2.19448011e-09,-1.019198764e-07
2.859375,-2.484375,1745.061689,8.337764926,-2.062647826e-09,-9.571753129e-08
2.859375,-2.390625,1745.061689,9.157243322,-1.98497422e-09,-6.75368389e-08
2.859375,-2.296875,1745.061689,10.05726427,-1.964289375e-09,-2.972071581e-08
2.859375,-2.203125,1745.061689,11.0457439,-2.031313733e-09,-1.08141484e-08
2.859375,-2.109375,1745.061689,12.13137638,-2.11399541e-09,9.323498428e-09
2.859375,-2.015625,1745.061689,13.32371041,-2.283340361e-09,2.137491093e-08
2.859375,-1.921875,1745.061689,14.63323316,-2.530221283e-09,2.539307085e-08
2.859375,-1.828125,1745.061689,16.07146254,-2.518168216e-09,-2.21535335e-09
2.859375,-1.734375,1745.061689,17.65104849,-2.134372726e-09,-4.761500625e-08
2.859375,-1.640625,1745.061689,19.38588426,-1.004874629e-09,-1.144182628e-07
2.859375,-1.546875,1745.061689,21.29122862,1.480050822e-09,-1.62940686e-07
2.859375,-1.453125,1745.061689,23.38384001,6.07961403e-09,-1.352218724e-07
2.859375,-1.359375,1745.061689,25.68212401,1.422405587e-08,5.705572791e-08
2.859375,-1.265625,1745.061689,28.20629517,2.898392264e-08,5.820594633e-07
2.859375,-1.171875,1745.061689,30.97855485,5.804791231e-08,1.695350013e-06
2.859375,-1.078125,1745.061689,34.02328646,1.211182818e-07,3.9073346e-06
2.859375,-0.984375,1745.061689,37.36726994,2.63111433e-07,1.040592092e-05
2.859375,-0.890625,1745.061689,41.03991731,5.52944154e-07,4.384195159e-05
2.859375,-0.796875,1745.061689,45.07353134,8.547187456e-07,0.0002418515963
2.859375,-0.703125,1745.061689,49.50358969,2.84076916e-07,0.001149861475
2.859375,-0.609375,1745.061689,54.36905695,-5.052126223e-06,0.004734532449
2.859375,-0.515625,1745.061689,59.71272734,-2.138157835e-05,0.01578565277
2.859375,-0.421875,1745.061689,65.58160113,-5.869181331e-05,0.04478677264
2.859375,-0.328125,1745.061689,72.027298,-0.0001089277513,0.1054449631
2.859375,-0.234375,1745.061689,79.10651109,-0.0001547547828,0.2126702112
2.859375,-0.140625,1745.061689,86.88150563,-0.0001626706315,0.3645025893
2.859375,-0.046875,1745.061689,95.4206666,-0.0001268667569,0.5457620718
2.859375,0.046875,1745.061689,104.7991002,-0.0001274662416,0.7221358474
2.859375,0.140625,1745.061689,115.0992945,-0.000152885207,0.8535067368
2.859375,0.234375,1745.061689,126.4118448,-0.0001391496442,0.9340771119
2.859375,0.328125,1745.061689,138.8362507,-0.0001079229223,0.9754524401
2.859375,0.421875,1745.061689,152.4817911,-8.063708145e-05,0.9924722276
2.859375,0.515625,1745.061689,167.4684853,-6.666991328e-05,0.9985321665
2.859375,0.609375,1745.061689,183.9281489,-6.737479404e-05,1.000251712
2.859375,0.703125,1745.061689,202.0055528,-7.473375078e-05,1.000693479
2.859375,0.796875,1745.061689,221.8596969,-8.488039938e-05,1.000786517
2.859375,0.890625,1745.061689,243.6652083,-9.556576226e-05,1.000805448
2.859375,0.984375,1745.061689,267.6138775,-0.0001058424771,1.000802635
2.859375,1.078125,1745.061689,293.916345,-0.0001142628737,1.000783232
2.859375,1.171875,1745.061689,322.8039542,-0.0001183898066,1.000742449
2.859375,1.265625,1745.061689,354.5307861,-0.0001152061748,1.000678841
2.859375,1.359375,1745.061689,389.3758942,-0.0001032504413,1.000604907
2.859375,1.453125,1745.061689,427.6457586,-8.767810312e-05,1.000560606
2.859375,1.546875,1745.061689,469.676982,-8.932247964e-05,1.000626637
2.859375,1.640625,1745.061689,515.83925,-0.0001572278643,1.000928682
2.859375,1.734375,1745.061689,566.5385831,-0.0003799964668,1.001618544
2.859375,1.828125,1745.061689,622.2209072,-0.0008830945004,1.002809971
2.859375,1.921875,1745.061689,683.3759764,-0.001786498284,1.004447701
2.859375,2.015625,1745.061689,750.5416801,-0.003082395561,1.006104724
2.859375,2.109375,1745.061689,824.3087744,-0.004382903935,1.006733328
2.859375,2.203125,1745.061689,905.326078,-0.004494795409,1.004447117
2.859375,2.296875,1745.061689,994.3061786,-0.0008131620453,0.9964471511
2.859375,2.390625,1745.061689,1092.031701,0.01141635537,0.9791643402
2.859375,2.484375,1745.061689,1199.36219,0.03987372003,0.9484710276
2.859375,2.578125,1745.061689,1317.241671,0.09586213421,0.8995362453
2.859375,2.671875,1745.061689,1446.706953,0.1945595769,0.8257659626
2.859375,2.765625,1745.061689,1588.896749,0.3520393136,0.7191040885
2.859375,2.859375,1745.061689,1745.061689,0.5728919592,0.5728919613
2.859375,2.953125,1745.061689,1916.575322,0.8497019166,0.4037571613
2.953125,-2.953125,1916.575322,5.217639967,-2.928942567e-10,1.100478518e-07
2.953125,-2.859375,1916.575322,5.730456443,-8.811384418e-10,8.061823514e-08
2.953125,-2.765625,1916.575322,6.293675158,-1.1998329e-09,3.492733512e-08
2.953125,-2.671875,1916.575322,6.912249904,-1.174103944e-09,-4.337327909e-09
2.953125,-2.578125,1916.575322,7.591621356,-9.510548544e-10,-2.6624579e-08
2.953125,-2.484375,1916.575322,8.337764926,-6.626149429e-10,-3.040163623e-08
2.953125,-2.390625,1916.575322,9.157243322,-3.98135912e-10,-2.945486096e-08
2.953125,-2.296875,1916.575322,10.05726427,-2.361343154e-10,-1.560258576e-08
2.953125,-2.203125,1916.575322,11.0457439,-1.661617996e-10,-1.698265258e-08
2.953125,-2.109375,1916.575322,12.13137638,-1.872359835e-10,-1.373653574e-09
2.953125,-2.015625,1916.575322,13.32371041,-2.736426327e-10,-7.409797991e-09
2.953125,-1.921875,1916.575322,14.63323316,-3.983562219e-10,1.552879688e-09
2.953125,-1.828125,1916.575322,16.07146254,-5.797521776e-10,-1.685036605e-09
2.953125,-1.734375,1916.575322,17.65104849,-6.35497653e-10,-1.274505984e-08
2.953125,-1.640625,1916.575322,19.38588426,-4.727723545e-10,-2.055570426e-08
2.953125,-1.546875,1916.575322,21.29122862,-2.728246447e-10,-1.041366528e-08
2.953125,-1.453125,1916.575322,23.38384001,-8.634589236e-10,5.128297614e-08
2.953125,-1.359375,1916.575322,25.68212401,-4.465200897e-09,2.245151672e-07
2.953125,-1.265625,1916.575322,28.20629517,-1.634677891e-08,6.245432683e-07
2.953125,-1.171875,1916.575322,30.97855485,-4.818326585e-08,1.474908463e-06
2.953125,-1.078125,1916.575322,34.02328646,-1.23740667e-07,3.340049351e-06
2.953125,-0.984375,1916.575322,37.36726994,-2.938956175e-07,9.21733862e-06
2.953125,-0.890625,1916.575322,41.03991731,-7.001685376e-07,3.852623954e-05
2.953125,-0.796875,1916.575322,45.07353134,-1.948201407e-06,0.0002043408561
2.953125,-0.703125,1916.575322,49.50358969,-6.044188676e-06,0.0009982527735
2.953125,-0.609375,1916.575322,54.36905695,-1.943332826e-05,0.00420834185
2.953125,-0.515625,1916.575322,59.71272734,-5.375571046e-05,0.01463415387
2.953125,-0.421875,1916.575322,65.58160113,-0.0001271782221,0.04261778997
2.953125,-0.328125,1916.575322,72.027298,-0.0002387455041,0.103139678
2.953125,-0.234375,1916.575322,79.10651109,-0.0003624940558,0.2107206112
2.953125,-0.140625,1916.575322,86.88150563,-0.0004185512256,0.364925969
2.953125,-0.046875,1916.575322,95.4206666,-0.0003815351914,0.546865212
2.953125,0.046875,1916.575322,104.7991002,-0.0003940949231,0.7210889266
2.953125,0.140625,1916.575322,115.0992945,-0.0004580830298,0.8531555987
2.953125,0.234375,1916.575322,126.4118448,-0.0004538908345,0.9346894391
2.953125,0.328125,1916.575322,138.8362507,-0.0004045631164,0.9759867932
2.953125,0.421875,1916.575322,152.4817911,-0.0003595159328,0.9928607721
2.953125,0.515625,1916.575322,167.4684853,-0.0003372714858,0.9985865119
2.953125,0.609375,1916.575322,183.9281489,-0.0003420628698,1.000158693
2.953125,0.703125,1916.575322,202.0055528,-0.0003634825934,1.000528316
2.953125,0.796875,1916.575322,221.8596969,-0.0003950255262,1.000602182
2.953125,0.890625,1916.575322,243.6652083,-0.0004328182344,1.00061716
2.953125,0.984375,1916.575322,267.6138775,-0.0004754402126,1.000619383
2.953125,1.078125,1916.575322,293.916345,-0.0005217998657,1.000615328
2.953125,1.171875,1916.575322,322.8039542,-0.0005701155975,1.00060372
2.953125,1.265625,1916.575322,354.5307861,-0.0006173734541,1.000582964
2.953125,1.359375,1916.575322,389.3758942,-0.000659732893,1.000554894
2.953125,1.453125,1916.575322,427.6457586,-0.0006949157873,1.00052948
2.953125,1.546875,1916.575322,469.676982,-0.000728175346,1.000530236
2.953125,1.640625,1916.575322,515.83925,-0.0007833618912,1.000598065
2.953125,1.734375,1916.575322,566.5385831,-0.0009191430547,1.000789439
2.953125,1.828125,1916.575322,622.2209072,-0.001246029119,1.00116153
2.953125,1.921875,1916.575322,683.3759764,-0.001930777564,1.001735998
2.953125,2.015625,1916.575322,750.5416801,-0.003161143525,1.002436856
2.953125,2.109375,1916.575322,824.3087744,-0.005028245549,1.003006324
2.953125,2.203125,1916.575322,905.326078,-0.007274095743,1.002919412
2.953125,2.296875,1916.575322,994.3061786,-0.008859533498,1.001332879
2.953125,2.390625,1916.575322,1092.031701,-0.007333986406,0.997094513
2.953125,2.484375,1916.575322,1199.36219,0.002015172513,0.9887581718
2.953125,2.578125,1916.575322,1317.241671,0.02741402026,0.9744056678
2.953125,2.671875,1916.575322,1446.706953,0.08298609216,0.9508522377
2.953125,2.765625,1916.575322,1588.896749,0.1936512731,0.9124087743
2.953125,2.859375,1916.575322,1745.061689,0.4037571633,0.8497019189
2.953125,2.953125,1916.575322,1916.575322,0.7688046319,0.7688046321
