# Asian Greeks: Rogers-Shi reduction z=(K-A/T)/S, z0=K/S0=1.0
# delta_reduced_dz = -dU/dz  (reduced-coordinate sensitivity)
# delta_Asian_financial = U(z0) - z0*U_z(z0)  (financial Delta, Sec. 3.2)
sigma,z,u,delta_reduced_dz,delta_Asian_financial,note
0.05,-1.9900000000,1.9952863000,0.0000000000,0.8508199525,Delta_Asian=U-z0*Uz;z0=K/S0=1.0;S0=K=100;r=0.09
0.05,-1.9800000000,1.9952863000,0.0000000000,0.8508199525,Delta_Asian=U-z0*Uz;z0=K/S0=1.0;S0=K=100;r=0.09
0.05,-1.9700000000,1.9952863000,0.0000000000,0.8508199525,Delta_Asian=U-z0*Uz;z0=K/S0=1.0;S0=K=100;r=0.09
0.05,-1.9600000000,1.9952863000,0.0000000000,0.8508199525,Delta_Asian=U-z0*Uz;z0=K/S0=1.0;S0=K=100;r=0.09
0.05,-1.9500000000,1.9952863000,0.0000000000,0.8508199525,Delta_Asian=U-z0*Uz;z0=K/S0=1.0;S0=K=100;r=0.09
0.05,-1.9400000000,1.9952863000,0.0000000000,0.8508199525,Delta_Asian=U-z0*Uz;z0=K/S0=1.0;S0=K=100;r=0.09
0.05,-1.9300000000,1.9952863000,0.0000000000,0.8508199525,Delta_Asian=U-z0*Uz;z0=K/S0=1.0;S0=K=100;r=0.09
0.05,-1.9200000000,1.9952863000,-0.0000000000,0.8508199525,Delta_Asian=U-z0*Uz;z0=K/S0=1.0;S0=K=100;r=0.09
0.05,-1.9100000000,1.9952863000,-0.0000000000,0.8508199525,Delta_Asian=U-z0*Uz;z0=K/S0=1.0;S0=K=100;r=0.09
0.05,-1.9000000000,1.9952863000,0.0000000000,0.8508199525,Delta_Asian=U-z0*Uz;z0=K/S0=1.0;S0=K=100;r=0.09
0.05,-1.8900000000,1.9952863000,0.0000000000,0.8508199525,Delta_Asian=U-z0*Uz;z0=K/S0=1.0;S0=K=100;r=0.09
0.05,-1.8800000000,1.9952863000,0.0000000000,0.8508199525,Delta_Asian=U-z0*Uz;z0=K/S0=1.0;S0=K=100;r=0.09
0.05,-1.8700000000,1.9952863000,0.0000000000,0.8508199525,Delta_Asian=U-z0*Uz;z0=K/S0=1.0;S0=K=100;r=0.09
0.05,-1.8600000000,1.9952863000,0.0000000000,0.8508199525,Delta_Asian=U-z0*Uz;z0=K/S0=1.0;S0=K=100;r=0.09
0.05,-1.8500000000,1.9952863000,0.0000000000,0.8508199525,Delta_Asian=U-z0*Uz;z0=K/S0=1.0;S0=K=100;r=0.09
0.05,-1.8400000000,1.9952863000,0.0000000000,0.8508199525,Delta_Asian=U-z0*Uz;z0=K/S0=1.0;S0=K=100;r=0.09
0.05,-1.8300000000,1.9952863000,0.0000000000,0.8508199525,Delta_Asian=U-z0*Uz;z0=K/S0=1.0;S0=K=100;r=0.09
0.05,-1.8200000000,1.9952863000,0.0000000000,0.8508199525,Delta_Asian=U-z0*Uz;z0=K/S0=1.0;S0=K=100;r=0.09
0.05,-1.8100000000,1.9952863000,0.0000000000,0.8508199525,Delta_Asian=U-z0*Uz;z0=K/S0=1.0;S0=K=100;r=0.09
0.05,-1.8000000000,1.9952863000,0.0000000000,0.8508199525,Delta_Asian=U-z0*Uz;z0=K/S0=1.0;S0=K=100;r=0.09
0.05,-1.7900000000,1.9952863000,0.0000000000,0.8508199525,Delta_Asian=U-z0*Uz;z0=K/S0=1.0;S0=K=100;r=0.09
0.05,-1.7800000000,1.9952863000,0.0000000000,0.8508199525,Delta_Asian=U-z0*Uz;z0=K/S0=1.0;S0=K=100;r=0.09
0.05,-1.7700000000,1.9952863000,0.0000000000,0.8508199525,Delta_Asian=U-z0*Uz;z0=K/S0=1.0;S0=K=100;r=0.09
0.05,-1.7600000000,1.9952863000,0.0000000000,0.8508199525,Delta_Asian=U-z0*Uz;z0=K/S0=1.0;S0=K=100;r=0.09
0.05,-1.7500000000,1.9952863000,0.0000000001,0.8508199525,Delta_Asian=U-z0*Uz;z0=K/S0=1.0;S0=K=100;r=0.09
0.05,-1.7400000000,1.9952863000,0.0000000002,0.8508199525,Delta_Asian=U-z0*Uz;z0=K/S0=1.0;S0=K=100;r=0.09
0.05,-1.7300000000,1.9952863000,0.0000000003,0.8508199525,Delta_Asian=U-z0*Uz;z0=K/S0=1.0;S0=K=100;r=0.09
0.05,-1.7200000000,1.9952863000,0.0000000006,0.8508199525,Delta_Asian=U-z0*Uz;z0=K/S0=1.0;S0=K=100;r=0.09
0.05,-1.7100000000,1.9952863000,0.0000000010,0.8508199525,Delta_Asian=U-z0*Uz;z0=K/S0=1.0;S0=K=100;r=0.09
0.05,-1.7000000000,1.9952863000,0.0000000018,0.8508199525,Delta_Asian=U-z0*Uz;z0=K/S0=1.0;S0=K=100;r=0.09
0.05,-1.6900000000,1.9952863000,0.0000000033,0.8508199525,Delta_Asian=U-z0*Uz;z0=K/S0=1.0;S0=K=100;r=0.09
0.05,-1.6800000000,1.9952863000,0.0000000058,0.8508199525,Delta_Asian=U-z0*Uz;z0=K/S0=1.0;S0=K=100;r=0.09
0.05,-1.6700000000,1.9952863000,0.0000000102,0.8508199525,Delta_Asian=U-z0*Uz;z0=K/S0=1.0;S0=K=100;r=0.09
0.05,-1.6600000000,1.9952863000,0.0000000177,0.8508199525,Delta_Asian=U-z0*Uz;z0=K/S0=1.0;S0=K=100;r=0.09
0.05,-1.6500000000,1.9952863000,0.0000000305,0.8508199525,Delta_Asian=U-z0*Uz;z0=K/S0=1.0;S0=K=100;r=0.09
0.05,-1.6400000000,1.9952862990,0.0000000521,0.8508199525,Delta_Asian=U-z0*Uz;z0=K/S0=1.0;S0=K=100;r=0.09
0.05,-1.6300000000,1.9952862990,0.0000000883,0.8508199525,Delta_Asian=U-z0*Uz;z0=K/S0=1.0;S0=K=100;r=0.09
0.05,-1.6200000000,1.9952862980,0.0000001484,0.8508199525,Delta_Asian=U-z0*Uz;z0=K/S0=1.0;S0=K=100;r=0.09
0.05,-1.6100000000,1.9952862960,0.0000002474,0.8508199525,Delta_Asian=U-z0*Uz;z0=K/S0=1.0;S0=K=100;r=0.09
0.05,-1.6000000000,1.9952862930,0.0000004091,0.8508199525,Delta_Asian=U-z0*Uz;z0=K/S0=1.0;S0=K=100;r=0.09
0.05,-1.5900000000,1.9952862880,0.0000006709,0.8508199525,Delta_Asian=U-z0*Uz;z0=K/S0=1.0;S0=K=100;r=0.09
0.05,-1.5800000000,1.9952862790,0.0000010914,0.8508199525,Delta_Asian=U-z0*Uz;z0=K/S0=1.0;S0=K=100;r=0.09
0.05,-1.5700000000,1.9952862660,0.0000017609,0.8508199525,Delta_Asian=U-z0*Uz;z0=K/S0=1.0;S0=K=100;r=0.09
0.05,-1.5600000000,1.9952862440,0.0000028180,0.8508199525,Delta_Asian=U-z0*Uz;z0=K/S0=1.0;S0=K=100;r=0.09
0.05,-1.5500000000,1.9952862090,0.0000044729,0.8508199525,Delta_Asian=U-z0*Uz;z0=K/S0=1.0;S0=K=100;r=0.09
0.05,-1.5400000000,1.9952861550,0.0000070416,0.8508199525,Delta_Asian=U-z0*Uz;z0=K/S0=1.0;S0=K=100;r=0.09
0.05,-1.5300000000,1.9952860690,0.0000109946,0.8508199525,Delta_Asian=U-z0*Uz;z0=K/S0=1.0;S0=K=100;r=0.09
0.05,-1.5200000000,1.9952859350,0.0000170258,0.8508199525,Delta_Asian=U-z0*Uz;z0=K/S0=1.0;S0=K=100;r=0.09
0.05,-1.5100000000,1.9952857280,0.0000261480,0.8508199525,Delta_Asian=U-z0*Uz;z0=K/S0=1.0;S0=K=100;r=0.09
0.05,-1.5000000000,1.9952854120,0.0000398258,0.8508199525,Delta_Asian=U-z0*Uz;z0=K/S0=1.0;S0=K=100;r=0.09
0.05,-1.4900000000,1.9952849320,0.0000601546,0.8508199525,Delta_Asian=U-z0*Uz;z0=K/S0=1.0;S0=K=100;r=0.09
0.05,-1.4800000000,1.9952842090,0.0000901029,0.8508199525,Delta_Asian=U-z0*Uz;z0=K/S0=1.0;S0=K=100;r=0.09
0.05,-1.4700000000,1.9952831290,0.0001338310,0.8508199525,Delta_Asian=U-z0*Uz;z0=K/S0=1.0;S0=K=100;r=0.09
0.05,-1.4600000000,1.9952815320,0.0001971088,0.8508199525,Delta_Asian=U-z0*Uz;z0=K/S0=1.0;S0=K=100;r=0.09
0.05,-1.4500000000,1.9952791870,0.0002878521,0.8508199525,Delta_Asian=U-z0*Uz;z0=K/S0=1.0;S0=K=100;r=0.09
0.05,-1.4400000000,1.9952757750,0.0004168004,0.8508199525,Delta_Asian=U-z0*Uz;z0=K/S0=1.0;S0=K=100;r=0.09
0.05,-1.4300000000,1.9952708510,0.0005983605,0.8508199525,Delta_Asian=U-z0*Uz;z0=K/S0=1.0;S0=K=100;r=0.09
0.05,-1.4200000000,1.9952638080,0.0008516365,0.8508199525,Delta_Asian=U-z0*Uz;z0=K/S0=1.0;S0=K=100;r=0.09
0.05,-1.4100000000,1.9952538190,0.0012016615,0.8508199525,Delta_Asian=U-z0*Uz;z0=K/S0=1.0;S0=K=100;r=0.09
0.05,-1.4000000000,1.9952397750,0.0016808397,0.8508199525,Delta_Asian=U-z0*Uz;z0=K/S0=1.0;S0=K=100;r=0.09
0.05,-1.3900000000,1.9952202020,0.0023305916,0.8508199525,Delta_Asian=U-z0*Uz;z0=K/S0=1.0;S0=K=100;r=0.09
0.05,-1.3800000000,1.9951931630,0.0032031796,0.8508199525,Delta_Asian=U-z0*Uz;z0=K/S0=1.0;S0=K=100;r=0.09
0.05,-1.3700000000,1.9951561380,0.0043636634,0.8508199525,Delta_Asian=U-z0*Uz;z0=K/S0=1.0;S0=K=100;r=0.09
0.05,-1.3600000000,1.9951058890,0.0058919065,0.8508199525,Delta_Asian=U-z0*Uz;z0=K/S0=1.0;S0=K=100;r=0.09
0.05,-1.3500000000,1.9950383000,0.0078845216,0.8508199525,Delta_Asian=U-z0*Uz;z0=K/S0=1.0;S0=K=100;r=0.09
0.05,-1.3400000000,1.9949481990,0.0104566015,0.8508199525,Delta_Asian=U-z0*Uz;z0=K/S0=1.0;S0=K=100;r=0.09
0.05,-1.3300000000,1.9948291680,0.0137430484,0.8508199525,Delta_Asian=U-z0*Uz;z0=K/S0=1.0;S0=K=100;r=0.09
0.05,-1.3200000000,1.9946733380,0.0178992760,0.8508199525,Delta_Asian=U-z0*Uz;z0=K/S0=1.0;S0=K=100;r=0.09
0.05,-1.3100000000,1.9944711830,0.0231010391,0.8508199525,Delta_Asian=U-z0*Uz;z0=K/S0=1.0;S0=K=100;r=0.09
0.05,-1.3000000000,1.9942113170,0.0295431277,0.8508199525,Delta_Asian=U-z0*Uz;z0=K/S0=1.0;S0=K=100;r=0.09
0.05,-1.2900000000,1.9938803200,0.0374366803,0.8508199525,Delta_Asian=U-z0*Uz;z0=K/S0=1.0;S0=K=100;r=0.09
0.05,-1.2800000000,1.9934625840,0.0470049011,0.8508199525,Delta_Asian=U-z0*Uz;z0=K/S0=1.0;S0=K=100;r=0.09
0.05,-1.2700000000,1.9929402220,0.0584770361,0.8508199525,Delta_Asian=U-z0*Uz;z0=K/S0=1.0;S0=K=100;r=0.09
0.05,-1.2600000000,1.9922930430,0.0720805636,0.8508199525,Delta_Asian=U-z0*Uz;z0=K/S0=1.0;S0=K=100;r=0.09
0.05,-1.2500000000,1.9914986110,0.0880316838,0.8508199525,Delta_Asian=U-z0*Uz;z0=K/S0=1.0;S0=K=100;r=0.09
0.05,-1.2400000000,1.9905324090,0.1065243513,0.8508199525,Delta_Asian=U-z0*Uz;z0=K/S0=1.0;S0=K=100;r=0.09
0.05,-1.2300000000,1.9893681240,0.1277182676,0.8508199525,Delta_Asian=U-z0*Uz;z0=K/S0=1.0;S0=K=100;r=0.09
0.05,-1.2200000000,1.9879780440,0.1517264267,0.8508199525,Delta_Asian=U-z0*Uz;z0=K/S0=1.0;S0=K=100;r=0.09
0.05,-1.2100000000,1.9863335950,0.1786029631,0.8508199525,Delta_Asian=U-z0*Uz;z0=K/S0=1.0;S0=K=100;r=0.09
0.05,-1.2000000000,1.9844059850,0.2083321742,0.8508199525,Delta_Asian=U-z0*Uz;z0=K/S0=1.0;S0=K=100;r=0.09
0.05,-1.1900000000,1.9821669520,0.2408196473,0.8508199525,Delta_Asian=U-z0*Uz;z0=K/S0=1.0;S0=K=100;r=0.09
0.05,-1.1800000000,1.9795895920,0.2758864113,0.8508199525,Delta_Asian=U-z0*Uz;z0=K/S0=1.0;S0=K=100;r=0.09
0.05,-1.1700000000,1.9766492230,0.3132669236,0.8508199525,Delta_Asian=U-z0*Uz;z0=K/S0=1.0;S0=K=100;r=0.09
0.05,-1.1600000000,1.9733242530,0.3526115084,0.8508199525,Delta_Asian=U-z0*Uz;z0=K/S0=1.0;S0=K=100;r=0.09
0.05,-1.1500000000,1.9695969930,0.3934935811,0.8508199525,Delta_Asian=U-z0*Uz;z0=K/S0=1.0;S0=K=100;r=0.09
0.05,-1.1400000000,1.9654543820,0.4354216378,0.8508199525,Delta_Asian=U-z0*Uz;z0=K/S0=1.0;S0=K=100;r=0.09
0.05,-1.1300000000,1.9608885600,0.4778556047,0.8508199525,Delta_Asian=U-z0*Uz;z0=K/S0=1.0;S0=K=100;r=0.09
0.05,-1.1200000000,1.9558972700,0.5202267508,0.8508199525,Delta_Asian=U-z0*Uz;z0=K/S0=1.0;S0=K=100;r=0.09
0.05,-1.1100000000,1.9504840250,0.5619600180,0.8508199525,Delta_Asian=U-z0*Uz;z0=K/S0=1.0;S0=K=100;r=0.09
0.05,-1.1000000000,1.9446580690,0.6024973608,0.8508199525,Delta_Asian=U-z0*Uz;z0=K/S0=1.0;S0=K=100;r=0.09
0.05,-1.0900000000,1.9384340780,0.6413205388,0.8508199525,Delta_Asian=U-z0*Uz;z0=K/S0=1.0;S0=K=100;r=0.09
0.05,-1.0800000000,1.9318316580,0.6779718021,0.8508199525,Delta_Asian=U-z0*Uz;z0=K/S0=1.0;S0=K=100;r=0.09
0.05,-1.0700000000,1.9248746420,0.7120710514,0.8508199525,Delta_Asian=U-z0*Uz;z0=K/S0=1.0;S0=K=100;r=0.09
0.05,-1.0600000000,1.9175902370,0.7433283393,0.8508199525,Delta_Asian=U-z0*Uz;z0=K/S0=1.0;S0=K=100;r=0.09
0.05,-1.0500000000,1.9100080750,0.7715509672,0.8508199525,Delta_Asian=U-z0*Uz;z0=K/S0=1.0;S0=K=100;r=0.09
0.05,-1.0400000000,1.9021592180,0.7966448966,0.8508199525,Delta_Asian=U-z0*Uz;z0=K/S0=1.0;S0=K=100;r=0.09
0.05,-1.0300000000,1.8940751770,0.8186106671,0.8508199525,Delta_Asian=U-z0*Uz;z0=K/S0=1.0;S0=K=100;r=0.09
0.05,-1.0200000000,1.8857870050,0.8375344580,0.8508199525,Delta_Asian=U-z0*Uz;z0=K/S0=1.0;S0=K=100;r=0.09
0.05,-1.0100000000,1.8773244880,0.8535752865,0.8508199525,Delta_Asian=U-z0*Uz;z0=K/S0=1.0;S0=K=100;r=0.09
0.05,-1.0000000000,1.8687154990,0.8669495796,0.8508199525,Delta_Asian=U-z0*Uz;z0=K/S0=1.0;S0=K=100;r=0.09
0.05,-0.9900000000,1.8599854970,0.8779144581,0.8508199525,Delta_Asian=U-z0*Uz;z0=K/S0=1.0;S0=K=100;r=0.09
0.05,-0.9800000000,1.8511572100,0.8867510359,0.8508199525,Delta_Asian=U-z0*Uz;z0=K/S0=1.0;S0=K=100;r=0.09
0.05,-0.9700000000,1.8422504760,0.8937488844,0.8508199525,Delta_Asian=U-z0*Uz;z0=K/S0=1.0;S0=K=100;r=0.09
0.05,-0.9600000000,1.8332822320,0.8991925573,0.8508199525,Delta_Asian=U-z0*Uz;z0=K/S0=1.0;S0=K=100;r=0.09
0.05,-0.9500000000,1.8242666250,0.9033507747,0.8508199525,Delta_Asian=U-z0*Uz;z0=K/S0=1.0;S0=K=100;r=0.09
0.05,-0.9400000000,1.8152152170,0.9064685432,0.8508199525,Delta_Asian=U-z0*Uz;z0=K/S0=1.0;S0=K=100;r=0.09
0.05,-0.9300000000,1.8061372540,0.9087622010,0.8508199525,Delta_Asian=U-z0*Uz;z0=K/S0=1.0;S0=K=100;r=0.09
0.05,-0.9200000000,1.7970399730,0.9104171326,0.8508199525,Delta_Asian=U-z0*Uz;z0=K/S0=1.0;S0=K=100;r=0.09
0.05,-0.9100000000,1.7879289110,0.9115877322,0.8508199525,Delta_Asian=U-z0*Uz;z0=K/S0=1.0;S0=K=100;r=0.09
0.05,-0.9000000000,1.7788082180,0.9123990938,0.8508199525,Delta_Asian=U-z0*Uz;z0=K/S0=1.0;S0=K=100;r=0.09
0.05,-0.8900000000,1.7696809290,0.9129498878,0.8508199525,Delta_Asian=U-z0*Uz;z0=K/S0=1.0;S0=K=100;r=0.09
0.05,-0.8800000000,1.7605492200,0.9133159142,0.8508199525,Delta_Asian=U-z0*Uz;z0=K/S0=1.0;S0=K=100;r=0.09
0.05,-0.8700000000,1.7514146110,0.9135539005,0.8508199525,Delta_Asian=U-z0*Uz;z0=K/S0=1.0;S0=K=100;r=0.09
0.05,-0.8600000000,1.7422781420,0.9137052086,0.8508199525,Delta_Asian=U-z0*Uz;z0=K/S0=1.0;S0=K=100;r=0.09
0.05,-0.8500000000,1.7331405070,0.9137992206,0.8508199525,Delta_Asian=U-z0*Uz;z0=K/S0=1.0;S0=K=100;r=0.09
0.05,-0.8400000000,1.7240021580,0.9138562683,0.8508199525,Delta_Asian=U-z0*Uz;z0=K/S0=1.0;S0=K=100;r=0.09
0.05,-0.8300000000,1.7148633820,0.9138900540,0.8508199525,Delta_Asian=U-z0*Uz;z0=K/S0=1.0;S0=K=100;r=0.09
0.05,-0.8200000000,1.7057243570,0.9139095682,0.8508199525,Delta_Asian=U-z0*Uz;z0=K/S0=1.0;S0=K=100;r=0.09
0.05,-0.8100000000,1.6965851900,0.9139205522,0.8508199525,Delta_Asian=U-z0*Uz;z0=K/S0=1.0;S0=K=100;r=0.09
0.05,-0.8000000000,1.6874459460,0.9139265720,0.8508199525,Delta_Asian=U-z0*Uz;z0=K/S0=1.0;S0=K=100;r=0.09
0.05,-0.7900000000,1.6783066590,0.9139297815,0.8508199525,Delta_Asian=U-z0*Uz;z0=K/S0=1.0;S0=K=100;r=0.09
0.05,-0.7800000000,1.6691673500,0.9139314445,0.8508199525,Delta_Asian=U-z0*Uz;z0=K/S0=1.0;S0=K=100;r=0.09
0.05,-0.7700000000,1.6600280300,0.9139322810,0.8508199525,Delta_Asian=U-z0*Uz;z0=K/S0=1.0;S0=K=100;r=0.09
0.05,-0.7600000000,1.6508887040,0.9139326890,0.8508199525,Delta_Asian=U-z0*Uz;z0=K/S0=1.0;S0=K=100;r=0.09
0.05,-0.7500000000,1.6417493760,0.9139328817,0.8508199525,Delta_Asian=U-z0*Uz;z0=K/S0=1.0;S0=K=100;r=0.09
0.05,-0.7400000000,1.6326100470,0.9139329698,0.8508199525,Delta_Asian=U-z0*Uz;z0=K/S0=1.0;S0=K=100;r=0.09
0.05,-0.7300000000,1.6234707170,0.9139330086,0.8508199525,Delta_Asian=U-z0*Uz;z0=K/S0=1.0;S0=K=100;r=0.09
0.05,-0.7200000000,1.6143313870,0.9139330250,0.8508199525,Delta_Asian=U-z0*Uz;z0=K/S0=1.0;S0=K=100;r=0.09
0.05,-0.7100000000,1.6051920560,0.9139330318,0.8508199525,Delta_Asian=U-z0*Uz;z0=K/S0=1.0;S0=K=100;r=0.09
0.05,-0.7000000000,1.5960527260,0.9139330344,0.8508199525,Delta_Asian=U-z0*Uz;z0=K/S0=1.0;S0=K=100;r=0.09
0.05,-0.6900000000,1.5869133960,0.9139330354,0.8508199525,Delta_Asian=U-z0*Uz;z0=K/S0=1.0;S0=K=100;r=0.09
0.05,-0.6800000000,1.5777740650,0.9139330358,0.8508199525,Delta_Asian=U-z0*Uz;z0=K/S0=1.0;S0=K=100;r=0.09
0.05,-0.6700000000,1.5686347350,0.9139330359,0.8508199525,Delta_Asian=U-z0*Uz;z0=K/S0=1.0;S0=K=100;r=0.09
0.05,-0.6600000000,1.5594954050,0.9139330359,0.8508199525,Delta_Asian=U-z0*Uz;z0=K/S0=1.0;S0=K=100;r=0.09
0.05,-0.6500000000,1.5503560740,0.9139330359,0.8508199525,Delta_Asian=U-z0*Uz;z0=K/S0=1.0;S0=K=100;r=0.09
0.05,-0.6400000000,1.5412167440,0.9139330359,0.8508199525,Delta_Asian=U-z0*Uz;z0=K/S0=1.0;S0=K=100;r=0.09
0.05,-0.6300000000,1.5320774130,0.9139330359,0.8508199525,Delta_Asian=U-z0*Uz;z0=K/S0=1.0;S0=K=100;r=0.09
0.05,-0.6200000000,1.5229380830,0.9139330359,0.8508199525,Delta_Asian=U-z0*Uz;z0=K/S0=1.0;S0=K=100;r=0.09
0.05,-0.6100000000,1.5137987530,0.9139330359,0.8508199525,Delta_Asian=U-z0*Uz;z0=K/S0=1.0;S0=K=100;r=0.09
0.05,-0.6000000000,1.5046594220,0.9139330359,0.8508199525,Delta_Asian=U-z0*Uz;z0=K/S0=1.0;S0=K=100;r=0.09
0.05,-0.5900000000,1.4955200920,0.9139330359,0.8508199525,Delta_Asian=U-z0*Uz;z0=K/S0=1.0;S0=K=100;r=0.09
0.05,-0.5800000000,1.4863807620,0.9139330360,0.8508199525,Delta_Asian=U-z0*Uz;z0=K/S0=1.0;S0=K=100;r=0.09
0.05,-0.5700000000,1.4772414310,0.9139330358,0.8508199525,Delta_Asian=U-z0*Uz;z0=K/S0=1.0;S0=K=100;r=0.09
0.05,-0.5600000000,1.4681021010,0.9139330359,0.8508199525,Delta_Asian=U-z0*Uz;z0=K/S0=1.0;S0=K=100;r=0.09
0.05,-0.5500000000,1.4589627710,0.9139330361,0.8508199525,Delta_Asian=U-z0*Uz;z0=K/S0=1.0;S0=K=100;r=0.09
0.05,-0.5400000000,1.4498234400,0.9139330356,0.8508199525,Delta_Asian=U-z0*Uz;z0=K/S0=1.0;S0=K=100;r=0.09
0.05,-0.5300000000,1.4406841100,0.9139330363,0.8508199525,Delta_Asian=U-z0*Uz;z0=K/S0=1.0;S0=K=100;r=0.09
0.05,-0.5200000000,1.4315447790,0.9139330360,0.8508199525,Delta_Asian=U-z0*Uz;z0=K/S0=1.0;S0=K=100;r=0.09
0.05,-0.5100000000,1.4224054490,0.9139330350,0.8508199525,Delta_Asian=U-z0*Uz;z0=K/S0=1.0;S0=K=100;r=0.09
0.05,-0.5000000000,1.4132661190,0.9139330374,0.8508199525,Delta_Asian=U-z0*Uz;z0=K/S0=1.0;S0=K=100;r=0.09
0.05,-0.4900000000,1.4041267880,0.9139330351,0.8508199525,Delta_Asian=U-z0*Uz;z0=K/S0=1.0;S0=K=100;r=0.09
0.05,-0.4800000000,1.3949874580,0.9139330344,0.8508199525,Delta_Asian=U-z0*Uz;z0=K/S0=1.0;S0=K=100;r=0.09
0.05,-0.4700000000,1.3858481280,0.9139330401,0.8508199525,Delta_Asian=U-z0*Uz;z0=K/S0=1.0;S0=K=100;r=0.09
0.05,-0.4600000000,1.3767087970,0.9139330316,0.8508199525,Delta_Asian=U-z0*Uz;z0=K/S0=1.0;S0=K=100;r=0.09
0.05,-0.4500000000,1.3675694670,0.9139330354,0.8508199525,Delta_Asian=U-z0*Uz;z0=K/S0=1.0;S0=K=100;r=0.09
0.05,-0.4400000000,1.3584301370,0.9139330450,0.8508199525,Delta_Asian=U-z0*Uz;z0=K/S0=1.0;S0=K=100;r=0.09
0.05,-0.4300000000,1.3492908060,0.9139330218,0.8508199525,Delta_Asian=U-z0*Uz;z0=K/S0=1.0;S0=K=100;r=0.09
0.05,-0.4200000000,1.3401514760,0.9139330426,0.8508199525,Delta_Asian=U-z0*Uz;z0=K/S0=1.0;S0=K=100;r=0.09
0.05,-0.4100000000,1.3310121450,0.9139330504,0.8508199525,Delta_Asian=U-z0*Uz;z0=K/S0=1.0;S0=K=100;r=0.09
0.05,-0.4000000000,1.3218728150,0.9139330012,0.8508199525,Delta_Asian=U-z0*Uz;z0=K/S0=1.0;S0=K=100;r=0.09
0.05,-0.3900000000,1.3127334850,0.9139330654,0.8508199525,Delta_Asian=U-z0*Uz;z0=K/S0=1.0;S0=K=100;r=0.09
0.05,-0.3800000000,1.3035941540,0.9139330495,0.8508199525,Delta_Asian=U-z0*Uz;z0=K/S0=1.0;S0=K=100;r=0.09
0.05,-0.3700000000,1.2944548240,0.9139329658,0.8508199525,Delta_Asian=U-z0*Uz;z0=K/S0=1.0;S0=K=100;r=0.09
0.05,-0.3600000000,1.2853154940,0.9139331189,0.8508199525,Delta_Asian=U-z0*Uz;z0=K/S0=1.0;S0=K=100;r=0.09
0.05,-0.3500000000,1.2761761620,0.9139330273,0.8508199525,Delta_Asian=U-z0*Uz;z0=K/S0=1.0;S0=K=100;r=0.09
0.05,-0.3400000000,1.2670368340,0.9139329155,0.8508199525,Delta_Asian=U-z0*Uz;z0=K/S0=1.0;S0=K=100;r=0.09
0.05,-0.3300000000,1.2578975040,0.9139332228,0.8508199525,Delta_Asian=U-z0*Uz;z0=K/S0=1.0;S0=K=100;r=0.09
0.05,-0.3200000000,1.2487581690,0.9139329583,0.8508199525,Delta_Asian=U-z0*Uz;z0=K/S0=1.0;S0=K=100;r=0.09
0.05,-0.3100000000,1.2396188440,0.9139328575,0.8508199525,Delta_Asian=U-z0*Uz;z0=K/S0=1.0;S0=K=100;r=0.09
0.05,-0.3000000000,1.2304795120,0.9139333994,0.8508199525,Delta_Asian=U-z0*Uz;z0=K/S0=1.0;S0=K=100;r=0.09
0.05,-0.2900000000,1.2213401760,0.9139328083,0.8508199525,Delta_Asian=U-z0*Uz;z0=K/S0=1.0;S0=K=100;r=0.09
0.05,-0.2800000000,1.2122008560,0.9139328060,0.8508199525,Delta_Asian=U-z0*Uz;z0=K/S0=1.0;S0=K=100;r=0.09
0.05,-0.2700000000,1.2030615200,0.9139336702,0.8508199525,Delta_Asian=U-z0*Uz;z0=K/S0=1.0;S0=K=100;r=0.09
0.05,-0.2600000000,1.1939221830,0.9139325394,0.8508199525,Delta_Asian=U-z0*Uz;z0=K/S0=1.0;S0=K=100;r=0.09
0.05,-0.2500000000,1.1847828700,0.9139327769,0.8508199525,Delta_Asian=U-z0*Uz;z0=K/S0=1.0;S0=K=100;r=0.09
0.05,-0.2400000000,1.1756435270,0.9139340562,0.8508199525,Delta_Asian=U-z0*Uz;z0=K/S0=1.0;S0=K=100;r=0.09
0.05,-0.2300000000,1.1665041880,0.9139321195,0.8508199525,Delta_Asian=U-z0*Uz;z0=K/S0=1.0;S0=K=100;r=0.09
0.05,-0.2200000000,1.1573648850,0.9139327767,0.8508199525,Delta_Asian=U-z0*Uz;z0=K/S0=1.0;S0=K=100;r=0.09
0.05,-0.2100000000,1.1482255330,0.9139345796,0.8508199525,Delta_Asian=U-z0*Uz;z0=K/S0=1.0;S0=K=100;r=0.09
0.05,-0.2000000000,1.1390861930,0.9139315343,0.8508199525,Delta_Asian=U-z0*Uz;z0=K/S0=1.0;S0=K=100;r=0.09
0.05,-0.1900000000,1.1299469020,0.9139327859,0.8508199525,Delta_Asian=U-z0*Uz;z0=K/S0=1.0;S0=K=100;r=0.09
0.05,-0.1800000000,1.1208075380,0.9139352666,0.8508199525,Delta_Asian=U-z0*Uz;z0=K/S0=1.0;S0=K=100;r=0.09
0.05,-0.1700000000,1.1116681970,0.9139308012,0.8508199525,Delta_Asian=U-z0*Uz;z0=K/S0=1.0;S0=K=100;r=0.09
0.05,-0.1600000000,1.1025289220,0.9139327449,0.8508199525,Delta_Asian=U-z0*Uz;z0=K/S0=1.0;S0=K=100;r=0.09
0.05,-0.1500000000,1.0933895420,0.9139361445,0.8508199525,Delta_Asian=U-z0*Uz;z0=K/S0=1.0;S0=K=100;r=0.09
0.05,-0.1400000000,1.0842501990,0.9139299858,0.8508199525,Delta_Asian=U-z0*Uz;z0=K/S0=1.0;S0=K=100;r=0.09
0.05,-0.1300000000,1.0751109420,0.9139325480,0.8508199525,Delta_Asian=U-z0*Uz;z0=K/S0=1.0;S0=K=100;r=0.09
0.05,-0.1200000000,1.0659715480,0.9139372265,0.8508199525,Delta_Asian=U-z0*Uz;z0=K/S0=1.0;S0=K=100;r=0.09
0.05,-0.1100000000,1.0568321980,0.9139292171,0.8508199525,Delta_Asian=U-z0*Uz;z0=K/S0=1.0;S0=K=100;r=0.09
0.05,-0.1000000000,1.0476929630,0.9139320557,0.8508199525,Delta_Asian=U-z0*Uz;z0=K/S0=1.0;S0=K=100;r=0.09
0.05,-0.0900000000,1.0385535570,0.9139384798,0.8508199525,Delta_Asian=U-z0*Uz;z0=K/S0=1.0;S0=K=100;r=0.09
0.05,-0.0800000000,1.0294141940,0.9139286944,0.8508199525,Delta_Asian=U-z0*Uz;z0=K/S0=1.0;S0=K=100;r=0.09
0.05,-0.0700000000,1.0202749830,0.9139311341,0.8508199525,Delta_Asian=U-z0*Uz;z0=K/S0=1.0;S0=K=100;r=0.09
0.05,-0.0600000000,1.0111355710,0.9139397842,0.8508199525,Delta_Asian=U-z0*Uz;z0=K/S0=1.0;S0=K=100;r=0.09
0.05,-0.0500000000,1.0019961870,0.9139286699,0.8508199525,Delta_Asian=U-z0*Uz;z0=K/S0=1.0;S0=K=100;r=0.09
0.05,-0.0400000000,0.9928569976,0.9139297216,0.8508199525,Delta_Asian=U-z0*Uz;z0=K/S0=1.0;S0=K=100;r=0.09
0.05,-0.0300000000,0.9837175926,0.9139408995,0.8508199525,Delta_Asian=U-z0*Uz;z0=K/S0=1.0;S0=K=100;r=0.09
0.05,-0.0200000000,0.9745781796,0.9139293934,0.8508199525,Delta_Asian=U-z0*Uz;z0=K/S0=1.0;S0=K=100;r=0.09
0.05,-0.0100000000,0.9654390047,0.9139279098,0.8508199525,Delta_Asian=U-z0*Uz;z0=K/S0=1.0;S0=K=100;r=0.09
0.05,0.0000000000,0.9562996214,0.9139414727,0.8508199525,Delta_Asian=U-z0*Uz;z0=K/S0=1.0;S0=K=100;r=0.09
0.05,0.0100000000,0.9471601753,0.9139310116,0.8508199525,Delta_Asian=U-z0*Uz;z0=K/S0=1.0;S0=K=100;r=0.09
0.05,0.0200000000,0.9380210012,0.9139260036,0.8508199525,Delta_Asian=U-z0*Uz;z0=K/S0=1.0;S0=K=100;r=0.09
0.05,0.0300000000,0.9288816552,0.9139411158,0.8508199525,Delta_Asian=U-z0*Uz;z0=K/S0=1.0;S0=K=100;r=0.09
0.05,0.0400000000,0.9197421789,0.9139334457,0.8508199525,Delta_Asian=U-z0*Uz;z0=K/S0=1.0;S0=K=100;r=0.09
0.05,0.0500000000,0.9106029863,0.9139245112,0.8508199525,Delta_Asian=U-z0*Uz;z0=K/S0=1.0;S0=K=100;r=0.09
0.05,0.0600000000,0.9014636887,0.9139395577,0.8508199525,Delta_Asian=U-z0*Uz;z0=K/S0=1.0;S0=K=100;r=0.09
0.05,0.0700000000,0.8923241951,0.9139363021,0.8508199525,Delta_Asian=U-z0*Uz;z0=K/S0=1.0;S0=K=100;r=0.09
0.05,0.0800000000,0.8831849626,0.9139240227,0.8508199525,Delta_Asian=U-z0*Uz;z0=K/S0=1.0;S0=K=100;r=0.09
0.05,0.0900000000,0.8740457147,0.9139368300,0.8508199525,Delta_Asian=U-z0*Uz;z0=K/S0=1.0;S0=K=100;r=0.09
0.05,0.1000000000,0.8649062260,0.9139388930,0.8508199525,Delta_Asian=U-z0*Uz;z0=K/S0=1.0;S0=K=100;r=0.09
0.05,0.1100000000,0.8557669368,0.9139249800,0.8508199525,Delta_Asian=U-z0*Uz;z0=K/S0=1.0;S0=K=100;r=0.09
0.05,0.1200000000,0.8466277264,0.9139333920,0.8508199525,Delta_Asian=U-z0*Uz;z0=K/S0=1.0;S0=K=100;r=0.09
0.05,0.1300000000,0.8374882690,0.9139404194,0.8508199525,Delta_Asian=U-z0*Uz;z0=K/S0=1.0;S0=K=100;r=0.09
0.05,0.1400000000,0.8283489180,0.9139274181,0.8508199525,Delta_Asian=U-z0*Uz;z0=K/S0=1.0;S0=K=100;r=0.09
0.05,0.1500000000,0.8192097206,0.9139300880,0.8508199525,Delta_Asian=U-z0*Uz;z0=K/S0=1.0;S0=K=100;r=0.09
0.05,0.1600000000,0.8100703163,0.9139402895,0.8508199525,Delta_Asian=U-z0*Uz;z0=K/S0=1.0;S0=K=100;r=0.09
0.05,0.1700000000,0.8009309148,0.9139308161,0.8508199525,Delta_Asian=U-z0*Uz;z0=K/S0=1.0;S0=K=100;r=0.09
0.05,0.1800000000,0.7917917000,0.9139278824,0.8508199525,Delta_Asian=U-z0*Uz;z0=K/S0=1.0;S0=K=100;r=0.09
0.05,0.1900000000,0.7826523572,0.9139384442,0.8508199525,Delta_Asian=U-z0*Uz;z0=K/S0=1.0;S0=K=100;r=0.09
0.05,0.2000000000,0.7735129311,0.9139341944,0.8508199525,Delta_Asian=U-z0*Uz;z0=K/S0=1.0;S0=K=100;r=0.09
0.05,0.2100000000,0.7643736733,0.9139274454,0.8508199525,Delta_Asian=U-z0*Uz;z0=K/S0=1.0;S0=K=100;r=0.09
0.05,0.2200000000,0.7552343822,0.9139354929,0.8508199525,Delta_Asian=U-z0*Uz;z0=K/S0=1.0;S0=K=100;r=0.09
0.05,0.2300000000,0.7460949634,0.9139364865,0.8508199525,Delta_Asian=U-z0*Uz;z0=K/S0=1.0;S0=K=100;r=0.09
0.05,0.2400000000,0.7369556524,0.9139287907,0.8508199525,Delta_Asian=U-z0*Uz;z0=K/S0=1.0;S0=K=100;r=0.09
0.05,0.2500000000,0.7278163876,0.9139325226,0.8508199525,Delta_Asian=U-z0*Uz;z0=K/S0=1.0;S0=K=100;r=0.09
0.05,0.2600000000,0.7186770020,0.9139370361,0.8508199525,Delta_Asian=U-z0*Uz;z0=K/S0=1.0;S0=K=100;r=0.09
0.05,0.2700000000,0.7095376469,0.9139311996,0.8508199525,Delta_Asian=U-z0*Uz;z0=K/S0=1.0;S0=K=100;r=0.09
0.05,0.2800000000,0.7003983780,0.9139306113,0.8508199525,Delta_Asian=U-z0*Uz;z0=K/S0=1.0;S0=K=100;r=0.09
0.05,0.2900000000,0.6912590347,0.9139359452,0.8508199525,Delta_Asian=U-z0*Uz;z0=K/S0=1.0;S0=K=100;r=0.09
0.05,0.3000000000,0.6821196591,0.9139335409,0.8508199525,Delta_Asian=U-z0*Uz;z0=K/S0=1.0;S0=K=100;r=0.09
0.05,0.3100000000,0.6729803639,0.9139302927,0.8508199525,Delta_Asian=U-z0*Uz;z0=K/S0=1.0;S0=K=100;r=0.09
0.05,0.3200000000,0.6638410532,0.9139340300,0.8508199525,Delta_Asian=U-z0*Uz;z0=K/S0=1.0;S0=K=100;r=0.09
0.05,0.3300000000,0.6547016833,0.9139348464,0.8508199525,Delta_Asian=U-z0*Uz;z0=K/S0=1.0;S0=K=100;r=0.09
0.05,0.3400000000,0.6455623563,0.9139312982,0.8508199525,Delta_Asian=U-z0*Uz;z0=K/S0=1.0;S0=K=100;r=0.09
0.05,0.3500000000,0.6364230573,0.9139323672,0.8508199525,Delta_Asian=U-z0*Uz;z0=K/S0=1.0;S0=K=100;r=0.09
0.05,0.3600000000,0.6272837090,0.9139348068,0.8508199525,Delta_Asian=U-z0*Uz;z0=K/S0=1.0;S0=K=100;r=0.09
0.05,0.3700000000,0.6181443612,0.9139327635,0.8508199525,Delta_Asian=U-z0*Uz;z0=K/S0=1.0;S0=K=100;r=0.09
0.05,0.3800000000,0.6090050537,0.9139316910,0.8508199525,Delta_Asian=U-z0*Uz;z0=K/S0=1.0;S0=K=100;r=0.09
0.05,0.3900000000,0.5998657273,0.9139338648,0.8508199525,Delta_Asian=U-z0*Uz;z0=K/S0=1.0;S0=K=100;r=0.09
0.05,0.4000000000,0.5907263764,0.9139337826,0.8508199525,Delta_Asian=U-z0*Uz;z0=K/S0=1.0;S0=K=100;r=0.09
0.05,0.4100000000,0.5815870517,0.9139320326,0.8508199525,Delta_Asian=U-z0*Uz;z0=K/S0=1.0;S0=K=100;r=0.09
0.05,0.4200000000,0.5724477358,0.9139328430,0.8508199525,Delta_Asian=U-z0*Uz;z0=K/S0=1.0;S0=K=100;r=0.09
0.05,0.4300000000,0.5633083948,0.9139339386,0.8508199525,Delta_Asian=U-z0*Uz;z0=K/S0=1.0;S0=K=100;r=0.09
0.05,0.4400000000,0.5541690570,0.9139328324,0.8508199525,Delta_Asian=U-z0*Uz;z0=K/S0=1.0;S0=K=100;r=0.09
0.05,0.4500000000,0.5450297382,0.9139323765,0.8508199525,Delta_Asian=U-z0*Uz;z0=K/S0=1.0;S0=K=100;r=0.09
0.05,0.4600000000,0.5358904095,0.9139334541,0.8508199525,Delta_Asian=U-z0*Uz;z0=K/S0=1.0;S0=K=100;r=0.09
0.05,0.4700000000,0.5267510691,0.9139334192,0.8508199525,Delta_Asian=U-z0*Uz;z0=K/S0=1.0;S0=K=100;r=0.09
0.05,0.4800000000,0.5176117411,0.9139325550,0.8508199525,Delta_Asian=U-z0*Uz;z0=K/S0=1.0;S0=K=100;r=0.09
0.05,0.4900000000,0.5084724180,0.9139328930,0.8508199525,Delta_Asian=U-z0*Uz;z0=K/S0=1.0;S0=K=100;r=0.09
0.05,0.5000000000,0.4993330832,0.9139334783,0.8508199525,Delta_Asian=U-z0*Uz;z0=K/S0=1.0;S0=K=100;r=0.09
0.05,0.5100000000,0.4901937484,0.9139330044,0.8508199525,Delta_Asian=U-z0*Uz;z0=K/S0=1.0;S0=K=100;r=0.09
0.05,0.5200000000,0.4810544231,0.9139326841,0.8508199525,Delta_Asian=U-z0*Uz;z0=K/S0=1.0;S0=K=100;r=0.09
0.05,0.5300000000,0.4719150947,0.9139331735,0.8508199525,Delta_Asian=U-z0*Uz;z0=K/S0=1.0;S0=K=100;r=0.09
0.05,0.5400000000,0.4627757597,0.9139332823,0.8508199525,Delta_Asian=U-z0*Uz;z0=K/S0=1.0;S0=K=100;r=0.09
0.05,0.5500000000,0.4536364291,0.9139328489,0.8508199525,Delta_Asian=U-z0*Uz;z0=K/S0=1.0;S0=K=100;r=0.09
0.05,0.5600000000,0.4444971027,0.9139328871,0.8508199525,Delta_Asian=U-z0*Uz;z0=K/S0=1.0;S0=K=100;r=0.09
0.05,0.5700000000,0.4353577714,0.9139332325,0.8508199525,Delta_Asian=U-z0*Uz;z0=K/S0=1.0;S0=K=100;r=0.09
0.05,0.5800000000,0.4262184380,0.9139331057,0.8508199525,Delta_Asian=U-z0*Uz;z0=K/S0=1.0;S0=K=100;r=0.09
0.05,0.5900000000,0.4170791092,0.9139328538,0.8508199525,Delta_Asian=U-z0*Uz;z0=K/S0=1.0;S0=K=100;r=0.09
0.05,0.6000000000,0.4079397809,0.9139330241,0.8508199525,Delta_Asian=U-z0*Uz;z0=K/S0=1.0;S0=K=100;r=0.09
0.05,0.6100000000,0.3988004488,0.9139331918,0.8508199525,Delta_Asian=U-z0*Uz;z0=K/S0=1.0;S0=K=100;r=0.09
0.05,0.6200000000,0.3896611171,0.9139330088,0.8508199525,Delta_Asian=U-z0*Uz;z0=K/S0=1.0;S0=K=100;r=0.09
0.05,0.6300000000,0.3805217886,0.9139329099,0.8508199525,Delta_Asian=U-z0*Uz;z0=K/S0=1.0;S0=K=100;r=0.09
0.05,0.6400000000,0.3713824589,0.9139330869,0.8508199525,Delta_Asian=U-z0*Uz;z0=K/S0=1.0;S0=K=100;r=0.09
0.05,0.6500000000,0.3622431268,0.9139331334,0.8508199525,Delta_Asian=U-z0*Uz;z0=K/S0=1.0;S0=K=100;r=0.09
0.05,0.6600000000,0.3531037962,0.9139329719,0.8508199525,Delta_Asian=U-z0*Uz;z0=K/S0=1.0;S0=K=100;r=0.09
0.05,0.6700000000,0.3439644674,0.9139329634,0.8508199525,Delta_Asian=U-z0*Uz;z0=K/S0=1.0;S0=K=100;r=0.09
0.05,0.6800000000,0.3348251370,0.9139331059,0.8508199525,Delta_Asian=U-z0*Uz;z0=K/S0=1.0;S0=K=100;r=0.09
0.05,0.6900000000,0.3256858053,0.9139330879,0.8508199525,Delta_Asian=U-z0*Uz;z0=K/S0=1.0;S0=K=100;r=0.09
0.05,0.7000000000,0.3165464752,0.9139329643,0.8508199525,Delta_Asian=U-z0*Uz;z0=K/S0=1.0;S0=K=100;r=0.09
0.05,0.7100000000,0.3074071460,0.9139330005,0.8508199525,Delta_Asian=U-z0*Uz;z0=K/S0=1.0;S0=K=100;r=0.09
0.05,0.7200000000,0.2982678152,0.9139331071,0.8508199525,Delta_Asian=U-z0*Uz;z0=K/S0=1.0;S0=K=100;r=0.09
0.05,0.7300000000,0.2891284839,0.9139330584,0.8508199525,Delta_Asian=U-z0*Uz;z0=K/S0=1.0;S0=K=100;r=0.09
0.05,0.7400000000,0.2799891540,0.9139329659,0.8508199525,Delta_Asian=U-z0*Uz;z0=K/S0=1.0;S0=K=100;r=0.09
0.05,0.7500000000,0.2708498245,0.9139330237,0.8508199525,Delta_Asian=U-z0*Uz;z0=K/S0=1.0;S0=K=100;r=0.09
0.05,0.7600000000,0.2617104936,0.9139331053,0.8508199525,Delta_Asian=U-z0*Uz;z0=K/S0=1.0;S0=K=100;r=0.09
0.05,0.7700000000,0.2525711624,0.9139330399,0.8508199525,Delta_Asian=U-z0*Uz;z0=K/S0=1.0;S0=K=100;r=0.09
0.05,0.7800000000,0.2434318328,0.9139329660,0.8508199525,Delta_Asian=U-z0*Uz;z0=K/S0=1.0;S0=K=100;r=0.09
0.05,0.7900000000,0.2342925031,0.9139330391,0.8508199525,Delta_Asian=U-z0*Uz;z0=K/S0=1.0;S0=K=100;r=0.09
0.05,0.8000000000,0.2251531720,0.9139331085,0.8508199525,Delta_Asian=U-z0*Uz;z0=K/S0=1.0;S0=K=100;r=0.09
0.05,0.8100000000,0.2160138410,0.9139330259,0.8508199525,Delta_Asian=U-z0*Uz;z0=K/S0=1.0;S0=K=100;r=0.09
0.05,0.8200000000,0.2068745115,0.9139329573,0.8508199525,Delta_Asian=U-z0*Uz;z0=K/S0=1.0;S0=K=100;r=0.09
0.05,0.8300000000,0.1977351818,0.9139330511,0.8508199525,Delta_Asian=U-z0*Uz;z0=K/S0=1.0;S0=K=100;r=0.09
0.05,0.8400000000,0.1885958504,0.9139331144,0.8508199525,Delta_Asian=U-z0*Uz;z0=K/S0=1.0;S0=K=100;r=0.09
0.05,0.8500000000,0.1794565195,0.9139329665,0.8508199525,Delta_Asian=U-z0*Uz;z0=K/S0=1.0;S0=K=100;r=0.09
0.05,0.8600000000,0.1703171911,0.9139327551,0.8508199525,Delta_Asian=U-z0*Uz;z0=K/S0=1.0;S0=K=100;r=0.09
0.05,0.8700000000,0.1611778644,0.9139323884,0.8508199525,Delta_Asian=U-z0*Uz;z0=K/S0=1.0;S0=K=100;r=0.09
0.05,0.8800000000,0.1520385433,0.9139306112,0.8508199525,Delta_Asian=U-z0*Uz;z0=K/S0=1.0;S0=K=100;r=0.09
0.05,0.8900000000,0.1428992522,0.9139239904,0.8508199525,Delta_Asian=U-z0*Uz;z0=K/S0=1.0;S0=K=100;r=0.09
0.05,0.9000000000,0.1337600635,0.9139031425,0.8508199525,Delta_Asian=U-z0*Uz;z0=K/S0=1.0;S0=K=100;r=0.09
0.05,0.9100000000,0.1246211893,0.9138407211,0.8508199525,Delta_Asian=U-z0*Uz;z0=K/S0=1.0;S0=K=100;r=0.09
0.05,0.9200000000,0.1154832491,0.9136636912,0.8508199525,Delta_Asian=U-z0*Uz;z0=K/S0=1.0;S0=K=100;r=0.09
0.05,0.9300000000,0.1063479155,0.9131973466,0.8508199525,Delta_Asian=U-z0*Uz;z0=K/S0=1.0;S0=K=100;r=0.09
0.05,0.9400000000,0.0972193022,0.9120613177,0.8508199525,Delta_Asian=U-z0*Uz;z0=K/S0=1.0;S0=K=100;r=0.09
0.05,0.9500000000,0.0881066892,0.9095037067,0.8508199525,Delta_Asian=U-z0*Uz;z0=K/S0=1.0;S0=K=100;r=0.09
0.05,0.9600000000,0.0790292281,0.9041975557,0.8508199525,Delta_Asian=U-z0*Uz;z0=K/S0=1.0;S0=K=100;r=0.09
0.05,0.9700000000,0.0700227381,0.8940897567,0.8508199525,Delta_Asian=U-z0*Uz;z0=K/S0=1.0;S0=K=100;r=0.09
0.05,0.9800000000,0.0611474329,0.8764437603,0.8508199525,Delta_Asian=U-z0*Uz;z0=K/S0=1.0;S0=K=100;r=0.09
0.05,0.9900000000,0.0524938628,0.8481967445,0.8508199525,Delta_Asian=U-z0*Uz;z0=K/S0=1.0;S0=K=100;r=0.09
0.05,1.0000000000,0.0441834980,0.8066364545,0.8508199525,Delta_Asian=U-z0*Uz;z0=K/S0=1.0;S0=K=100;r=0.09
0.05,1.0100000000,0.0363611338,0.7502365638,0.8508199525,Delta_Asian=U-z0*Uz;z0=K/S0=1.0;S0=K=100;r=0.09
0.05,1.0200000000,0.0291787668,0.6793646054,0.8508199525,Delta_Asian=U-z0*Uz;z0=K/S0=1.0;S0=K=100;r=0.09
0.05,1.0300000000,0.0227738417,0.5965748969,0.8508199525,Delta_Asian=U-z0*Uz;z0=K/S0=1.0;S0=K=100;r=0.09
0.05,1.0400000000,0.0172472688,0.5063351599,0.8508199525,Delta_Asian=U-z0*Uz;z0=K/S0=1.0;S0=K=100;r=0.09
0.05,1.0500000000,0.0126471384,0.4142462569,0.8508199525,Delta_Asian=U-z0*Uz;z0=K/S0=1.0;S0=K=100;r=0.09
0.05,1.0600000000,0.0089623437,0.3259975822,0.8508199525,Delta_Asian=U-z0*Uz;z0=K/S0=1.0;S0=K=100;r=0.09
0.05,1.0700000000,0.0061271868,0.2463752294,0.8508199525,Delta_Asian=U-z0*Uz;z0=K/S0=1.0;S0=K=100;r=0.09
0.05,1.0800000000,0.0040348391,0.1785866093,0.8508199525,Delta_Asian=U-z0*Uz;z0=K/S0=1.0;S0=K=100;r=0.09
0.05,1.0900000000,0.0025554546,0.1240255410,0.8508199525,Delta_Asian=U-z0*Uz;z0=K/S0=1.0;S0=K=100;r=0.09
0.05,1.1000000000,0.0015543283,0.0824471351,0.8508199525,Delta_Asian=U-z0*Uz;z0=K/S0=1.0;S0=K=100;r=0.09
0.05,1.1100000000,0.0009065119,0.0524130700,0.8508199525,Delta_Asian=U-z0*Uz;z0=K/S0=1.0;S0=K=100;r=0.09
0.05,1.1200000000,0.0005060669,0.0318318830,0.8508199525,Delta_Asian=U-z0*Uz;z0=K/S0=1.0;S0=K=100;r=0.09
0.05,1.1300000000,0.0002698743,0.0184466887,0.8508199525,Delta_Asian=U-z0*Uz;z0=K/S0=1.0;S0=K=100;r=0.09
0.05,1.1400000000,0.0001371331,0.0101846079,0.8508199525,Delta_Asian=U-z0*Uz;z0=K/S0=1.0;S0=K=100;r=0.09
0.05,1.1500000000,0.0000661821,0.0053464906,0.8508199525,Delta_Asian=U-z0*Uz;z0=K/S0=1.0;S0=K=100;r=0.09
0.05,1.1600000000,0.0000302033,0.0026614253,0.8508199525,Delta_Asian=U-z0*Uz;z0=K/S0=1.0;S0=K=100;r=0.09
0.05,1.1700000000,0.0000129536,0.0012515365,0.8508199525,Delta_Asian=U-z0*Uz;z0=K/S0=1.0;S0=K=100;r=0.09
0.05,1.1800000000,0.0000051726,0.0005529707,0.8508199525,Delta_Asian=U-z0*Uz;z0=K/S0=1.0;S0=K=100;r=0.09
0.05,1.1900000000,0.0000018942,0.0002276904,0.8508199525,Delta_Asian=U-z0*Uz;z0=K/S0=1.0;S0=K=100;r=0.09
0.05,1.2000000000,0.0000006187,0.0000862313,0.8508199525,Delta_Asian=U-z0*Uz;z0=K/S0=1.0;S0=K=100;r=0.09
0.05,1.2100000000,0.0000001696,0.0000293429,0.8508199525,Delta_Asian=U-z0*Uz;z0=K/S0=1.0;S0=K=100;r=0.09
0.05,1.2200000000,0.0000000319,0.0000085414,0.8508199525,Delta_Asian=U-z0*Uz;z0=K/S0=1.0;S0=K=100;r=0.09
0.05,1.2300000000,-0.0000000013,0.0000018466,0.8508199525,Delta_Asian=U-z0*Uz;z0=K/S0=1.0;S0=K=100;r=0.09
0.05,1.2400000000,-0.0000000050,0.0000000917,0.8508199525,Delta_Asian=U-z0*Uz;z0=K/S0=1.0;S0=K=100;r=0.09
0.05,1.2500000000,-0.0000000031,-0.0000001856,0.8508199525,Delta_Asian=U-z0*Uz;z0=K/S0=1.0;S0=K=100;r=0.09
0.05,1.2600000000,-0.0000000013,-0.0000001333,0.8508199525,Delta_Asian=U-z0*Uz;z0=K/S0=1.0;S0=K=100;r=0.09
0.05,1.2700000000,-0.0000000004,-0.0000000614,0.8508199525,Delta_Asian=U-z0*Uz;z0=K/S0=1.0;S0=K=100;r=0.09
0.05,1.2800000000,-0.0000000001,-0.0000000216,0.8508199525,Delta_Asian=U-z0*Uz;z0=K/S0=1.0;S0=K=100;r=0.09
0.05,1.2900000000,-0.0000000000,-0.0000000056,0.8508199525,Delta_Asian=U-z0*Uz;z0=K/S0=1.0;S0=K=100;r=0.09
0.05,1.3000000000,0.0000000000,-0.0000000007,0.8508199525,Delta_Asian=U-z0*Uz;z0=K/S0=1.0;S0=K=100;r=0.09
0.05,1.3100000000,0.0000000000,0.0000000003,0.8508199525,Delta_Asian=U-z0*Uz;z0=K/S0=1.0;S0=K=100;r=0.09
0.05,1.3200000000,0.0000000000,0.0000000003,0.8508199525,Delta_Asian=U-z0*Uz;z0=K/S0=1.0;S0=K=100;r=0.09
0.05,1.3300000000,0.0000000000,0.0000000001,0.8508199525,Delta_Asian=U-z0*Uz;z0=K/S0=1.0;S0=K=100;r=0.09
0.05,1.3400000000,0.0000000000,0.0000000000,0.8508199525,Delta_Asian=U-z0*Uz;z0=K/S0=1.0;S0=K=100;r=0.09
0.05,1.3500000000,-0.0000000000,0.0000000000,0.8508199525,Delta_Asian=U-z0*Uz;z0=K/S0=1.0;S0=K=100;r=0.09
0.05,1.3600000000,-0.0000000000,-0.0000000000,0.8508199525,Delta_Asian=U-z0*Uz;z0=K/S0=1.0;S0=K=100;r=0.09
0.05,1.3700000000,-0.0000000000,-0.0000000000,0.8508199525,Delta_Asian=U-z0*Uz;z0=K/S0=1.0;S0=K=100;r=0.09
0.05,1.3800000000,-0.0000000000,-0.0000000000,0.8508199525,Delta_Asian=U-z0*Uz;z0=K/S0=1.0;S0=K=100;r=0.09
0.05,1.3900000000,-0.0000000000,-0.0000000000,0.8508199525,Delta_Asian=U-z0*Uz;z0=K/S0=1.0;S0=K=100;r=0.09
0.05,1.4000000000,0.0000000000,-0.0000000000,0.8508199525,Delta_Asian=U-z0*Uz;z0=K/S0=1.0;S0=K=100;r=0.09
0.05,1.4100000000,0.0000000000,0.0000000000,0.8508199525,Delta_Asian=U-z0*Uz;z0=K/S0=1.0;S0=K=100;r=0.09
0.05,1.4200000000,0.0000000000,0.0000000000,0.8508199525,Delta_Asian=U-z0*Uz;z0=K/S0=1.0;S0=K=100;r=0.09
0.05,1.4300000000,0.0000000000,0.0000000000,0.8508199525,Delta_Asian=U-z0*Uz;z0=K/S0=1.0;S0=K=100;r=0.09
0.05,1.4400000000,0.0000000000,0.0000000000,0.8508199525,Delta_Asian=U-z0*Uz;z0=K/S0=1.0;S0=K=100;r=0.09
0.05,1.4500000000,-0.0000000000,0.0000000000,0.8508199525,Delta_Asian=U-z0*Uz;z0=K/S0=1.0;S0=K=100;r=0.09
0.05,1.4600000000,-0.0000000000,-0.0000000000,0.8508199525,Delta_Asian=U-z0*Uz;z0=K/S0=1.0;S0=K=100;r=0.09
0.05,1.4700000000,-0.0000000000,-0.0000000000,0.8508199525,Delta_Asian=U-z0*Uz;z0=K/S0=1.0;S0=K=100;r=0.09
0.05,1.4800000000,-0.0000000000,-0.0000000000,0.8508199525,Delta_Asian=U-z0*Uz;z0=K/S0=1.0;S0=K=100;r=0.09
0.05,1.4900000000,0.0000000000,-0.0000000000,0.8508199525,Delta_Asian=U-z0*Uz;z0=K/S0=1.0;S0=K=100;r=0.09
0.05,1.5000000000,0.0000000000,-0.0000000000,0.8508199525,Delta_Asian=U-z0*Uz;z0=K/S0=1.0;S0=K=100;r=0.09
0.05,1.5100000000,0.0000000000,0.0000000000,0.8508199525,Delta_Asian=U-z0*Uz;z0=K/S0=1.0;S0=K=100;r=0.09
0.05,1.5200000000,0.0000000000,0.0000000000,0.8508199525,Delta_Asian=U-z0*Uz;z0=K/S0=1.0;S0=K=100;r=0.09
0.05,1.5300000000,0.0000000000,0.0000000000,0.8508199525,Delta_Asian=U-z0*Uz;z0=K/S0=1.0;S0=K=100;r=0.09
0.05,1.5400000000,-0.0000000000,0.0000000000,0.8508199525,Delta_Asian=U-z0*Uz;z0=K/S0=1.0;S0=K=100;r=0.09
0.05,1.5500000000,-0.0000000000,-0.0000000000,0.8508199525,Delta_Asian=U-z0*Uz;z0=K/S0=1.0;S0=K=100;r=0.09
0.05,1.5600000000,-0.0000000000,-0.0000000000,0.8508199525,Delta_Asian=U-z0*Uz;z0=K/S0=1.0;S0=K=100;r=0.09
0.05,1.5700000000,-0.0000000000,-0.0000000000,0.8508199525,Delta_Asian=U-z0*Uz;z0=K/S0=1.0;S0=K=100;r=0.09
0.05,1.5800000000,0.0000000000,-0.0000000000,0.8508199525,Delta_Asian=U-z0*Uz;z0=K/S0=1.0;S0=K=100;r=0.09
0.05,1.5900000000,0.0000000000,0.0000000000,0.8508199525,Delta_Asian=U-z0*Uz;z0=K/S0=1.0;S0=K=100;r=0.09
0.05,1.6000000000,0.0000000000,0.0000000000,0.8508199525,Delta_Asian=U-z0*Uz;z0=K/S0=1.0;S0=K=100;r=0.09
0.05,1.6100000000,0.0000000000,0.0000000000,0.8508199525,Delta_Asian=U-z0*Uz;z0=K/S0=1.0;S0=K=100;r=0.09
0.05,1.6200000000,-0.0000000000,0.0000000000,0.8508199525,Delta_Asian=U-z0*Uz;z0=K/S0=1.0;S0=K=100;r=0.09
0.05,1.6300000000,-0.0000000000,-0.0000000000,0.8508199525,Delta_Asian=U-z0*Uz;z0=K/S0=1.0;S0=K=100;r=0.09
0.05,1.6400000000,-0.0000000000,-0.0000000000,0.8508199525,Delta_Asian=U-z0*Uz;z0=K/S0=1.0;S0=K=100;r=0.09
0.05,1.6500000000,-0.0000000000,-0.0000000000,0.8508199525,Delta_Asian=U-z0*Uz;z0=K/S0=1.0;S0=K=100;r=0.09
0.05,1.6600000000,0.0000000000,-0.0000000000,0.8508199525,Delta_Asian=U-z0*Uz;z0=K/S0=1.0;S0=K=100;r=0.09
0.05,1.6700000000,0.0000000000,0.0000000000,0.8508199525,Delta_Asian=U-z0*Uz;z0=K/S0=1.0;S0=K=100;r=0.09
0.05,1.6800000000,0.0000000000,0.0000000000,0.8508199525,Delta_Asian=U-z0*Uz;z0=K/S0=1.0;S0=K=100;r=0.09
0.05,1.6900000000,0.0000000000,0.0000000000,0.8508199525,Delta_Asian=U-z0*Uz;z0=K/S0=1.0;S0=K=100;r=0.09
0.05,1.7000000000,-0.0000000000,0.0000000000,0.8508199525,Delta_Asian=U-z0*Uz;z0=K/S0=1.0;S0=K=100;r=0.09
0.05,1.7100000000,-0.0000000000,-0.0000000000,0.8508199525,Delta_Asian=U-z0*Uz;z0=K/S0=1.0;S0=K=100;r=0.09
0.05,1.7200000000,-0.0000000000,-0.0000000000,0.8508199525,Delta_Asian=U-z0*Uz;z0=K/S0=1.0;S0=K=100;r=0.09
0.05,1.7300000000,-0.0000000000,-0.0000000000,0.8508199525,Delta_Asian=U-z0*Uz;z0=K/S0=1.0;S0=K=100;r=0.09
0.05,1.7400000000,0.0000000000,-0.0000000000,0.8508199525,Delta_Asian=U-z0*Uz;z0=K/S0=1.0;S0=K=100;r=0.09
0.05,1.7500000000,0.0000000000,0.0000000000,0.8508199525,Delta_Asian=U-z0*Uz;z0=K/S0=1.0;S0=K=100;r=0.09
0.05,1.7600000000,0.0000000000,0.0000000000,0.8508199525,Delta_Asian=U-z0*Uz;z0=K/S0=1.0;S0=K=100;r=0.09
0.05,1.7700000000,0.0000000000,0.0000000000,0.8508199525,Delta_Asian=U-z0*Uz;z0=K/S0=1.0;S0=K=100;r=0.09
0.05,1.7800000000,-0.0000000000,0.0000000000,0.8508199525,Delta_Asian=U-z0*Uz;z0=K/S0=1.0;S0=K=100;r=0.09
0.05,1.7900000000,-0.0000000000,-0.0000000000,0.8508199525,Delta_Asian=U-z0*Uz;z0=K/S0=1.0;S0=K=100;r=0.09
0.05,1.8000000000,-0.0000000000,-0.0000000000,0.8508199525,Delta_Asian=U-z0*Uz;z0=K/S0=1.0;S0=K=100;r=0.09
0.05,1.8100000000,-0.0000000000,-0.0000000000,0.8508199525,Delta_Asian=U-z0*Uz;z0=K/S0=1.0;S0=K=100;r=0.09
0.05,1.8200000000,0.0000000000,-0.0000000000,0.8508199525,Delta_Asian=U-z0*Uz;z0=K/S0=1.0;S0=K=100;r=0.09
0.05,1.8300000000,0.0000000000,0.0000000000,0.8508199525,Delta_Asian=U-z0*Uz;z0=K/S0=1.0;S0=K=100;r=0.09
0.05,1.8400000000,0.0000000000,0.0000000000,0.8508199525,Delta_Asian=U-z0*Uz;z0=K/S0=1.0;S0=K=100;r=0.09
0.05,1.8500000000,0.0000000000,0.0000000000,0.8508199525,Delta_Asian=U-z0*Uz;z0=K/S0=1.0;S0=K=100;r=0.09
0.05,1.8600000000,-0.0000000000,0.0000000000,0.8508199525,Delta_Asian=U-z0*Uz;z0=K/S0=1.0;S0=K=100;r=0.09
0.05,1.8700000000,-0.0000000000,-0.0000000000,0.8508199525,Delta_Asian=U-z0*Uz;z0=K/S0=1.0;S0=K=100;r=0.09
0.05,1.8800000000,-0.0000000000,-0.0000000000,0.8508199525,Delta_Asian=U-z0*Uz;z0=K/S0=1.0;S0=K=100;r=0.09
0.05,1.8900000000,-0.0000000000,-0.0000000000,0.8508199525,Delta_Asian=U-z0*Uz;z0=K/S0=1.0;S0=K=100;r=0.09
0.05,1.9000000000,0.0000000000,-0.0000000000,0.8508199525,Delta_Asian=U-z0*Uz;z0=K/S0=1.0;S0=K=100;r=0.09
0.05,1.9100000000,0.0000000000,0.0000000000,0.8508199525,Delta_Asian=U-z0*Uz;z0=K/S0=1.0;S0=K=100;r=0.09
0.05,1.9200000000,0.0000000000,0.0000000000,0.8508199525,Delta_Asian=U-z0*Uz;z0=K/S0=1.0;S0=K=100;r=0.09
0.05,1.9300000000,0.0000000000,0.0000000000,0.8508199525,Delta_Asian=U-z0*Uz;z0=K/S0=1.0;S0=K=100;r=0.09
0.05,1.9400000000,-0.0000000000,0.0000000000,0.8508199525,Delta_Asian=U-z0*Uz;z0=K/S0=1.0;S0=K=100;r=0.09
0.05,1.9500000000,-0.0000000000,-0.0000000000,0.8508199525,Delta_Asian=U-z0*Uz;z0=K/S0=1.0;S0=K=100;r=0.09
0.05,1.9600000000,-0.0000000000,-0.0000000000,0.8508199525,Delta_Asian=U-z0*Uz;z0=K/S0=1.0;S0=K=100;r=0.09
0.05,1.9700000000,-0.0000000000,-0.0000000000,0.8508199525,Delta_Asian=U-z0*Uz;z0=K/S0=1.0;S0=K=100;r=0.09
0.05,1.9800000000,0.0000000000,-0.0000000000,0.8508199525,Delta_Asian=U-z0*Uz;z0=K/S0=1.0;S0=K=100;r=0.09
0.05,1.9900000000,0.0000000000,0.0000000000,0.8508199525,Delta_Asian=U-z0*Uz;z0=K/S0=1.0;S0=K=100;r=0.09
0.1,-1.9900000000,1.9766165680,0.0000001329,0.7380942519,Delta_Asian=U-z0*Uz;z0=K/S0=1.0;S0=K=100;r=0.09
0.1,-1.9800000000,1.9766165660,0.0000003112,0.7380942519,Delta_Asian=U-z0*Uz;z0=K/S0=1.0;S0=K=100;r=0.09
0.1,-1.9700000000,1.9766165620,0.0000005624,0.7380942519,Delta_Asian=U-z0*Uz;z0=K/S0=1.0;S0=K=100;r=0.09
0.1,-1.9600000000,1.9766165540,0.0000009079,0.7380942519,Delta_Asian=U-z0*Uz;z0=K/S0=1.0;S0=K=100;r=0.09
0.1,-1.9500000000,1.9766165430,0.0000013748,0.7380942519,Delta_Asian=U-z0*Uz;z0=K/S0=1.0;S0=K=100;r=0.09
0.1,-1.9400000000,1.9766165270,0.0000019966,0.7380942519,Delta_Asian=U-z0*Uz;z0=K/S0=1.0;S0=K=100;r=0.09
0.1,-1.9300000000,1.9766165030,0.0000028144,0.7380942519,Delta_Asian=U-z0*Uz;z0=K/S0=1.0;S0=K=100;r=0.09
0.1,-1.9200000000,1.9766164710,0.0000038791,0.7380942519,Delta_Asian=U-z0*Uz;z0=K/S0=1.0;S0=K=100;r=0.09
0.1,-1.9100000000,1.9766164260,0.0000052525,0.7380942519,Delta_Asian=U-z0*Uz;z0=K/S0=1.0;S0=K=100;r=0.09
0.1,-1.9000000000,1.9766163660,0.0000070102,0.7380942519,Delta_Asian=U-z0*Uz;z0=K/S0=1.0;S0=K=100;r=0.09
0.1,-1.8900000000,1.9766162860,0.0000092439,0.7380942519,Delta_Asian=U-z0*Uz;z0=K/S0=1.0;S0=K=100;r=0.09
0.1,-1.8800000000,1.9766161810,0.0000120643,0.7380942519,Delta_Asian=U-z0*Uz;z0=K/S0=1.0;S0=K=100;r=0.09
0.1,-1.8700000000,1.9766160440,0.0000156050,0.7380942519,Delta_Asian=U-z0*Uz;z0=K/S0=1.0;S0=K=100;r=0.09
0.1,-1.8600000000,1.9766158690,0.0000200262,0.7380942519,Delta_Asian=U-z0*Uz;z0=K/S0=1.0;S0=K=100;r=0.09
0.1,-1.8500000000,1.9766156440,0.0000255198,0.7380942519,Delta_Asian=U-z0*Uz;z0=K/S0=1.0;S0=K=100;r=0.09
0.1,-1.8400000000,1.9766153580,0.0000323147,0.7380942519,Delta_Asian=U-z0*Uz;z0=K/S0=1.0;S0=K=100;r=0.09
0.1,-1.8300000000,1.9766149980,0.0000406832,0.7380942519,Delta_Asian=U-z0*Uz;z0=K/S0=1.0;S0=K=100;r=0.09
0.1,-1.8200000000,1.9766145450,0.0000509481,0.7380942519,Delta_Asian=U-z0*Uz;z0=K/S0=1.0;S0=K=100;r=0.09
0.1,-1.8100000000,1.9766139790,0.0000634912,0.7380942519,Delta_Asian=U-z0*Uz;z0=K/S0=1.0;S0=K=100;r=0.09
0.1,-1.8000000000,1.9766132750,0.0000787627,0.7380942519,Delta_Asian=U-z0*Uz;z0=K/S0=1.0;S0=K=100;r=0.09
0.1,-1.7900000000,1.9766124030,0.0000972918,0.7380942519,Delta_Asian=U-z0*Uz;z0=K/S0=1.0;S0=K=100;r=0.09
0.1,-1.7800000000,1.9766113290,0.0001196992,0.7380942519,Delta_Asian=U-z0*Uz;z0=K/S0=1.0;S0=K=100;r=0.09
0.1,-1.7700000000,1.9766100090,0.0001467105,0.7380942519,Delta_Asian=U-z0*Uz;z0=K/S0=1.0;S0=K=100;r=0.09
0.1,-1.7600000000,1.9766083950,0.0001791720,0.7380942519,Delta_Asian=U-z0*Uz;z0=K/S0=1.0;S0=K=100;r=0.09
0.1,-1.7500000000,1.9766064260,0.0002180679,0.7380942519,Delta_Asian=U-z0*Uz;z0=K/S0=1.0;S0=K=100;r=0.09
0.1,-1.7400000000,1.9766040330,0.0002645400,0.7380942519,Delta_Asian=U-z0*Uz;z0=K/S0=1.0;S0=K=100;r=0.09
0.1,-1.7300000000,1.9766011350,0.0003199090,0.7380942519,Delta_Asian=U-z0*Uz;z0=K/S0=1.0;S0=K=100;r=0.09
0.1,-1.7200000000,1.9765976350,0.0003856990,0.7380942519,Delta_Asian=U-z0*Uz;z0=K/S0=1.0;S0=K=100;r=0.09
0.1,-1.7100000000,1.9765934210,0.0004636638,0.7380942519,Delta_Asian=U-z0*Uz;z0=K/S0=1.0;S0=K=100;r=0.09
0.1,-1.7000000000,1.9765883620,0.0005558164,0.7380942519,Delta_Asian=U-z0*Uz;z0=K/S0=1.0;S0=K=100;r=0.09
0.1,-1.6900000000,1.9765823050,0.0006644611,0.7380942519,Delta_Asian=U-z0*Uz;z0=K/S0=1.0;S0=K=100;r=0.09
0.1,-1.6800000000,1.9765750730,0.0007922288,0.7380942519,Delta_Asian=U-z0*Uz;z0=K/S0=1.0;S0=K=100;r=0.09
0.1,-1.6700000000,1.9765664600,0.0009421151,0.7380942519,Delta_Asian=U-z0*Uz;z0=K/S0=1.0;S0=K=100;r=0.09
0.1,-1.6600000000,1.9765562300,0.0011175218,0.7380942519,Delta_Asian=U-z0*Uz;z0=K/S0=1.0;S0=K=100;r=0.09
0.1,-1.6500000000,1.9765441100,0.0013223015,0.7380942519,Delta_Asian=U-z0*Uz;z0=K/S0=1.0;S0=K=100;r=0.09
0.1,-1.6400000000,1.9765297840,0.0015608054,0.7380942519,Delta_Asian=U-z0*Uz;z0=K/S0=1.0;S0=K=100;r=0.09
0.1,-1.6300000000,1.9765128940,0.0018379342,0.7380942519,Delta_Asian=U-z0*Uz;z0=K/S0=1.0;S0=K=100;r=0.09
0.1,-1.6200000000,1.9764930260,0.0021591920,0.7380942519,Delta_Asian=U-z0*Uz;z0=K/S0=1.0;S0=K=100;r=0.09
0.1,-1.6100000000,1.9764697100,0.0025307432,0.7380942519,Delta_Asian=U-z0*Uz;z0=K/S0=1.0;S0=K=100;r=0.09
0.1,-1.6000000000,1.9764424110,0.0029594715,0.7380942519,Delta_Asian=U-z0*Uz;z0=K/S0=1.0;S0=K=100;r=0.09
0.1,-1.5900000000,1.9764105200,0.0034530415,0.7380942519,Delta_Asian=U-z0*Uz;z0=K/S0=1.0;S0=K=100;r=0.09
0.1,-1.5800000000,1.9763733500,0.0040199614,0.7380942519,Delta_Asian=U-z0*Uz;z0=K/S0=1.0;S0=K=100;r=0.09
0.1,-1.5700000000,1.9763301210,0.0046696475,0.7380942519,Delta_Asian=U-z0*Uz;z0=K/S0=1.0;S0=K=100;r=0.09
0.1,-1.5600000000,1.9762799570,0.0054124879,0.7380942519,Delta_Asian=U-z0*Uz;z0=K/S0=1.0;S0=K=100;r=0.09
0.1,-1.5500000000,1.9762218710,0.0062599068,0.7380942519,Delta_Asian=U-z0*Uz;z0=K/S0=1.0;S0=K=100;r=0.09
0.1,-1.5400000000,1.9761547590,0.0072244263,0.7380942519,Delta_Asian=U-z0*Uz;z0=K/S0=1.0;S0=K=100;r=0.09
0.1,-1.5300000000,1.9760773830,0.0083197255,0.7380942519,Delta_Asian=U-z0*Uz;z0=K/S0=1.0;S0=K=100;r=0.09
0.1,-1.5200000000,1.9759883640,0.0095606960,0.7380942519,Delta_Asian=U-z0*Uz;z0=K/S0=1.0;S0=K=100;r=0.09
0.1,-1.5100000000,1.9758861690,0.0109634909,0.7380942519,Delta_Asian=U-z0*Uz;z0=K/S0=1.0;S0=K=100;r=0.09
0.1,-1.5000000000,1.9757690950,0.0125455671,0.7380942519,Delta_Asian=U-z0*Uz;z0=K/S0=1.0;S0=K=100;r=0.09
0.1,-1.4900000000,1.9756352580,0.0143257185,0.7380942519,Delta_Asian=U-z0*Uz;z0=K/S0=1.0;S0=K=100;r=0.09
0.1,-1.4800000000,1.9754825800,0.0163240969,0.7380942519,Delta_Asian=U-z0*Uz;z0=K/S0=1.0;S0=K=100;r=0.09
0.1,-1.4700000000,1.9753087760,0.0185622215,0.7380942519,Delta_Asian=U-z0*Uz;z0=K/S0=1.0;S0=K=100;r=0.09
0.1,-1.4600000000,1.9751113360,0.0210629716,0.7380942519,Delta_Asian=U-z0*Uz;z0=K/S0=1.0;S0=K=100;r=0.09
0.1,-1.4500000000,1.9748875160,0.0238505621,0.7380942519,Delta_Asian=U-z0*Uz;z0=K/S0=1.0;S0=K=100;r=0.09
0.1,-1.4400000000,1.9746343250,0.0269504987,0.7380942519,Delta_Asian=U-z0*Uz;z0=K/S0=1.0;S0=K=100;r=0.09
0.1,-1.4300000000,1.9743485060,0.0303895117,0.7380942519,Delta_Asian=U-z0*Uz;z0=K/S0=1.0;S0=K=100;r=0.09
0.1,-1.4200000000,1.9740265340,0.0341954637,0.7380942519,Delta_Asian=U-z0*Uz;z0=K/S0=1.0;S0=K=100;r=0.09
0.1,-1.4100000000,1.9736645970,0.0383972324,0.7380942519,Delta_Asian=U-z0*Uz;z0=K/S0=1.0;S0=K=100;r=0.09
0.1,-1.4000000000,1.9732585900,0.0430245631,0.7380942519,Delta_Asian=U-z0*Uz;z0=K/S0=1.0;S0=K=100;r=0.09
0.1,-1.3900000000,1.9728041060,0.0481078919,0.7380942519,Delta_Asian=U-z0*Uz;z0=K/S0=1.0;S0=K=100;r=0.09
0.1,-1.3800000000,1.9722964320,0.0536781366,0.7380942519,Delta_Asian=U-z0*Uz;z0=K/S0=1.0;S0=K=100;r=0.09
0.1,-1.3700000000,1.9717305430,0.0597664555,0.7380942519,Delta_Asian=U-z0*Uz;z0=K/S0=1.0;S0=K=100;r=0.09
0.1,-1.3600000000,1.9711011030,0.0664039720,0.7380942519,Delta_Asian=U-z0*Uz;z0=K/S0=1.0;S0=K=100;r=0.09
0.1,-1.3500000000,1.9704024640,0.0736214668,0.7380942519,Delta_Asian=U-z0*Uz;z0=K/S0=1.0;S0=K=100;r=0.09
0.1,-1.3400000000,1.9696286730,0.0814490378,0.7380942519,Delta_Asian=U-z0*Uz;z0=K/S0=1.0;S0=K=100;r=0.09
0.1,-1.3300000000,1.9687734830,0.0899157288,0.7380942519,Delta_Asian=U-z0*Uz;z0=K/S0=1.0;S0=K=100;r=0.09
0.1,-1.3200000000,1.9678303590,0.0990491294,0.7380942519,Delta_Asian=U-z0*Uz;z0=K/S0=1.0;S0=K=100;r=0.09
0.1,-1.3100000000,1.9667925000,0.1088749500,0.7380942519,Delta_Asian=U-z0*Uz;z0=K/S0=1.0;S0=K=100;r=0.09
0.1,-1.3000000000,1.9656528600,0.1194165757,0.7380942519,Delta_Asian=U-z0*Uz;z0=K/S0=1.0;S0=K=100;r=0.09
0.1,-1.2900000000,1.9644041690,0.1306946029,0.7380942519,Delta_Asian=U-z0*Uz;z0=K/S0=1.0;S0=K=100;r=0.09
0.1,-1.2800000000,1.9630389680,0.1427263669,0.7380942519,Delta_Asian=U-z0*Uz;z0=K/S0=1.0;S0=K=100;r=0.09
0.1,-1.2700000000,1.9615496410,0.1555254651,0.7380942519,Delta_Asian=U-z0*Uz;z0=K/S0=1.0;S0=K=100;r=0.09
0.1,-1.2600000000,1.9599284580,0.1691012856,0.7380942519,Delta_Asian=U-z0*Uz;z0=K/S0=1.0;S0=K=100;r=0.09
0.1,-1.2500000000,1.9581676160,0.1834585481,0.7380942519,Delta_Asian=U-z0*Uz;z0=K/S0=1.0;S0=K=100;r=0.09
0.1,-1.2400000000,1.9562592870,0.1985968676,0.7380942519,Delta_Asian=U-z0*Uz;z0=K/S0=1.0;S0=K=100;r=0.09
0.1,-1.2300000000,1.9541956780,0.2145103505,0.7380942519,Delta_Asian=U-z0*Uz;z0=K/S0=1.0;S0=K=100;r=0.09
0.1,-1.2200000000,1.9519690800,0.2311872333,0.7380942519,Delta_Asian=U-z0*Uz;z0=K/S0=1.0;S0=K=100;r=0.09
0.1,-1.2100000000,1.9495719340,0.2486095737,0.7380942519,Delta_Asian=U-z0*Uz;z0=K/S0=1.0;S0=K=100;r=0.09
0.1,-1.2000000000,1.9469968890,0.2667530055,0.7380942519,Delta_Asian=U-z0*Uz;z0=K/S0=1.0;S0=K=100;r=0.09
0.1,-1.1900000000,1.9442368740,0.2855865671,0.7380942519,Delta_Asian=U-z0*Uz;z0=K/S0=1.0;S0=K=100;r=0.09
0.1,-1.1800000000,1.9412851580,0.3050726117,0.7380942519,Delta_Asian=U-z0*Uz;z0=K/S0=1.0;S0=K=100;r=0.09
0.1,-1.1700000000,1.9381354210,0.3251668095,0.7380942519,Delta_Asian=U-z0*Uz;z0=K/S0=1.0;S0=K=100;r=0.09
0.1,-1.1600000000,1.9347818210,0.3458182473,0.7380942519,Delta_Asian=U-z0*Uz;z0=K/S0=1.0;S0=K=100;r=0.09
0.1,-1.1500000000,1.9312190560,0.3669696326,0.7380942519,Delta_Asian=U-z0*Uz;z0=K/S0=1.0;S0=K=100;r=0.09
0.1,-1.1400000000,1.9274424290,0.3885576049,0.7380942519,Delta_Asian=U-z0*Uz;z0=K/S0=1.0;S0=K=100;r=0.09
0.1,-1.1300000000,1.9234479040,0.4105131558,0.7380942519,Delta_Asian=U-z0*Uz;z0=K/S0=1.0;S0=K=100;r=0.09
0.1,-1.1200000000,1.9192321660,0.4327621579,0.7380942519,Delta_Asian=U-z0*Uz;z0=K/S0=1.0;S0=K=100;r=0.09
0.1,-1.1100000000,1.9147926610,0.4552259990,0.7380942519,Delta_Asian=U-z0*Uz;z0=K/S0=1.0;S0=K=100;r=0.09
0.1,-1.1000000000,1.9101276460,0.4778223148,0.7380942519,Delta_Asian=U-z0*Uz;z0=K/S0=1.0;S0=K=100;r=0.09
0.1,-1.0900000000,1.9052362150,0.5004658127,0.7380942519,Delta_Asian=U-z0*Uz;z0=K/S0=1.0;S0=K=100;r=0.09
0.1,-1.0800000000,1.9001183290,0.5230691751,0.7380942519,Delta_Asian=U-z0*Uz;z0=K/S0=1.0;S0=K=100;r=0.09
0.1,-1.0700000000,1.8947748310,0.5455440276,0.7380942519,Delta_Asian=U-z0*Uz;z0=K/S0=1.0;S0=K=100;r=0.09
0.1,-1.0600000000,1.8892074490,0.5678019570,0.7380942519,Delta_Asian=U-z0*Uz;z0=K/S0=1.0;S0=K=100;r=0.09
0.1,-1.0500000000,1.8834187920,0.5897555603,0.7380942519,Delta_Asian=U-z0*Uz;z0=K/S0=1.0;S0=K=100;r=0.09
0.1,-1.0400000000,1.8774123380,0.6113195059,0.7380942519,Delta_Asian=U-z0*Uz;z0=K/S0=1.0;S0=K=100;r=0.09
0.1,-1.0300000000,1.8711924020,0.6324115838,0.7380942519,Delta_Asian=U-z0*Uz;z0=K/S0=1.0;S0=K=100;r=0.09
0.1,-1.0200000000,1.8647641060,0.6529537261,0.7380942519,Delta_Asian=U-z0*Uz;z0=K/S0=1.0;S0=K=100;r=0.09
0.1,-1.0100000000,1.8581333280,0.6728729741,0.7380942519,Delta_Asian=U-z0*Uz;z0=K/S0=1.0;S0=K=100;r=0.09
0.1,-1.0000000000,1.8513066470,0.6921023714,0.7380942519,Delta_Asian=U-z0*Uz;z0=K/S0=1.0;S0=K=100;r=0.09
0.1,-0.9900000000,1.8442912800,0.7105817638,0.7380942519,Delta_Asian=U-z0*Uz;z0=K/S0=1.0;S0=K=100;r=0.09
0.1,-0.9800000000,1.8370950110,0.7282584871,0.7380942519,Delta_Asian=U-z0*Uz;z0=K/S0=1.0;S0=K=100;r=0.09
0.1,-0.9700000000,1.8297261100,0.7450879278,0.7380942519,Delta_Asian=U-z0*Uz;z0=K/S0=1.0;S0=K=100;r=0.09
0.1,-0.9600000000,1.8221932530,0.7610339440,0.7380942519,Delta_Asian=U-z0*Uz;z0=K/S0=1.0;S0=K=100;r=0.09
0.1,-0.9500000000,1.8145054320,0.7760691374,0.7380942519,Delta_Asian=U-z0*Uz;z0=K/S0=1.0;S0=K=100;r=0.09
0.1,-0.9400000000,1.8066718700,0.7901749703,0.7380942519,Delta_Asian=U-z0*Uz;z0=K/S0=1.0;S0=K=100;r=0.09
0.1,-0.9300000000,1.7987019320,0.8033417277,0.7380942519,Delta_Asian=U-z0*Uz;z0=K/S0=1.0;S0=K=100;r=0.09
0.1,-0.9200000000,1.7906050350,0.8155683260,0.7380942519,Delta_Asian=U-z0*Uz;z0=K/S0=1.0;S0=K=100;r=0.09
0.1,-0.9100000000,1.7823905660,0.8268619749,0.7380942519,Delta_Asian=U-z0*Uz;z0=K/S0=1.0;S0=K=100;r=0.09
0.1,-0.9000000000,1.7740677960,0.8372377045,0.7380942519,Delta_Asian=U-z0*Uz;z0=K/S0=1.0;S0=K=100;r=0.09
0.1,-0.8900000000,1.7656458120,0.8467177702,0.7380942519,Delta_Asian=U-z0*Uz;z0=K/S0=1.0;S0=K=100;r=0.09
0.1,-0.8800000000,1.7571334410,0.8553309536,0.7380942519,Delta_Asian=U-z0*Uz;z0=K/S0=1.0;S0=K=100;r=0.09
0.1,-0.8700000000,1.7485391920,0.8631117781,0.7380942519,Delta_Asian=U-z0*Uz;z0=K/S0=1.0;S0=K=100;r=0.09
0.1,-0.8600000000,1.7398712050,0.8700996618,0.7380942519,Delta_Asian=U-z0*Uz;z0=K/S0=1.0;S0=K=100;r=0.09
0.1,-0.8500000000,1.7311371990,0.8763380288,0.7380942519,Delta_Asian=U-z0*Uz;z0=K/S0=1.0;S0=K=100;r=0.09
0.1,-0.8400000000,1.7223444440,0.8818734024,0.7380942519,Delta_Asian=U-z0*Uz;z0=K/S0=1.0;S0=K=100;r=0.09
0.1,-0.8300000000,1.7134997310,0.8867545031,0.7380942519,Delta_Asian=U-z0*Uz;z0=K/S0=1.0;S0=K=100;r=0.09
0.1,-0.8200000000,1.7046093540,0.8910313708,0.7380942519,Delta_Asian=U-z0*Uz;z0=K/S0=1.0;S0=K=100;r=0.09
0.1,-0.8100000000,1.6956791040,0.8947545318,0.7380942519,Delta_Asian=U-z0*Uz;z0=K/S0=1.0;S0=K=100;r=0.09
0.1,-0.8000000000,1.6867142640,0.8979742272,0.7380942519,Delta_Asian=U-z0*Uz;z0=K/S0=1.0;S0=K=100;r=0.09
0.1,-0.7900000000,1.6777196190,0.9007397164,0.7380942519,Delta_Asian=U-z0*Uz;z0=K/S0=1.0;S0=K=100;r=0.09
0.1,-0.7800000000,1.6686994690,0.9030986665,0.7380942519,Delta_Asian=U-z0*Uz;z0=K/S0=1.0;S0=K=100;r=0.09
0.1,-0.7700000000,1.6596576460,0.9050966344,0.7380942519,Delta_Asian=U-z0*Uz;z0=K/S0=1.0;S0=K=100;r=0.09
0.1,-0.7600000000,1.6505975370,0.9067766480,0.7380942519,Delta_Asian=U-z0*Uz;z0=K/S0=1.0;S0=K=100;r=0.09
0.1,-0.7500000000,1.6415221130,0.9081788832,0.7380942519,Delta_Asian=U-z0*Uz;z0=K/S0=1.0;S0=K=100;r=0.09
0.1,-0.7400000000,1.6324339590,0.9093404390,0.7380942519,Delta_Asian=U-z0*Uz;z0=K/S0=1.0;S0=K=100;r=0.09
0.1,-0.7300000000,1.6233353040,0.9102952013,0.7380942519,Delta_Asian=U-z0*Uz;z0=K/S0=1.0;S0=K=100;r=0.09
0.1,-0.7200000000,1.6142280550,0.9110737920,0.7380942519,Delta_Asian=U-z0*Uz;z0=K/S0=1.0;S0=K=100;r=0.09
0.1,-0.7100000000,1.6051138280,0.9117035912,0.7380942519,Delta_Asian=U-z0*Uz;z0=K/S0=1.0;S0=K=100;r=0.09
0.1,-0.7000000000,1.5959939830,0.9122088241,0.7380942519,Delta_Asian=U-z0*Uz;z0=K/S0=1.0;S0=K=100;r=0.09
0.1,-0.6900000000,1.5868696520,0.9126107009,0.7380942519,Delta_Asian=U-z0*Uz;z0=K/S0=1.0;S0=K=100;r=0.09
0.1,-0.6800000000,1.5777417690,0.9129275981,0.7380942519,Delta_Asian=U-z0*Uz;z0=K/S0=1.0;S0=K=100;r=0.09
0.1,-0.6700000000,1.5686111000,0.9131752704,0.7380942519,Delta_Asian=U-z0*Uz;z0=K/S0=1.0;S0=K=100;r=0.09
0.1,-0.6600000000,1.5594782640,0.9133670828,0.7380942519,Delta_Asian=U-z0*Uz;z0=K/S0=1.0;S0=K=100;r=0.09
0.1,-0.6500000000,1.5503437580,0.9135142530,0.7380942519,Delta_Asian=U-z0*Uz;z0=K/S0=1.0;S0=K=100;r=0.09
0.1,-0.6400000000,1.5412079790,0.9136260954,0.7380942519,Delta_Asian=U-z0*Uz;z0=K/S0=1.0;S0=K=100;r=0.09
0.1,-0.6300000000,1.5320712360,0.9137102609,0.7380942519,Delta_Asian=U-z0*Uz;z0=K/S0=1.0;S0=K=100;r=0.09
0.1,-0.6200000000,1.5229337730,0.9137729650,0.7380942519,Delta_Asian=U-z0*Uz;z0=K/S0=1.0;S0=K=100;r=0.09
0.1,-0.6100000000,1.5137957770,0.9138192011,0.7380942519,Delta_Asian=U-z0*Uz;z0=K/S0=1.0;S0=K=100;r=0.09
0.1,-0.6000000000,1.5046573890,0.9138529357,0.7380942519,Delta_Asian=U-z0*Uz;z0=K/S0=1.0;S0=K=100;r=0.09
0.1,-0.5900000000,1.4955187180,0.9138772836,0.7380942519,Delta_Asian=U-z0*Uz;z0=K/S0=1.0;S0=K=100;r=0.09
0.1,-0.5800000000,1.4863798440,0.9138946623,0.7380942519,Delta_Asian=U-z0*Uz;z0=K/S0=1.0;S0=K=100;r=0.09
0.1,-0.5700000000,1.4772408250,0.9139069257,0.7380942519,Delta_Asian=U-z0*Uz;z0=K/S0=1.0;S0=K=100;r=0.09
0.1,-0.5600000000,1.4681017050,0.9139154787,0.7380942519,Delta_Asian=U-z0*Uz;z0=K/S0=1.0;S0=K=100;r=0.09
0.1,-0.5500000000,1.4589625150,0.9139213725,0.7380942519,Delta_Asian=U-z0*Uz;z0=K/S0=1.0;S0=K=100;r=0.09
0.1,-0.5400000000,1.4498232780,0.9139253840,0.7380942519,Delta_Asian=U-z0*Uz;z0=K/S0=1.0;S0=K=100;r=0.09
0.1,-0.5300000000,1.4406840080,0.9139280799,0.7380942519,Delta_Asian=U-z0*Uz;z0=K/S0=1.0;S0=K=100;r=0.09
0.1,-0.5200000000,1.4315447160,0.9139298681,0.7380942519,Delta_Asian=U-z0*Uz;z0=K/S0=1.0;S0=K=100;r=0.09
0.1,-0.5100000000,1.4224054100,0.9139310385,0.7380942519,Delta_Asian=U-z0*Uz;z0=K/S0=1.0;S0=K=100;r=0.09
0.1,-0.5000000000,1.4132660950,0.9139317940,0.7380942519,Delta_Asian=U-z0*Uz;z0=K/S0=1.0;S0=K=100;r=0.09
0.1,-0.4900000000,1.4041267750,0.9139322748,0.7380942519,Delta_Asian=U-z0*Uz;z0=K/S0=1.0;S0=K=100;r=0.09
0.1,-0.4800000000,1.3949874500,0.9139325763,0.7380942519,Delta_Asian=U-z0*Uz;z0=K/S0=1.0;S0=K=100;r=0.09
0.1,-0.4700000000,1.3858481230,0.9139327626,0.7380942519,Delta_Asian=U-z0*Uz;z0=K/S0=1.0;S0=K=100;r=0.09
0.1,-0.4600000000,1.3767087950,0.9139328760,0.7380942519,Delta_Asian=U-z0*Uz;z0=K/S0=1.0;S0=K=100;r=0.09
0.1,-0.4500000000,1.3675694650,0.9139329438,0.7380942519,Delta_Asian=U-z0*Uz;z0=K/S0=1.0;S0=K=100;r=0.09
0.1,-0.4400000000,1.3584301360,0.9139329838,0.7380942519,Delta_Asian=U-z0*Uz;z0=K/S0=1.0;S0=K=100;r=0.09
0.1,-0.4300000000,1.3492908060,0.9139330069,0.7380942519,Delta_Asian=U-z0*Uz;z0=K/S0=1.0;S0=K=100;r=0.09
0.1,-0.4200000000,1.3401514760,0.9139330201,0.7380942519,Delta_Asian=U-z0*Uz;z0=K/S0=1.0;S0=K=100;r=0.09
0.1,-0.4100000000,1.3310121450,0.9139330274,0.7380942519,Delta_Asian=U-z0*Uz;z0=K/S0=1.0;S0=K=100;r=0.09
0.1,-0.4000000000,1.3218728150,0.9139330314,0.7380942519,Delta_Asian=U-z0*Uz;z0=K/S0=1.0;S0=K=100;r=0.09
0.1,-0.3900000000,1.3127334850,0.9139330337,0.7380942519,Delta_Asian=U-z0*Uz;z0=K/S0=1.0;S0=K=100;r=0.09
0.1,-0.3800000000,1.3035941540,0.9139330347,0.7380942519,Delta_Asian=U-z0*Uz;z0=K/S0=1.0;S0=K=100;r=0.09
0.1,-0.3700000000,1.2944548240,0.9139330353,0.7380942519,Delta_Asian=U-z0*Uz;z0=K/S0=1.0;S0=K=100;r=0.09
0.1,-0.3600000000,1.2853154940,0.9139330358,0.7380942519,Delta_Asian=U-z0*Uz;z0=K/S0=1.0;S0=K=100;r=0.09
0.1,-0.3500000000,1.2761761630,0.9139330354,0.7380942519,Delta_Asian=U-z0*Uz;z0=K/S0=1.0;S0=K=100;r=0.09
0.1,-0.3400000000,1.2670368330,0.9139330364,0.7380942519,Delta_Asian=U-z0*Uz;z0=K/S0=1.0;S0=K=100;r=0.09
0.1,-0.3300000000,1.2578975030,0.9139330356,0.7380942519,Delta_Asian=U-z0*Uz;z0=K/S0=1.0;S0=K=100;r=0.09
0.1,-0.3200000000,1.2487581720,0.9139330352,0.7380942519,Delta_Asian=U-z0*Uz;z0=K/S0=1.0;S0=K=100;r=0.09
0.1,-0.3100000000,1.2396188420,0.9139330386,0.7380942519,Delta_Asian=U-z0*Uz;z0=K/S0=1.0;S0=K=100;r=0.09
0.1,-0.3000000000,1.2304795120,0.9139330315,0.7380942519,Delta_Asian=U-z0*Uz;z0=K/S0=1.0;S0=K=100;r=0.09
0.1,-0.2900000000,1.2213401810,0.9139330395,0.7380942519,Delta_Asian=U-z0*Uz;z0=K/S0=1.0;S0=K=100;r=0.09
0.1,-0.2800000000,1.2122008510,0.9139330386,0.7380942519,Delta_Asian=U-z0*Uz;z0=K/S0=1.0;S0=K=100;r=0.09
0.1,-0.2700000000,1.2030615210,0.9139330216,0.7380942519,Delta_Asian=U-z0*Uz;z0=K/S0=1.0;S0=K=100;r=0.09
0.1,-0.2600000000,1.1939221900,0.9139330606,0.7380942519,Delta_Asian=U-z0*Uz;z0=K/S0=1.0;S0=K=100;r=0.09
0.1,-0.2500000000,1.1847828590,0.9139330163,0.7380942519,Delta_Asian=U-z0*Uz;z0=K/S0=1.0;S0=K=100;r=0.09
0.1,-0.2400000000,1.1756435300,0.9139330222,0.7380942519,Delta_Asian=U-z0*Uz;z0=K/S0=1.0;S0=K=100;r=0.09
0.1,-0.2300000000,1.1665041990,0.9139331042,0.7380942519,Delta_Asian=U-z0*Uz;z0=K/S0=1.0;S0=K=100;r=0.09
0.1,-0.2200000000,1.1573648680,0.9139329327,0.7380942519,Delta_Asian=U-z0*Uz;z0=K/S0=1.0;S0=K=100;r=0.09
0.1,-0.2100000000,1.1482255400,0.9139330938,0.7380942519,Delta_Asian=U-z0*Uz;z0=K/S0=1.0;S0=K=100;r=0.09
0.1,-0.2000000000,1.1390862060,0.9139331294,0.7380942519,Delta_Asian=U-z0*Uz;z0=K/S0=1.0;S0=K=100;r=0.09
0.1,-0.1900000000,1.1299468780,0.9139327627,0.7380942519,Delta_Asian=U-z0*Uz;z0=K/S0=1.0;S0=K=100;r=0.09
0.1,-0.1800000000,1.1208075510,0.9139333355,0.7380942519,Delta_Asian=U-z0*Uz;z0=K/S0=1.0;S0=K=100;r=0.09
0.1,-0.1700000000,1.1116682110,0.9139330180,0.7380942519,Delta_Asian=U-z0*Uz;z0=K/S0=1.0;S0=K=100;r=0.09
0.1,-0.1600000000,1.1025288900,0.9139325514,0.7380942519,Delta_Asian=U-z0*Uz;z0=K/S0=1.0;S0=K=100;r=0.09
0.1,-0.1500000000,1.0933895600,0.9139338294,0.7380942519,Delta_Asian=U-z0*Uz;z0=K/S0=1.0;S0=K=100;r=0.09
0.1,-0.1400000000,1.0842502140,0.9139326077,0.7380942519,Delta_Asian=U-z0*Uz;z0=K/S0=1.0;S0=K=100;r=0.09
0.1,-0.1300000000,1.0751109080,0.9139324202,0.7380942519,Delta_Asian=U-z0*Uz;z0=K/S0=1.0;S0=K=100;r=0.09
0.1,-0.1200000000,1.0659715650,0.9139345816,0.7380942519,Delta_Asian=U-z0*Uz;z0=K/S0=1.0;S0=K=100;r=0.09
0.1,-0.1100000000,1.0568322160,0.9139317920,0.7380942519,Delta_Asian=U-z0*Uz;z0=K/S0=1.0;S0=K=100;r=0.09
0.1,-0.1000000000,1.0476929300,0.9139324766,0.7380942519,Delta_Asian=U-z0*Uz;z0=K/S0=1.0;S0=K=100;r=0.09
0.1,-0.0900000000,1.0385535670,0.9139355358,0.7380942519,Delta_Asian=U-z0*Uz;z0=K/S0=1.0;S0=K=100;r=0.09
0.1,-0.0800000000,1.0294142190,0.9139306133,0.7380942519,Delta_Asian=U-z0*Uz;z0=K/S0=1.0;S0=K=100;r=0.09
0.1,-0.0700000000,1.0202749540,0.9139326748,0.7380942519,Delta_Asian=U-z0*Uz;z0=K/S0=1.0;S0=K=100;r=0.09
0.1,-0.0600000000,1.0111355650,0.9139366451,0.7380942519,Delta_Asian=U-z0*Uz;z0=K/S0=1.0;S0=K=100;r=0.09
0.1,-0.0500000000,1.0019962210,0.9139292993,0.7380942519,Delta_Asian=U-z0*Uz;z0=K/S0=1.0;S0=K=100;r=0.09
0.1,-0.0400000000,0.9928569794,0.9139327477,0.7380942519,Delta_Asian=U-z0*Uz;z0=K/S0=1.0;S0=K=100;r=0.09
0.1,-0.0300000000,0.9837175665,0.9139378915,0.7380942519,Delta_Asian=U-z0*Uz;z0=K/S0=1.0;S0=K=100;r=0.09
0.1,-0.0200000000,0.9745782216,0.9139282539,0.7380942519,Delta_Asian=U-z0*Uz;z0=K/S0=1.0;S0=K=100;r=0.09
0.1,-0.0100000000,0.9654390014,0.9139322987,0.7380942519,Delta_Asian=U-z0*Uz;z0=K/S0=1.0;S0=K=100;r=0.09
0.1,0.0000000000,0.9562995756,0.9139391645,0.7380942519,Delta_Asian=U-z0*Uz;z0=K/S0=1.0;S0=K=100;r=0.09
0.1,0.0100000000,0.9471602181,0.9139280040,0.7380942519,Delta_Asian=U-z0*Uz;z0=K/S0=1.0;S0=K=100;r=0.09
0.1,0.0200000000,0.9380210155,0.9139310713,0.7380942519,Delta_Asian=U-z0*Uz;z0=K/S0=1.0;S0=K=100;r=0.09
0.1,0.0300000000,0.9288815967,0.9139400773,0.7380942519,Delta_Asian=U-z0*Uz;z0=K/S0=1.0;S0=K=100;r=0.09
0.1,0.0400000000,0.9197422140,0.9139290126,0.7380942519,Delta_Asian=U-z0*Uz;z0=K/S0=1.0;S0=K=100;r=0.09
0.1,0.0500000000,0.9106030164,0.9139292908,0.7380942519,Delta_Asian=U-z0*Uz;z0=K/S0=1.0;S0=K=100;r=0.09
0.1,0.0600000000,0.9014636281,0.9139399757,0.7380942519,Delta_Asian=U-z0*Uz;z0=K/S0=1.0;S0=K=100;r=0.09
0.1,0.0700000000,0.8923242169,0.9139313016,0.7380942519,Delta_Asian=U-z0*Uz;z0=K/S0=1.0;S0=K=100;r=0.09
0.1,0.0800000000,0.8831850021,0.9139277971,0.7380942519,Delta_Asian=U-z0*Uz;z0=K/S0=1.0;S0=K=100;r=0.09
0.1,0.0900000000,0.8740456610,0.9139383574,0.7380942519,Delta_Asian=U-z0*Uz;z0=K/S0=1.0;S0=K=100;r=0.09
0.1,0.1000000000,0.8649062350,0.9139341117,0.7380942519,Delta_Asian=U-z0*Uz;z0=K/S0=1.0;S0=K=100;r=0.09
0.1,0.1100000000,0.8557669787,0.9139276412,0.7380942519,Delta_Asian=U-z0*Uz;z0=K/S0=1.0;S0=K=100;r=0.09
0.1,0.1200000000,0.8466276821,0.9139355073,0.7380942519,Delta_Asian=U-z0*Uz;z0=K/S0=1.0;S0=K=100;r=0.09
0.1,0.1300000000,0.8374882686,0.9139361017,0.7380942519,Delta_Asian=U-z0*Uz;z0=K/S0=1.0;S0=K=100;r=0.09
0.1,0.1400000000,0.8283489601,0.9139292154,0.7380942519,Delta_Asian=U-z0*Uz;z0=K/S0=1.0;S0=K=100;r=0.09
0.1,0.1500000000,0.8192096843,0.9139326635,0.7380942519,Delta_Asian=U-z0*Uz;z0=K/S0=1.0;S0=K=100;r=0.09
0.1,0.1600000000,0.8100703068,0.9139362725,0.7380942519,Delta_Asian=U-z0*Uz;z0=K/S0=1.0;S0=K=100;r=0.09
0.1,0.1700000000,0.8009309588,0.9139316911,0.7380942519,Delta_Asian=U-z0*Uz;z0=K/S0=1.0;S0=K=100;r=0.09
0.1,0.1800000000,0.7917916730,0.9139312071,0.7380942519,Delta_Asian=U-z0*Uz;z0=K/S0=1.0;S0=K=100;r=0.09
0.1,0.1900000000,0.7826523347,0.9139348846,0.7380942519,Delta_Asian=U-z0*Uz;z0=K/S0=1.0;S0=K=100;r=0.09
0.1,0.2000000000,0.7735129753,0.9139335772,0.7380942519,Delta_Asian=U-z0*Uz;z0=K/S0=1.0;S0=K=100;r=0.09
0.1,0.2100000000,0.7643736631,0.9139314744,0.7380942519,Delta_Asian=U-z0*Uz;z0=K/S0=1.0;S0=K=100;r=0.09
0.1,0.2200000000,0.7552343458,0.9139332642,0.7380942519,Delta_Asian=U-z0*Uz;z0=K/S0=1.0;S0=K=100;r=0.09
0.1,0.2300000000,0.7460949978,0.9139340408,0.7380942519,Delta_Asian=U-z0*Uz;z0=K/S0=1.0;S0=K=100;r=0.09
0.1,0.2400000000,0.7369556650,0.9139325274,0.7380942519,Delta_Asian=U-z0*Uz;z0=K/S0=1.0;S0=K=100;r=0.09
0.1,0.2500000000,0.7278163473,0.9139325266,0.7380942519,Delta_Asian=U-z0*Uz;z0=K/S0=1.0;S0=K=100;r=0.09
0.1,0.2600000000,0.7186770145,0.9139335307,0.7380942519,Delta_Asian=U-z0*Uz;z0=K/S0=1.0;S0=K=100;r=0.09
0.1,0.2700000000,0.7095376767,0.9139332241,0.7380942519,Delta_Asian=U-z0*Uz;z0=K/S0=1.0;S0=K=100;r=0.09
0.1,0.2800000000,0.7003983500,0.9139326679,0.7380942519,Delta_Asian=U-z0*Uz;z0=K/S0=1.0;S0=K=100;r=0.09
0.1,0.2900000000,0.6912590233,0.9139330101,0.7380942519,Delta_Asian=U-z0*Uz;z0=K/S0=1.0;S0=K=100;r=0.09
0.1,0.3000000000,0.6821196898,0.9139332703,0.7380942519,Delta_Asian=U-z0*Uz;z0=K/S0=1.0;S0=K=100;r=0.09
0.1,0.3100000000,0.6729803579,0.9139330011,0.7380942519,Delta_Asian=U-z0*Uz;z0=K/S0=1.0;S0=K=100;r=0.09
0.1,0.3200000000,0.6638410298,0.9139329018,0.7380942519,Delta_Asian=U-z0*Uz;z0=K/S0=1.0;S0=K=100;r=0.09
0.1,0.3300000000,0.6547016999,0.9139330808,0.7380942519,Delta_Asian=U-z0*Uz;z0=K/S0=1.0;S0=K=100;r=0.09
0.1,0.3400000000,0.6455623682,0.9139331069,0.7380942519,Delta_Asian=U-z0*Uz;z0=K/S0=1.0;S0=K=100;r=0.09
0.1,0.3500000000,0.6364230377,0.9139329997,0.7380942519,Delta_Asian=U-z0*Uz;z0=K/S0=1.0;S0=K=100;r=0.09
0.1,0.3600000000,0.6272837082,0.9139330004,0.7380942519,Delta_Asian=U-z0*Uz;z0=K/S0=1.0;S0=K=100;r=0.09
0.1,0.3700000000,0.6181443777,0.9139330602,0.7380942519,Delta_Asian=U-z0*Uz;z0=K/S0=1.0;S0=K=100;r=0.09
0.1,0.3800000000,0.6090050470,0.9139330531,0.7380942519,Delta_Asian=U-z0*Uz;z0=K/S0=1.0;S0=K=100;r=0.09
0.1,0.3900000000,0.5998657167,0.9139330213,0.7380942519,Delta_Asian=U-z0*Uz;z0=K/S0=1.0;S0=K=100;r=0.09
0.1,0.4000000000,0.5907263865,0.9139330277,0.7380942519,Delta_Asian=U-z0*Uz;z0=K/S0=1.0;S0=K=100;r=0.09
0.1,0.4100000000,0.5815870561,0.9139330441,0.7380942519,Delta_Asian=U-z0*Uz;z0=K/S0=1.0;S0=K=100;r=0.09
0.1,0.4200000000,0.5724477257,0.9139330399,0.7380942519,Delta_Asian=U-z0*Uz;z0=K/S0=1.0;S0=K=100;r=0.09
0.1,0.4300000000,0.5633083953,0.9139330316,0.7380942519,Delta_Asian=U-z0*Uz;z0=K/S0=1.0;S0=K=100;r=0.09
0.1,0.4400000000,0.5541690650,0.9139330339,0.7380942519,Delta_Asian=U-z0*Uz;z0=K/S0=1.0;S0=K=100;r=0.09
0.1,0.4500000000,0.5450297346,0.9139330381,0.7380942519,Delta_Asian=U-z0*Uz;z0=K/S0=1.0;S0=K=100;r=0.09
0.1,0.4600000000,0.5358904043,0.9139330370,0.7380942519,Delta_Asian=U-z0*Uz;z0=K/S0=1.0;S0=K=100;r=0.09
0.1,0.4700000000,0.5267510739,0.9139330349,0.7380942519,Delta_Asian=U-z0*Uz;z0=K/S0=1.0;S0=K=100;r=0.09
0.1,0.4800000000,0.5176117436,0.9139330354,0.7380942519,Delta_Asian=U-z0*Uz;z0=K/S0=1.0;S0=K=100;r=0.09
0.1,0.4900000000,0.5084724132,0.9139330364,0.7380942519,Delta_Asian=U-z0*Uz;z0=K/S0=1.0;S0=K=100;r=0.09
0.1,0.5000000000,0.4993330828,0.9139330362,0.7380942519,Delta_Asian=U-z0*Uz;z0=K/S0=1.0;S0=K=100;r=0.09
0.1,0.5100000000,0.4901937525,0.9139330357,0.7380942519,Delta_Asian=U-z0*Uz;z0=K/S0=1.0;S0=K=100;r=0.09
0.1,0.5200000000,0.4810544221,0.9139330358,0.7380942519,Delta_Asian=U-z0*Uz;z0=K/S0=1.0;S0=K=100;r=0.09
0.1,0.5300000000,0.4719150918,0.9139330360,0.7380942519,Delta_Asian=U-z0*Uz;z0=K/S0=1.0;S0=K=100;r=0.09
0.1,0.5400000000,0.4627757614,0.9139330360,0.7380942519,Delta_Asian=U-z0*Uz;z0=K/S0=1.0;S0=K=100;r=0.09
0.1,0.5500000000,0.4536364310,0.9139330359,0.7380942519,Delta_Asian=U-z0*Uz;z0=K/S0=1.0;S0=K=100;r=0.09
0.1,0.5600000000,0.4444971007,0.9139330359,0.7380942519,Delta_Asian=U-z0*Uz;z0=K/S0=1.0;S0=K=100;r=0.09
0.1,0.5700000000,0.4353577703,0.9139330359,0.7380942519,Delta_Asian=U-z0*Uz;z0=K/S0=1.0;S0=K=100;r=0.09
0.1,0.5800000000,0.4262184400,0.9139330359,0.7380942519,Delta_Asian=U-z0*Uz;z0=K/S0=1.0;S0=K=100;r=0.09
0.1,0.5900000000,0.4170791096,0.9139330359,0.7380942519,Delta_Asian=U-z0*Uz;z0=K/S0=1.0;S0=K=100;r=0.09
0.1,0.6000000000,0.4079397792,0.9139330359,0.7380942519,Delta_Asian=U-z0*Uz;z0=K/S0=1.0;S0=K=100;r=0.09
0.1,0.6100000000,0.3988004489,0.9139330359,0.7380942519,Delta_Asian=U-z0*Uz;z0=K/S0=1.0;S0=K=100;r=0.09
0.1,0.6200000000,0.3896611185,0.9139330359,0.7380942519,Delta_Asian=U-z0*Uz;z0=K/S0=1.0;S0=K=100;r=0.09
0.1,0.6300000000,0.3805217882,0.9139330359,0.7380942519,Delta_Asian=U-z0*Uz;z0=K/S0=1.0;S0=K=100;r=0.09
0.1,0.6400000000,0.3713824578,0.9139330359,0.7380942519,Delta_Asian=U-z0*Uz;z0=K/S0=1.0;S0=K=100;r=0.09
0.1,0.6500000000,0.3622431274,0.9139330359,0.7380942519,Delta_Asian=U-z0*Uz;z0=K/S0=1.0;S0=K=100;r=0.09
0.1,0.6600000000,0.3531037971,0.9139330359,0.7380942519,Delta_Asian=U-z0*Uz;z0=K/S0=1.0;S0=K=100;r=0.09
0.1,0.6700000000,0.3439644667,0.9139330359,0.7380942519,Delta_Asian=U-z0*Uz;z0=K/S0=1.0;S0=K=100;r=0.09
0.1,0.6800000000,0.3348251364,0.9139330359,0.7380942519,Delta_Asian=U-z0*Uz;z0=K/S0=1.0;S0=K=100;r=0.09
0.1,0.6900000000,0.3256858060,0.9139330359,0.7380942519,Delta_Asian=U-z0*Uz;z0=K/S0=1.0;S0=K=100;r=0.09
0.1,0.7000000000,0.3165464756,0.9139330359,0.7380942519,Delta_Asian=U-z0*Uz;z0=K/S0=1.0;S0=K=100;r=0.09
0.1,0.7100000000,0.3074071453,0.9139330359,0.7380942519,Delta_Asian=U-z0*Uz;z0=K/S0=1.0;S0=K=100;r=0.09
0.1,0.7200000000,0.2982678149,0.9139330359,0.7380942519,Delta_Asian=U-z0*Uz;z0=K/S0=1.0;S0=K=100;r=0.09
0.1,0.7300000000,0.2891284846,0.9139330355,0.7380942519,Delta_Asian=U-z0*Uz;z0=K/S0=1.0;S0=K=100;r=0.09
0.1,0.7400000000,0.2799891542,0.9139330340,0.7380942519,Delta_Asian=U-z0*Uz;z0=K/S0=1.0;S0=K=100;r=0.09
0.1,0.7500000000,0.2708498239,0.9139330274,0.7380942519,Delta_Asian=U-z0*Uz;z0=K/S0=1.0;S0=K=100;r=0.09
0.1,0.7600000000,0.2617104937,0.9139330016,0.7380942519,Delta_Asian=U-z0*Uz;z0=K/S0=1.0;S0=K=100;r=0.09
0.1,0.7700000000,0.2525711639,0.9139329088,0.7380942519,Delta_Asian=U-z0*Uz;z0=K/S0=1.0;S0=K=100;r=0.09
0.1,0.7800000000,0.2434318355,0.9139326015,0.7380942519,Delta_Asian=U-z0*Uz;z0=K/S0=1.0;S0=K=100;r=0.09
0.1,0.7900000000,0.2342925118,0.9139316616,0.7380942519,Delta_Asian=U-z0*Uz;z0=K/S0=1.0;S0=K=100;r=0.09
0.1,0.8000000000,0.2251532023,0.9139289962,0.7380942519,Delta_Asian=U-z0*Uz;z0=K/S0=1.0;S0=K=100;r=0.09
0.1,0.8100000000,0.2160139319,0.9139219603,0.7380942519,Delta_Asian=U-z0*Uz;z0=K/S0=1.0;S0=K=100;r=0.09
0.1,0.8200000000,0.2068747631,0.9139046098,0.7380942519,Delta_Asian=U-z0*Uz;z0=K/S0=1.0;S0=K=100;r=0.09
0.1,0.8300000000,0.1977358397,0.9138644952,0.7380942519,Delta_Asian=U-z0*Uz;z0=K/S0=1.0;S0=K=100;r=0.09
0.1,0.8400000000,0.1885974732,0.9137772432,0.7380942519,Delta_Asian=U-z0*Uz;z0=K/S0=1.0;S0=K=100;r=0.09
0.1,0.8500000000,0.1794602948,0.9135981282,0.7380942519,Delta_Asian=U-z0*Uz;z0=K/S0=1.0;S0=K=100;r=0.09
0.1,0.8600000000,0.1703255106,0.9132500403,0.7380942519,Delta_Asian=U-z0*Uz;z0=K/S0=1.0;S0=K=100;r=0.09
0.1,0.8700000000,0.1611952940,0.9126078282,0.7380942519,Delta_Asian=U-z0*Uz;z0=K/S0=1.0;S0=K=100;r=0.09
0.1,0.8800000000,0.1520733540,0.9114799784,0.7380942519,Delta_Asian=U-z0*Uz;z0=K/S0=1.0;S0=K=100;r=0.09
0.1,0.8900000000,0.1429656945,0.9095899012,0.7380942519,Delta_Asian=U-z0*Uz;z0=K/S0=1.0;S0=K=100;r=0.09
0.1,0.9000000000,0.1338815560,0.9065604608,0.7380942519,Delta_Asian=U-z0*Uz;z0=K/S0=1.0;S0=K=100;r=0.09
0.1,0.9100000000,0.1248344853,0.9019064167,0.7380942519,Delta_Asian=U-z0*Uz;z0=K/S0=1.0;S0=K=100;r=0.09
0.1,0.9200000000,0.1158434277,0.8950396683,0.7380942519,Delta_Asian=U-z0*Uz;z0=K/S0=1.0;S0=K=100;r=0.09
0.1,0.9300000000,0.1069336919,0.8852912710,0.7380942519,Delta_Asian=U-z0*Uz;z0=K/S0=1.0;S0=K=100;r=0.09
0.1,0.9400000000,0.0981376022,0.8719520076,0.7380942519,Delta_Asian=U-z0*Uz;z0=K/S0=1.0;S0=K=100;r=0.09
0.1,0.9500000000,0.0894946517,0.8543301098,0.7380942519,Delta_Asian=U-z0*Uz;z0=K/S0=1.0;S0=K=100;r=0.09
0.1,0.9600000000,0.0810510001,0.8318211240,0.7380942519,Delta_Asian=U-z0*Uz;z0=K/S0=1.0;S0=K=100;r=0.09
0.1,0.9700000000,0.0728582293,0.8039817119,0.7380942519,Delta_Asian=U-z0*Uz;z0=K/S0=1.0;S0=K=100;r=0.09
0.1,0.9800000000,0.0649713658,0.7705971901,0.7380942519,Delta_Asian=U-z0*Uz;z0=K/S0=1.0;S0=K=100;r=0.09
0.1,0.9900000000,0.0574462855,0.7317324297,0.7380942519,Delta_Asian=U-z0*Uz;z0=K/S0=1.0;S0=K=100;r=0.09
0.1,1.0000000000,0.0503367172,0.6877575347,0.7380942519,Delta_Asian=U-z0*Uz;z0=K/S0=1.0;S0=K=100;r=0.09
0.1,1.0100000000,0.0436911348,0.6393432114,0.7380942519,Delta_Asian=U-z0*Uz;z0=K/S0=1.0;S0=K=100;r=0.09
0.1,1.0200000000,0.0375498530,0.5874252396,0.7380942519,Delta_Asian=U-z0*Uz;z0=K/S0=1.0;S0=K=100;r=0.09
0.1,1.0300000000,0.0319426300,0.5331420538,0.7380942519,Delta_Asian=U-z0*Uz;z0=K/S0=1.0;S0=K=100;r=0.09
0.1,1.0400000000,0.0268870119,0.4777532562,0.7380942519,Delta_Asian=U-z0*Uz;z0=K/S0=1.0;S0=K=100;r=0.09
0.1,1.0500000000,0.0223875648,0.4225492244,0.7380942519,Delta_Asian=U-z0*Uz;z0=K/S0=1.0;S0=K=100;r=0.09
0.1,1.0600000000,0.0184360274,0.3687625452,0.7380942519,Delta_Asian=U-z0*Uz;z0=K/S0=1.0;S0=K=100;r=0.09
0.1,1.0700000000,0.0150123139,0.3174908642,0.7380942519,Delta_Asian=U-z0*Uz;z0=K/S0=1.0;S0=K=100;r=0.09
0.1,1.0800000000,0.0120862101,0.2696382817,0.7380942519,Delta_Asian=U-z0*Uz;z0=K/S0=1.0;S0=K=100;r=0.09
0.1,1.0900000000,0.0096195483,0.2258792422,0.7380942519,Delta_Asian=U-z0*Uz;z0=K/S0=1.0;S0=K=100;r=0.09
0.1,1.1000000000,0.0075686253,0.1866455761,0.7380942519,Delta_Asian=U-z0*Uz;z0=K/S0=1.0;S0=K=100;r=0.09
0.1,1.1100000000,0.0058866368,0.1521345091,0.7380942519,Delta_Asian=U-z0*Uz;z0=K/S0=1.0;S0=K=100;r=0.09
0.1,1.1200000000,0.0045259351,0.1223334034,0.7380942519,Delta_Asian=U-z0*Uz;z0=K/S0=1.0;S0=K=100;r=0.09
0.1,1.1300000000,0.0034399687,0.0970558957,0.7380942519,Delta_Asian=U-z0*Uz;z0=K/S0=1.0;S0=K=100;r=0.09
0.1,1.1400000000,0.0025848172,0.0759839118,0.7380942519,Delta_Asian=U-z0*Uz;z0=K/S0=1.0;S0=K=100;r=0.09
0.1,1.1500000000,0.0019202905,0.0587105828,0.7380942519,Delta_Asian=U-z0*Uz;z0=K/S0=1.0;S0=K=100;r=0.09
0.1,1.1600000000,0.0014106055,0.0447801176,0.7380942519,Delta_Asian=U-z0*Uz;z0=K/S0=1.0;S0=K=100;r=0.09
0.1,1.1700000000,0.0010246881,0.0337219381,0.7380942519,Delta_Asian=U-z0*Uz;z0=K/S0=1.0;S0=K=100;r=0.09
0.1,1.1800000000,0.0007361668,0.0250776336,0.7380942519,Delta_Asian=U-z0*Uz;z0=K/S0=1.0;S0=K=100;r=0.09
0.1,1.1900000000,0.0005231355,0.0184203679,0.7380942519,Delta_Asian=U-z0*Uz;z0=K/S0=1.0;S0=K=100;r=0.09
0.1,1.2000000000,0.0003677594,0.0133672019,0.7380942519,Delta_Asian=U-z0*Uz;z0=K/S0=1.0;S0=K=100;r=0.09
0.1,1.2100000000,0.0002557914,0.0095853244,0.7380942519,Delta_Asian=U-z0*Uz;z0=K/S0=1.0;S0=K=100;r=0.09
0.1,1.2200000000,0.0001760529,0.0067934610,0.7380942519,Delta_Asian=U-z0*Uz;z0=K/S0=1.0;S0=K=100;r=0.09
0.1,1.2300000000,0.0001199222,0.0047597791,0.7380942519,Delta_Asian=U-z0*Uz;z0=K/S0=1.0;S0=K=100;r=0.09
0.1,1.2400000000,0.0000808574,0.0032975134,0.7380942519,Delta_Asian=U-z0*Uz;z0=K/S0=1.0;S0=K=100;r=0.09
0.1,1.2500000000,0.0000539719,0.0022593409,0.7380942519,Delta_Asian=U-z0*Uz;z0=K/S0=1.0;S0=K=100;r=0.09
0.1,1.2600000000,0.0000356705,0.0015313066,0.7380942519,Delta_Asian=U-z0*Uz;z0=K/S0=1.0;S0=K=100;r=0.09
0.1,1.2700000000,0.0000233458,0.0010268702,0.7380942519,Delta_Asian=U-z0*Uz;z0=K/S0=1.0;S0=K=100;r=0.09
0.1,1.2800000000,0.0000151331,0.0006814402,0.7380942519,Delta_Asian=U-z0*Uz;z0=K/S0=1.0;S0=K=100;r=0.09
0.1,1.2900000000,0.0000097170,0.0004475918,0.7380942519,Delta_Asian=U-z0*Uz;z0=K/S0=1.0;S0=K=100;r=0.09
0.1,1.3000000000,0.0000061813,0.0002910446,0.7380942519,Delta_Asian=U-z0*Uz;z0=K/S0=1.0;S0=K=100;r=0.09
0.1,1.3100000000,0.0000038961,0.0001873866,0.7380942519,Delta_Asian=U-z0*Uz;z0=K/S0=1.0;S0=K=100;r=0.09
0.1,1.3200000000,0.0000024336,0.0001194797,0.7380942519,Delta_Asian=U-z0*Uz;z0=K/S0=1.0;S0=K=100;r=0.09
0.1,1.3300000000,0.0000015065,0.0000754570,0.7380942519,Delta_Asian=U-z0*Uz;z0=K/S0=1.0;S0=K=100;r=0.09
0.1,1.3400000000,0.0000009244,0.0000472089,0.7380942519,Delta_Asian=U-z0*Uz;z0=K/S0=1.0;S0=K=100;r=0.09
0.1,1.3500000000,0.0000005623,0.0000292641,0.7380942519,Delta_Asian=U-z0*Uz;z0=K/S0=1.0;S0=K=100;r=0.09
0.1,1.3600000000,0.0000003391,0.0000179760,0.7380942519,Delta_Asian=U-z0*Uz;z0=K/S0=1.0;S0=K=100;r=0.09
0.1,1.3700000000,0.0000002028,0.0000109437,0.7380942519,Delta_Asian=U-z0*Uz;z0=K/S0=1.0;S0=K=100;r=0.09
0.1,1.3800000000,0.0000001203,0.0000066039,0.7380942519,Delta_Asian=U-z0*Uz;z0=K/S0=1.0;S0=K=100;r=0.09
0.1,1.3900000000,0.0000000707,0.0000039505,0.7380942519,Delta_Asian=U-z0*Uz;z0=K/S0=1.0;S0=K=100;r=0.09
0.1,1.4000000000,0.0000000413,0.0000023430,0.7380942519,Delta_Asian=U-z0*Uz;z0=K/S0=1.0;S0=K=100;r=0.09
0.1,1.4100000000,0.0000000239,0.0000013779,0.7380942519,Delta_Asian=U-z0*Uz;z0=K/S0=1.0;S0=K=100;r=0.09
0.1,1.4200000000,0.0000000137,0.0000008036,0.7380942519,Delta_Asian=U-z0*Uz;z0=K/S0=1.0;S0=K=100;r=0.09
0.1,1.4300000000,0.0000000078,0.0000004648,0.7380942519,Delta_Asian=U-z0*Uz;z0=K/S0=1.0;S0=K=100;r=0.09
0.1,1.4400000000,0.0000000044,0.0000002666,0.7380942519,Delta_Asian=U-z0*Uz;z0=K/S0=1.0;S0=K=100;r=0.09
0.1,1.4500000000,0.0000000025,0.0000001517,0.7380942519,Delta_Asian=U-z0*Uz;z0=K/S0=1.0;S0=K=100;r=0.09
0.1,1.4600000000,0.0000000014,0.0000000856,0.7380942519,Delta_Asian=U-z0*Uz;z0=K/S0=1.0;S0=K=100;r=0.09
0.1,1.4700000000,0.0000000008,0.0000000479,0.7380942519,Delta_Asian=U-z0*Uz;z0=K/S0=1.0;S0=K=100;r=0.09
0.1,1.4800000000,0.0000000004,0.0000000266,0.7380942519,Delta_Asian=U-z0*Uz;z0=K/S0=1.0;S0=K=100;r=0.09
0.1,1.4900000000,0.0000000002,0.0000000147,0.7380942519,Delta_Asian=U-z0*Uz;z0=K/S0=1.0;S0=K=100;r=0.09
0.1,1.5000000000,0.0000000001,0.0000000080,0.7380942519,Delta_Asian=U-z0*Uz;z0=K/S0=1.0;S0=K=100;r=0.09
0.1,1.5100000000,0.0000000001,0.0000000043,0.7380942519,Delta_Asian=U-z0*Uz;z0=K/S0=1.0;S0=K=100;r=0.09
0.1,1.5200000000,0.0000000000,0.0000000023,0.7380942519,Delta_Asian=U-z0*Uz;z0=K/S0=1.0;S0=K=100;r=0.09
0.1,1.5300000000,0.0000000000,0.0000000012,0.7380942519,Delta_Asian=U-z0*Uz;z0=K/S0=1.0;S0=K=100;r=0.09
0.1,1.5400000000,0.0000000000,0.0000000007,0.7380942519,Delta_Asian=U-z0*Uz;z0=K/S0=1.0;S0=K=100;r=0.09
0.1,1.5500000000,0.0000000000,0.0000000003,0.7380942519,Delta_Asian=U-z0*Uz;z0=K/S0=1.0;S0=K=100;r=0.09
0.1,1.5600000000,0.0000000000,0.0000000002,0.7380942519,Delta_Asian=U-z0*Uz;z0=K/S0=1.0;S0=K=100;r=0.09
0.1,1.5700000000,0.0000000000,0.0000000001,0.7380942519,Delta_Asian=U-z0*Uz;z0=K/S0=1.0;S0=K=100;r=0.09
0.1,1.5800000000,0.0000000000,0.0000000000,0.7380942519,Delta_Asian=U-z0*Uz;z0=K/S0=1.0;S0=K=100;r=0.09
0.1,1.5900000000,0.0000000000,0.0000000000,0.7380942519,Delta_Asian=U-z0*Uz;z0=K/S0=1.0;S0=K=100;r=0.09
0.1,1.6000000000,0.0000000000,0.0000000000,0.7380942519,Delta_Asian=U-z0*Uz;z0=K/S0=1.0;S0=K=100;r=0.09
0.1,1.6100000000,0.0000000000,0.0000000000,0.7380942519,Delta_Asian=U-z0*Uz;z0=K/S0=1.0;S0=K=100;r=0.09
0.1,1.6200000000,0.0000000000,0.0000000000,0.7380942519,Delta_Asian=U-z0*Uz;z0=K/S0=1.0;S0=K=100;r=0.09
0.1,1.6300000000,0.0000000000,0.0000000000,0.7380942519,Delta_Asian=U-z0*Uz;z0=K/S0=1.0;S0=K=100;r=0.09
0.1,1.6400000000,0.0000000000,0.0000000000,0.7380942519,Delta_Asian=U-z0*Uz;z0=K/S0=1.0;S0=K=100;r=0.09
0.1,1.6500000000,0.0000000000,0.0000000000,0.7380942519,Delta_Asian=U-z0*Uz;z0=K/S0=1.0;S0=K=100;r=0.09
0.1,1.6600000000,0.0000000000,0.0000000000,0.7380942519,Delta_Asian=U-z0*Uz;z0=K/S0=1.0;S0=K=100;r=0.09
0.1,1.6700000000,0.0000000000,0.0000000000,0.7380942519,Delta_Asian=U-z0*Uz;z0=K/S0=1.0;S0=K=100;r=0.09
0.1,1.6800000000,0.0000000000,0.0000000000,0.7380942519,Delta_Asian=U-z0*Uz;z0=K/S0=1.0;S0=K=100;r=0.09
0.1,1.6900000000,0.0000000000,0.0000000000,0.7380942519,Delta_Asian=U-z0*Uz;z0=K/S0=1.0;S0=K=100;r=0.09
0.1,1.7000000000,0.0000000000,0.0000000000,0.7380942519,Delta_Asian=U-z0*Uz;z0=K/S0=1.0;S0=K=100;r=0.09
0.1,1.7100000000,0.0000000000,0.0000000000,0.7380942519,Delta_Asian=U-z0*Uz;z0=K/S0=1.0;S0=K=100;r=0.09
0.1,1.7200000000,0.0000000000,0.0000000000,0.7380942519,Delta_Asian=U-z0*Uz;z0=K/S0=1.0;S0=K=100;r=0.09
0.1,1.7300000000,0.0000000000,0.0000000000,0.7380942519,Delta_Asian=U-z0*Uz;z0=K/S0=1.0;S0=K=100;r=0.09
0.1,1.7400000000,0.0000000000,0.0000000000,0.7380942519,Delta_Asian=U-z0*Uz;z0=K/S0=1.0;S0=K=100;r=0.09
0.1,1.7500000000,0.0000000000,0.0000000000,0.7380942519,Delta_Asian=U-z0*Uz;z0=K/S0=1.0;S0=K=100;r=0.09
0.1,1.7600000000,0.0000000000,0.0000000000,0.7380942519,Delta_Asian=U-z0*Uz;z0=K/S0=1.0;S0=K=100;r=0.09
0.1,1.7700000000,-0.0000000000,0.0000000000,0.7380942519,Delta_Asian=U-z0*Uz;z0=K/S0=1.0;S0=K=100;r=0.09
0.1,1.7800000000,-0.0000000000,-0.0000000000,0.7380942519,Delta_Asian=U-z0*Uz;z0=K/S0=1.0;S0=K=100;r=0.09
0.1,1.7900000000,-0.0000000000,-0.0000000000,0.7380942519,Delta_Asian=U-z0*Uz;z0=K/S0=1.0;S0=K=100;r=0.09
0.1,1.8000000000,-0.0000000000,-0.0000000000,0.7380942519,Delta_Asian=U-z0*Uz;z0=K/S0=1.0;S0=K=100;r=0.09
0.1,1.8100000000,-0.0000000000,-0.0000000000,0.7380942519,Delta_Asian=U-z0*Uz;z0=K/S0=1.0;S0=K=100;r=0.09
0.1,1.8200000000,-0.0000000000,-0.0000000000,0.7380942519,Delta_Asian=U-z0*Uz;z0=K/S0=1.0;S0=K=100;r=0.09
0.1,1.8300000000,-0.0000000000,-0.0000000000,0.7380942519,Delta_Asian=U-z0*Uz;z0=K/S0=1.0;S0=K=100;r=0.09
0.1,1.8400000000,-0.0000000000,-0.0000000000,0.7380942519,Delta_Asian=U-z0*Uz;z0=K/S0=1.0;S0=K=100;r=0.09
0.1,1.8500000000,-0.0000000000,-0.0000000000,0.7380942519,Delta_Asian=U-z0*Uz;z0=K/S0=1.0;S0=K=100;r=0.09
0.1,1.8600000000,-0.0000000000,-0.0000000000,0.7380942519,Delta_Asian=U-z0*Uz;z0=K/S0=1.0;S0=K=100;r=0.09
0.1,1.8700000000,-0.0000000000,-0.0000000000,0.7380942519,Delta_Asian=U-z0*Uz;z0=K/S0=1.0;S0=K=100;r=0.09
0.1,1.8800000000,-0.0000000000,-0.0000000000,0.7380942519,Delta_Asian=U-z0*Uz;z0=K/S0=1.0;S0=K=100;r=0.09
0.1,1.8900000000,-0.0000000000,-0.0000000000,0.7380942519,Delta_Asian=U-z0*Uz;z0=K/S0=1.0;S0=K=100;r=0.09
0.1,1.9000000000,-0.0000000000,-0.0000000000,0.7380942519,Delta_Asian=U-z0*Uz;z0=K/S0=1.0;S0=K=100;r=0.09
0.1,1.9100000000,-0.0000000000,-0.0000000000,0.7380942519,Delta_Asian=U-z0*Uz;z0=K/S0=1.0;S0=K=100;r=0.09
0.1,1.9200000000,-0.0000000000,-0.0000000000,0.7380942519,Delta_Asian=U-z0*Uz;z0=K/S0=1.0;S0=K=100;r=0.09
0.1,1.9300000000,0.0000000000,-0.0000000000,0.7380942519,Delta_Asian=U-z0*Uz;z0=K/S0=1.0;S0=K=100;r=0.09
0.1,1.9400000000,0.0000000000,0.0000000000,0.7380942519,Delta_Asian=U-z0*Uz;z0=K/S0=1.0;S0=K=100;r=0.09
0.1,1.9500000000,0.0000000000,0.0000000000,0.7380942519,Delta_Asian=U-z0*Uz;z0=K/S0=1.0;S0=K=100;r=0.09
0.1,1.9600000000,0.0000000000,0.0000000000,0.7380942519,Delta_Asian=U-z0*Uz;z0=K/S0=1.0;S0=K=100;r=0.09
0.1,1.9700000000,0.0000000000,0.0000000000,0.7380942519,Delta_Asian=U-z0*Uz;z0=K/S0=1.0;S0=K=100;r=0.09
0.1,1.9800000000,0.0000000000,0.0000000000,0.7380942519,Delta_Asian=U-z0*Uz;z0=K/S0=1.0;S0=K=100;r=0.09
0.1,1.9900000000,0.0000000000,0.0000000000,0.7380942519,Delta_Asian=U-z0*Uz;z0=K/S0=1.0;S0=K=100;r=0.09
0.2,-1.9900000000,1.9124839250,0.0001306371,0.6366928035,Delta_Asian=U-z0*Uz;z0=K/S0=1.0;S0=K=100;r=0.09
0.2,-1.9800000000,1.9124819450,0.0002727503,0.6366928035,Delta_Asian=U-z0*Uz;z0=K/S0=1.0;S0=K=100;r=0.09
0.2,-1.9700000000,1.9124784700,0.0004304824,0.6366928035,Delta_Asian=U-z0*Uz;z0=K/S0=1.0;S0=K=100;r=0.09
0.2,-1.9600000000,1.9124733360,0.0006049474,0.6366928035,Delta_Asian=U-z0*Uz;z0=K/S0=1.0;S0=K=100;r=0.09
0.2,-1.9500000000,1.9124663710,0.0007973177,0.6366928035,Delta_Asian=U-z0*Uz;z0=K/S0=1.0;S0=K=100;r=0.09
0.2,-1.9400000000,1.9124573890,0.0010088269,0.6366928035,Delta_Asian=U-z0*Uz;z0=K/S0=1.0;S0=K=100;r=0.09
0.2,-1.9300000000,1.9124461940,0.0012407714,0.6366928035,Delta_Asian=U-z0*Uz;z0=K/S0=1.0;S0=K=100;r=0.09
0.2,-1.9200000000,1.9124325740,0.0014945130,0.6366928035,Delta_Asian=U-z0*Uz;z0=K/S0=1.0;S0=K=100;r=0.09
0.2,-1.9100000000,1.9124163040,0.0017714806,0.6366928035,Delta_Asian=U-z0*Uz;z0=K/S0=1.0;S0=K=100;r=0.09
0.2,-1.9000000000,1.9123971440,0.0020731726,0.6366928035,Delta_Asian=U-z0*Uz;z0=K/S0=1.0;S0=K=100;r=0.09
0.2,-1.8900000000,1.9123748410,0.0024011591,0.6366928035,Delta_Asian=U-z0*Uz;z0=K/S0=1.0;S0=K=100;r=0.09
0.2,-1.8800000000,1.9123491210,0.0027570837,0.6366928035,Delta_Asian=U-z0*Uz;z0=K/S0=1.0;S0=K=100;r=0.09
0.2,-1.8700000000,1.9123196990,0.0031426662,0.6366928035,Delta_Asian=U-z0*Uz;z0=K/S0=1.0;S0=K=100;r=0.09
0.2,-1.8600000000,1.9122862680,0.0035597042,0.6366928035,Delta_Asian=U-z0*Uz;z0=K/S0=1.0;S0=K=100;r=0.09
0.2,-1.8500000000,1.9122485050,0.0040100751,0.6366928035,Delta_Asian=U-z0*Uz;z0=K/S0=1.0;S0=K=100;r=0.09
0.2,-1.8400000000,1.9122060660,0.0044957385,0.6366928035,Delta_Asian=U-z0*Uz;z0=K/S0=1.0;S0=K=100;r=0.09
0.2,-1.8300000000,1.9121585900,0.0050187379,0.6366928035,Delta_Asian=U-z0*Uz;z0=K/S0=1.0;S0=K=100;r=0.09
0.2,-1.8200000000,1.9121056920,0.0055812024,0.6366928035,Delta_Asian=U-z0*Uz;z0=K/S0=1.0;S0=K=100;r=0.09
0.2,-1.8100000000,1.9120469660,0.0061853490,0.6366928035,Delta_Asian=U-z0*Uz;z0=K/S0=1.0;S0=K=100;r=0.09
0.2,-1.8000000000,1.9119819850,0.0068334836,0.6366928035,Delta_Asian=U-z0*Uz;z0=K/S0=1.0;S0=K=100;r=0.09
0.2,-1.7900000000,1.9119102960,0.0075280032,0.6366928035,Delta_Asian=U-z0*Uz;z0=K/S0=1.0;S0=K=100;r=0.09
0.2,-1.7800000000,1.9118314250,0.0082713970,0.6366928035,Delta_Asian=U-z0*Uz;z0=K/S0=1.0;S0=K=100;r=0.09
0.2,-1.7700000000,1.9117448680,0.0090662479,0.6366928035,Delta_Asian=U-z0*Uz;z0=K/S0=1.0;S0=K=100;r=0.09
0.2,-1.7600000000,1.9116501000,0.0099152337,0.6366928035,Delta_Asian=U-z0*Uz;z0=K/S0=1.0;S0=K=100;r=0.09
0.2,-1.7500000000,1.9115465640,0.0108211279,0.6366928035,Delta_Asian=U-z0*Uz;z0=K/S0=1.0;S0=K=100;r=0.09
0.2,-1.7400000000,1.9114336770,0.0117868009,0.6366928035,Delta_Asian=U-z0*Uz;z0=K/S0=1.0;S0=K=100;r=0.09
0.2,-1.7300000000,1.9113108280,0.0128152203,0.6366928035,Delta_Asian=U-z0*Uz;z0=K/S0=1.0;S0=K=100;r=0.09
0.2,-1.7200000000,1.9111773730,0.0139094515,0.6366928035,Delta_Asian=U-z0*Uz;z0=K/S0=1.0;S0=K=100;r=0.09
0.2,-1.7100000000,1.9110326390,0.0150726578,0.6366928035,Delta_Asian=U-z0*Uz;z0=K/S0=1.0;S0=K=100;r=0.09
0.2,-1.7000000000,1.9108759200,0.0163081004,0.6366928035,Delta_Asian=U-z0*Uz;z0=K/S0=1.0;S0=K=100;r=0.09
0.2,-1.6900000000,1.9107064770,0.0176191380,0.6366928035,Delta_Asian=U-z0*Uz;z0=K/S0=1.0;S0=K=100;r=0.09
0.2,-1.6800000000,1.9105235370,0.0190092263,0.6366928035,Delta_Asian=U-z0*Uz;z0=K/S0=1.0;S0=K=100;r=0.09
0.2,-1.6700000000,1.9103262920,0.0204819167,0.6366928035,Delta_Asian=U-z0*Uz;z0=K/S0=1.0;S0=K=100;r=0.09
0.2,-1.6600000000,1.9101138980,0.0220408553,0.6366928035,Delta_Asian=U-z0*Uz;z0=K/S0=1.0;S0=K=100;r=0.09
0.2,-1.6500000000,1.9098854750,0.0236897813,0.6366928035,Delta_Asian=U-z0*Uz;z0=K/S0=1.0;S0=K=100;r=0.09
0.2,-1.6400000000,1.9096401030,0.0254325245,0.6366928035,Delta_Asian=U-z0*Uz;z0=K/S0=1.0;S0=K=100;r=0.09
0.2,-1.6300000000,1.9093768240,0.0272730033,0.6366928035,Delta_Asian=U-z0*Uz;z0=K/S0=1.0;S0=K=100;r=0.09
0.2,-1.6200000000,1.9090946430,0.0292152216,0.6366928035,Delta_Asian=U-z0*Uz;z0=K/S0=1.0;S0=K=100;r=0.09
0.2,-1.6100000000,1.9087925200,0.0312632656,0.6366928035,Delta_Asian=U-z0*Uz;z0=K/S0=1.0;S0=K=100;r=0.09
0.2,-1.6000000000,1.9084693770,0.0334212999,0.6366928035,Delta_Asian=U-z0*Uz;z0=K/S0=1.0;S0=K=100;r=0.09
0.2,-1.5900000000,1.9081240940,0.0356935629,0.6366928035,Delta_Asian=U-z0*Uz;z0=K/S0=1.0;S0=K=100;r=0.09
0.2,-1.5800000000,1.9077555060,0.0380843624,0.6366928035,Delta_Asian=U-z0*Uz;z0=K/S0=1.0;S0=K=100;r=0.09
0.2,-1.5700000000,1.9073624070,0.0405980702,0.6366928035,Delta_Asian=U-z0*Uz;z0=K/S0=1.0;S0=K=100;r=0.09
0.2,-1.5600000000,1.9069435450,0.0432391156,0.6366928035,Delta_Asian=U-z0*Uz;z0=K/S0=1.0;S0=K=100;r=0.09
0.2,-1.5500000000,1.9064976240,0.0460119794,0.6366928035,Delta_Asian=U-z0*Uz;z0=K/S0=1.0;S0=K=100;r=0.09
0.2,-1.5400000000,1.9060233050,0.0489211867,0.6366928035,Delta_Asian=U-z0*Uz;z0=K/S0=1.0;S0=K=100;r=0.09
0.2,-1.5300000000,1.9055192010,0.0519712988,0.6366928035,Delta_Asian=U-z0*Uz;z0=K/S0=1.0;S0=K=100;r=0.09
0.2,-1.5200000000,1.9049838790,0.0551669048,0.6366928035,Delta_Asian=U-z0*Uz;z0=K/S0=1.0;S0=K=100;r=0.09
0.2,-1.5100000000,1.9044158630,0.0585126128,0.6366928035,Delta_Asian=U-z0*Uz;z0=K/S0=1.0;S0=K=100;r=0.09
0.2,-1.5000000000,1.9038136270,0.0620130401,0.6366928035,Delta_Asian=U-z0*Uz;z0=K/S0=1.0;S0=K=100;r=0.09
0.2,-1.4900000000,1.9031756020,0.0656728022,0.6366928035,Delta_Asian=U-z0*Uz;z0=K/S0=1.0;S0=K=100;r=0.09
0.2,-1.4800000000,1.9025001710,0.0694965023,0.6366928035,Delta_Asian=U-z0*Uz;z0=K/S0=1.0;S0=K=100;r=0.09
0.2,-1.4700000000,1.9017856720,0.0734887190,0.6366928035,Delta_Asian=U-z0*Uz;z0=K/S0=1.0;S0=K=100;r=0.09
0.2,-1.4600000000,1.9010303970,0.0776539937,0.6366928035,Delta_Asian=U-z0*Uz;z0=K/S0=1.0;S0=K=100;r=0.09
0.2,-1.4500000000,1.9002325920,0.0819968175,0.6366928035,Delta_Asian=U-z0*Uz;z0=K/S0=1.0;S0=K=100;r=0.09
0.2,-1.4400000000,1.8993904600,0.0865216170,0.6366928035,Delta_Asian=U-z0*Uz;z0=K/S0=1.0;S0=K=100;r=0.09
0.2,-1.4300000000,1.8985021600,0.0912327396,0.6366928035,Delta_Asian=U-z0*Uz;z0=K/S0=1.0;S0=K=100;r=0.09
0.2,-1.4200000000,1.8975658050,0.0961344379,0.6366928035,Delta_Asian=U-z0*Uz;z0=K/S0=1.0;S0=K=100;r=0.09
0.2,-1.4100000000,1.8965794710,0.1012308535,0.6366928035,Delta_Asian=U-z0*Uz;z0=K/S0=1.0;S0=K=100;r=0.09
0.2,-1.4000000000,1.8955411880,0.1065260007,0.6366928035,Delta_Asian=U-z0*Uz;z0=K/S0=1.0;S0=K=100;r=0.09
0.2,-1.3900000000,1.8944489510,0.1120237483,0.6366928035,Delta_Asian=U-z0*Uz;z0=K/S0=1.0;S0=K=100;r=0.09
0.2,-1.3800000000,1.8933007130,0.1177278016,0.6366928035,Delta_Asian=U-z0*Uz;z0=K/S0=1.0;S0=K=100;r=0.09
0.2,-1.3700000000,1.8920943950,0.1236416843,0.6366928035,Delta_Asian=U-z0*Uz;z0=K/S0=1.0;S0=K=100;r=0.09
0.2,-1.3600000000,1.8908278800,0.1297687183,0.6366928035,Delta_Asian=U-z0*Uz;z0=K/S0=1.0;S0=K=100;r=0.09
0.2,-1.3500000000,1.8894990200,0.1361120047,0.6366928035,Delta_Asian=U-z0*Uz;z0=K/S0=1.0;S0=K=100;r=0.09
0.2,-1.3400000000,1.8881056400,0.1426744029,0.6366928035,Delta_Asian=U-z0*Uz;z0=K/S0=1.0;S0=K=100;r=0.09
0.2,-1.3300000000,1.8866455320,0.1494585104,0.6366928035,Delta_Asian=U-z0*Uz;z0=K/S0=1.0;S0=K=100;r=0.09
0.2,-1.3200000000,1.8851164690,0.1564666415,0.6366928035,Delta_Asian=U-z0*Uz;z0=K/S0=1.0;S0=K=100;r=0.09
0.2,-1.3100000000,1.8835162000,0.1637008061,0.6366928035,Delta_Asian=U-z0*Uz;z0=K/S0=1.0;S0=K=100;r=0.09
0.2,-1.3000000000,1.8818424530,0.1711626883,0.6366928035,Delta_Asian=U-z0*Uz;z0=K/S0=1.0;S0=K=100;r=0.09
0.2,-1.2900000000,1.8800929460,0.1788536247,0.6366928035,Delta_Asian=U-z0*Uz;z0=K/S0=1.0;S0=K=100;r=0.09
0.2,-1.2800000000,1.8782653810,0.1867745825,0.6366928035,Delta_Asian=U-z0*Uz;z0=K/S0=1.0;S0=K=100;r=0.09
0.2,-1.2700000000,1.8763574540,0.1949261386,0.6366928035,Delta_Asian=U-z0*Uz;z0=K/S0=1.0;S0=K=100;r=0.09
0.2,-1.2600000000,1.8743668580,0.2033084574,0.6366928035,Delta_Asian=U-z0*Uz;z0=K/S0=1.0;S0=K=100;r=0.09
0.2,-1.2500000000,1.8722912850,0.2119212707,0.6366928035,Delta_Asian=U-z0*Uz;z0=K/S0=1.0;S0=K=100;r=0.09
0.2,-1.2400000000,1.8701284330,0.2207638560,0.6366928035,Delta_Asian=U-z0*Uz;z0=K/S0=1.0;S0=K=100;r=0.09
0.2,-1.2300000000,1.8678760080,0.2298350171,0.6366928035,Delta_Asian=U-z0*Uz;z0=K/S0=1.0;S0=K=100;r=0.09
0.2,-1.2200000000,1.8655317320,0.2391330645,0.6366928035,Delta_Asian=U-z0*Uz;z0=K/S0=1.0;S0=K=100;r=0.09
0.2,-1.2100000000,1.8630933470,0.2486557965,0.6366928035,Delta_Asian=U-z0*Uz;z0=K/S0=1.0;S0=K=100;r=0.09
0.2,-1.2000000000,1.8605586160,0.2584004820,0.6366928035,Delta_Asian=U-z0*Uz;z0=K/S0=1.0;S0=K=100;r=0.09
0.2,-1.1900000000,1.8579253370,0.2683638435,0.6366928035,Delta_Asian=U-z0*Uz;z0=K/S0=1.0;S0=K=100;r=0.09
0.2,-1.1800000000,1.8551913390,0.2785420420,0.6366928035,Delta_Asian=U-z0*Uz;z0=K/S0=1.0;S0=K=100;r=0.09
0.2,-1.1700000000,1.8523544960,0.2889306632,0.6366928035,Delta_Asian=U-z0*Uz;z0=K/S0=1.0;S0=K=100;r=0.09
0.2,-1.1600000000,1.8494127260,0.2995247050,0.6366928035,Delta_Asian=U-z0*Uz;z0=K/S0=1.0;S0=K=100;r=0.09
0.2,-1.1500000000,1.8463640020,0.3103185671,0.6366928035,Delta_Asian=U-z0*Uz;z0=K/S0=1.0;S0=K=100;r=0.09
0.2,-1.1400000000,1.8432063550,0.3213060424,0.6366928035,Delta_Asian=U-z0*Uz;z0=K/S0=1.0;S0=K=100;r=0.09
0.2,-1.1300000000,1.8399378810,0.3324803104,0.6366928035,Delta_Asian=U-z0*Uz;z0=K/S0=1.0;S0=K=100;r=0.09
0.2,-1.1200000000,1.8365567490,0.3438339330,0.6366928035,Delta_Asian=U-z0*Uz;z0=K/S0=1.0;S0=K=100;r=0.09
0.2,-1.1100000000,1.8330612020,0.3553588521,0.6366928035,Delta_Asian=U-z0*Uz;z0=K/S0=1.0;S0=K=100;r=0.09
0.2,-1.1000000000,1.8294495720,0.3670463909,0.6366928035,Delta_Asian=U-z0*Uz;z0=K/S0=1.0;S0=K=100;r=0.09
0.2,-1.0900000000,1.8257202750,0.3788872569,0.6366928035,Delta_Asian=U-z0*Uz;z0=K/S0=1.0;S0=K=100;r=0.09
0.2,-1.0800000000,1.8218718260,0.3908715480,0.6366928035,Delta_Asian=U-z0*Uz;z0=K/S0=1.0;S0=K=100;r=0.09
0.2,-1.0700000000,1.8179028440,0.4029887617,0.6366928035,Delta_Asian=U-z0*Uz;z0=K/S0=1.0;S0=K=100;r=0.09
0.2,-1.0600000000,1.8138120510,0.4152278075,0.6366928035,Delta_Asian=U-z0*Uz;z0=K/S0=1.0;S0=K=100;r=0.09
0.2,-1.0500000000,1.8095982880,0.4275770222,0.6366928035,Delta_Asian=U-z0*Uz;z0=K/S0=1.0;S0=K=100;r=0.09
0.2,-1.0400000000,1.8052605110,0.4400241887,0.6366928035,Delta_Asian=U-z0*Uz;z0=K/S0=1.0;S0=K=100;r=0.09
0.2,-1.0300000000,1.8007978040,0.4525565580,0.6366928035,Delta_Asian=U-z0*Uz;z0=K/S0=1.0;S0=K=100;r=0.09
0.2,-1.0200000000,1.7962093800,0.4651608752,0.6366928035,Delta_Asian=U-z0*Uz;z0=K/S0=1.0;S0=K=100;r=0.09
0.2,-1.0100000000,1.7914945860,0.4778234079,0.6366928035,Delta_Asian=U-z0*Uz;z0=K/S0=1.0;S0=K=100;r=0.09
0.2,-1.0000000000,1.7866529110,0.4905299791,0.6366928035,Delta_Asian=U-z0*Uz;z0=K/S0=1.0;S0=K=100;r=0.09
0.2,-0.9900000000,1.7816839870,0.5032660034,0.6366928035,Delta_Asian=U-z0*Uz;z0=K/S0=1.0;S0=K=100;r=0.09
0.2,-0.9800000000,1.7765875910,0.5160165258,0.6366928035,Delta_Asian=U-z0*Uz;z0=K/S0=1.0;S0=K=100;r=0.09
0.2,-0.9700000000,1.7713636560,0.5287662655,0.6366928035,Delta_Asian=U-z0*Uz;z0=K/S0=1.0;S0=K=100;r=0.09
0.2,-0.9600000000,1.7660122660,0.5414996611,0.6366928035,Delta_Asian=U-z0*Uz;z0=K/S0=1.0;S0=K=100;r=0.09
0.2,-0.9500000000,1.7605336630,0.5542009204,0.6366928035,Delta_Asian=U-z0*Uz;z0=K/S0=1.0;S0=K=100;r=0.09
0.2,-0.9400000000,1.7549282480,0.5668540727,0.6366928035,Delta_Asian=U-z0*Uz;z0=K/S0=1.0;S0=K=100;r=0.09
0.2,-0.9300000000,1.7491965810,0.5794430241,0.6366928035,Delta_Asian=U-z0*Uz;z0=K/S0=1.0;S0=K=100;r=0.09
0.2,-0.9200000000,1.7433393870,0.5919516148,0.6366928035,Delta_Asian=U-z0*Uz;z0=K/S0=1.0;S0=K=100;r=0.09
0.2,-0.9100000000,1.7373575490,0.6043636798,0.6366928035,Delta_Asian=U-z0*Uz;z0=K/S0=1.0;S0=K=100;r=0.09
0.2,-0.9000000000,1.7312521140,0.6166631111,0.6366928035,Delta_Asian=U-z0*Uz;z0=K/S0=1.0;S0=K=100;r=0.09
0.2,-0.8900000000,1.7250242870,0.6288339214,0.6366928035,Delta_Asian=U-z0*Uz;z0=K/S0=1.0;S0=K=100;r=0.09
0.2,-0.8800000000,1.7186754350,0.6408603097,0.6366928035,Delta_Asian=U-z0*Uz;z0=K/S0=1.0;S0=K=100;r=0.09
0.2,-0.8700000000,1.7122070810,0.6527267278,0.6366928035,Delta_Asian=U-z0*Uz;z0=K/S0=1.0;S0=K=100;r=0.09
0.2,-0.8600000000,1.7056209010,0.6644179478,0.6366928035,Delta_Asian=U-z0*Uz;z0=K/S0=1.0;S0=K=100;r=0.09
0.2,-0.8500000000,1.6989187220,0.6759191285,0.6366928035,Delta_Asian=U-z0*Uz;z0=K/S0=1.0;S0=K=100;r=0.09
0.2,-0.8400000000,1.6921025180,0.6872158834,0.6366928035,Delta_Asian=U-z0*Uz;z0=K/S0=1.0;S0=K=100;r=0.09
0.2,-0.8300000000,1.6851744040,0.6982943465,0.6366928035,Delta_Asian=U-z0*Uz;z0=K/S0=1.0;S0=K=100;r=0.09
0.2,-0.8200000000,1.6781366310,0.7091412374,0.6366928035,Delta_Asian=U-z0*Uz;z0=K/S0=1.0;S0=K=100;r=0.09
0.2,-0.8100000000,1.6709915790,0.7197439249,0.6366928035,Delta_Asian=U-z0*Uz;z0=K/S0=1.0;S0=K=100;r=0.09
0.2,-0.8000000000,1.6637417530,0.7300904877,0.6366928035,Delta_Asian=U-z0*Uz;z0=K/S0=1.0;S0=K=100;r=0.09
0.2,-0.7900000000,1.6563897700,0.7401697727,0.6366928035,Delta_Asian=U-z0*Uz;z0=K/S0=1.0;S0=K=100;r=0.09
0.2,-0.7800000000,1.6489383570,0.7499714500,0.6366928035,Delta_Asian=U-z0*Uz;z0=K/S0=1.0;S0=K=100;r=0.09
0.2,-0.7700000000,1.6413903410,0.7594860642,0.6366928035,Delta_Asian=U-z0*Uz;z0=K/S0=1.0;S0=K=100;r=0.09
0.2,-0.7600000000,1.6337486360,0.7687050805,0.6366928035,Delta_Asian=U-z0*Uz;z0=K/S0=1.0;S0=K=100;r=0.09
0.2,-0.7500000000,1.6260162390,0.7776209270,0.6366928035,Delta_Asian=U-z0*Uz;z0=K/S0=1.0;S0=K=100;r=0.09
0.2,-0.7400000000,1.6181962170,0.7862270312,0.6366928035,Delta_Asian=U-z0*Uz;z0=K/S0=1.0;S0=K=100;r=0.09
0.2,-0.7300000000,1.6102916980,0.7945178510,0.6366928035,Delta_Asian=U-z0*Uz;z0=K/S0=1.0;S0=K=100;r=0.09
0.2,-0.7200000000,1.6023058600,0.8024888989,0.6366928035,Delta_Asian=U-z0*Uz;z0=K/S0=1.0;S0=K=100;r=0.09
0.2,-0.7100000000,1.5942419200,0.8101367608,0.6366928035,Delta_Asian=U-z0*Uz;z0=K/S0=1.0;S0=K=100;r=0.09
0.2,-0.7000000000,1.5861031250,0.8174591076,0.6366928035,Delta_Asian=U-z0*Uz;z0=K/S0=1.0;S0=K=100;r=0.09
0.2,-0.6900000000,1.5778927380,0.8244546990,0.6366928035,Delta_Asian=U-z0*Uz;z0=K/S0=1.0;S0=K=100;r=0.09
0.2,-0.6800000000,1.5696140310,0.8311233816,0.6366928035,Delta_Asian=U-z0*Uz;z0=K/S0=1.0;S0=K=100;r=0.09
0.2,-0.6700000000,1.5612702710,0.8374660788,0.6366928035,Delta_Asian=U-z0*Uz;z0=K/S0=1.0;S0=K=100;r=0.09
0.2,-0.6600000000,1.5528647100,0.8434847735,0.6366928035,Delta_Asian=U-z0*Uz;z0=K/S0=1.0;S0=K=100;r=0.09
0.2,-0.6500000000,1.5444005750,0.8491824837,0.6366928035,Delta_Asian=U-z0*Uz;z0=K/S0=1.0;S0=K=100;r=0.09
0.2,-0.6400000000,1.5358810600,0.8545632309,0.6366928035,Delta_Asian=U-z0*Uz;z0=K/S0=1.0;S0=K=100;r=0.09
0.2,-0.6300000000,1.5273093110,0.8596320017,0.6366928035,Delta_Asian=U-z0*Uz;z0=K/S0=1.0;S0=K=100;r=0.09
0.2,-0.6200000000,1.5186884200,0.8643947029,0.6366928035,Delta_Asian=U-z0*Uz;z0=K/S0=1.0;S0=K=100;r=0.09
0.2,-0.6100000000,1.5100214170,0.8688581094,0.6366928035,Delta_Asian=U-z0*Uz;z0=K/S0=1.0;S0=K=100;r=0.09
0.2,-0.6000000000,1.5013112580,0.8730298077,0.6366928035,Delta_Asian=U-z0*Uz;z0=K/S0=1.0;S0=K=100;r=0.09
0.2,-0.5900000000,1.4925608200,0.8769181327,0.6366928035,Delta_Asian=U-z0*Uz;z0=K/S0=1.0;S0=K=100;r=0.09
0.2,-0.5800000000,1.4837728950,0.8805321010,0.6366928035,Delta_Asian=U-z0*Uz;z0=K/S0=1.0;S0=K=100;r=0.09
0.2,-0.5700000000,1.4749501780,0.8838813389,0.6366928035,Delta_Asian=U-z0*Uz;z0=K/S0=1.0;S0=K=100;r=0.09
0.2,-0.5600000000,1.4660952680,0.8869760080,0.6366928035,Delta_Asian=U-z0*Uz;z0=K/S0=1.0;S0=K=100;r=0.09
0.2,-0.5500000000,1.4572106580,0.8898267278,0.6366928035,Delta_Asian=U-z0*Uz;z0=K/S0=1.0;S0=K=100;r=0.09
0.2,-0.5400000000,1.4482987340,0.8924444961,0.6366928035,Delta_Asian=U-z0*Uz;z0=K/S0=1.0;S0=K=100;r=0.09
0.2,-0.5300000000,1.4393617680,0.8948406090,0.6366928035,Delta_Asian=U-z0*Uz;z0=K/S0=1.0;S0=K=100;r=0.09
0.2,-0.5200000000,1.4304019210,0.8970265803,0.6366928035,Delta_Asian=U-z0*Uz;z0=K/S0=1.0;S0=K=100;r=0.09
0.2,-0.5100000000,1.4214212370,0.8990140617,0.6366928035,Delta_Asian=U-z0*Uz;z0=K/S0=1.0;S0=K=100;r=0.09
0.2,-0.5000000000,1.4124216400,0.9008147644,0.6366928035,Delta_Asian=U-z0*Uz;z0=K/S0=1.0;S0=K=100;r=0.09
0.2,-0.4900000000,1.4034049410,0.9024403833,0.6366928035,Delta_Asian=U-z0*Uz;z0=K/S0=1.0;S0=K=100;r=0.09
0.2,-0.4800000000,1.3943728330,0.9039025236,0.6366928035,Delta_Asian=U-z0*Uz;z0=K/S0=1.0;S0=K=100;r=0.09
0.2,-0.4700000000,1.3853268910,0.9052126317,0.6366928035,Delta_Asian=U-z0*Uz;z0=K/S0=1.0;S0=K=100;r=0.09
0.2,-0.4600000000,1.3762685800,0.9063819306,0.6366928035,Delta_Asian=U-z0*Uz;z0=K/S0=1.0;S0=K=100;r=0.09
0.2,-0.4500000000,1.3671992520,0.9074213600,0.6366928035,Delta_Asian=U-z0*Uz;z0=K/S0=1.0;S0=K=100;r=0.09
0.2,-0.4400000000,1.3581201530,0.9083415222,0.6366928035,Delta_Asian=U-z0*Uz;z0=K/S0=1.0;S0=K=100;r=0.09
0.2,-0.4300000000,1.3490324220,0.9091526339,0.6366928035,Delta_Asian=U-z0*Uz;z0=K/S0=1.0;S0=K=100;r=0.09
0.2,-0.4200000000,1.3399371000,0.9098644842,0.6366928035,Delta_Asian=U-z0*Uz;z0=K/S0=1.0;S0=K=100;r=0.09
0.2,-0.4100000000,1.3308351320,0.9104863996,0.6366928035,Delta_Asian=U-z0*Uz;z0=K/S0=1.0;S0=K=100;r=0.09
0.2,-0.4000000000,1.3217273720,0.9110272151,0.6366928035,Delta_Asian=U-z0*Uz;z0=K/S0=1.0;S0=K=100;r=0.09
0.2,-0.3900000000,1.3126145880,0.9114952524,0.6366928035,Delta_Asian=U-z0*Uz;z0=K/S0=1.0;S0=K=100;r=0.09
0.2,-0.3800000000,1.3034974670,0.9118983044,0.6366928035,Delta_Asian=U-z0*Uz;z0=K/S0=1.0;S0=K=100;r=0.09
0.2,-0.3700000000,1.2943766220,0.9122436265,0.6366928035,Delta_Asian=U-z0*Uz;z0=K/S0=1.0;S0=K=100;r=0.09
0.2,-0.3600000000,1.2852525940,0.9125379338,0.6366928035,Delta_Asian=U-z0*Uz;z0=K/S0=1.0;S0=K=100;r=0.09
0.2,-0.3500000000,1.2761258630,0.9127874042,0.6366928035,Delta_Asian=U-z0*Uz;z0=K/S0=1.0;S0=K=100;r=0.09
0.2,-0.3400000000,1.2669968460,0.9129976869,0.6366928035,Delta_Asian=U-z0*Uz;z0=K/S0=1.0;S0=K=100;r=0.09
0.2,-0.3300000000,1.2578659090,0.9131739155,0.6366928035,Delta_Asian=U-z0*Uz;z0=K/S0=1.0;S0=K=100;r=0.09
0.2,-0.3200000000,1.2487333680,0.9133207259,0.6366928035,Delta_Asian=U-z0*Uz;z0=K/S0=1.0;S0=K=100;r=0.09
0.2,-0.3100000000,1.2395994950,0.9134422773,0.6366928035,Delta_Asian=U-z0*Uz;z0=K/S0=1.0;S0=K=100;r=0.09
0.2,-0.3000000000,1.2304645230,0.9135422768,0.6366928035,Delta_Asian=U-z0*Uz;z0=K/S0=1.0;S0=K=100;r=0.09
0.2,-0.2900000000,1.2213286490,0.9136240066,0.6366928035,Delta_Asian=U-z0*Uz;z0=K/S0=1.0;S0=K=100;r=0.09
0.2,-0.2800000000,1.2121920420,0.9136903520,0.6366928035,Delta_Asian=U-z0*Uz;z0=K/S0=1.0;S0=K=100;r=0.09
0.2,-0.2700000000,1.2030548420,0.9137438320,0.6366928035,Delta_Asian=U-z0*Uz;z0=K/S0=1.0;S0=K=100;r=0.09
0.2,-0.2600000000,1.1939171660,0.9137866292,0.6366928035,Delta_Asian=U-z0*Uz;z0=K/S0=1.0;S0=K=100;r=0.09
0.2,-0.2500000000,1.1847791100,0.9138206220,0.6366928035,Delta_Asian=U-z0*Uz;z0=K/S0=1.0;S0=K=100;r=0.09
0.2,-0.2400000000,1.1756407530,0.9138474114,0.6366928035,Delta_Asian=U-z0*Uz;z0=K/S0=1.0;S0=K=100;r=0.09
0.2,-0.2300000000,1.1665021610,0.9138683572,0.6366928035,Delta_Asian=U-z0*Uz;z0=K/S0=1.0;S0=K=100;r=0.09
0.2,-0.2200000000,1.1573633860,0.9138845963,0.6366928035,Delta_Asian=U-z0*Uz;z0=K/S0=1.0;S0=K=100;r=0.09
0.2,-0.2100000000,1.1482244700,0.9138970766,0.6366928035,Delta_Asian=U-z0*Uz;z0=K/S0=1.0;S0=K=100;r=0.09
0.2,-0.2000000000,1.1390854450,0.9139065971,0.6366928035,Delta_Asian=U-z0*Uz;z0=K/S0=1.0;S0=K=100;r=0.09
0.2,-0.1900000000,1.1299463380,0.9139137570,0.6366928035,Delta_Asian=U-z0*Uz;z0=K/S0=1.0;S0=K=100;r=0.09
0.2,-0.1800000000,1.1208071700,0.9139191483,0.6366928035,Delta_Asian=U-z0*Uz;z0=K/S0=1.0;S0=K=100;r=0.09
0.2,-0.1700000000,1.1116679550,0.9139231196,0.6366928035,Delta_Asian=U-z0*Uz;z0=K/S0=1.0;S0=K=100;r=0.09
0.2,-0.1600000000,1.1025287070,0.9139259740,0.6366928035,Delta_Asian=U-z0*Uz;z0=K/S0=1.0;S0=K=100;r=0.09
0.2,-0.1500000000,1.0933894350,0.9139282328,0.6366928035,Delta_Asian=U-z0*Uz;z0=K/S0=1.0;S0=K=100;r=0.09
0.2,-0.1400000000,1.0842501420,0.9139295558,0.6366928035,Delta_Asian=U-z0*Uz;z0=K/S0=1.0;S0=K=100;r=0.09
0.2,-0.1300000000,1.0751108440,0.9139306988,0.6366928035,Delta_Asian=U-z0*Uz;z0=K/S0=1.0;S0=K=100;r=0.09
0.2,-0.1200000000,1.0659715280,0.9139317310,0.6366928035,Delta_Asian=U-z0*Uz;z0=K/S0=1.0;S0=K=100;r=0.09
0.2,-0.1100000000,1.0568322090,0.9139315610,0.6366928035,Delta_Asian=U-z0*Uz;z0=K/S0=1.0;S0=K=100;r=0.09
0.2,-0.1000000000,1.0476928970,0.9139326461,0.6366928035,Delta_Asian=U-z0*Uz;z0=K/S0=1.0;S0=K=100;r=0.09
0.2,-0.0900000000,1.0385535560,0.9139328873,0.6366928035,Delta_Asian=U-z0*Uz;z0=K/S0=1.0;S0=K=100;r=0.09
0.2,-0.0800000000,1.0294142400,0.9139317645,0.6366928035,Delta_Asian=U-z0*Uz;z0=K/S0=1.0;S0=K=100;r=0.09
0.2,-0.0700000000,1.0202749210,0.9139338931,0.6366928035,Delta_Asian=U-z0*Uz;z0=K/S0=1.0;S0=K=100;r=0.09
0.2,-0.0600000000,1.0111355620,0.9139329527,0.6366928035,Delta_Asian=U-z0*Uz;z0=K/S0=1.0;S0=K=100;r=0.09
0.2,-0.0500000000,1.0019962620,0.9139314014,0.6366928035,Delta_Asian=U-z0*Uz;z0=K/S0=1.0;S0=K=100;r=0.09
0.2,-0.0400000000,0.9928569336,0.9139349925,0.6366928035,Delta_Asian=U-z0*Uz;z0=K/S0=1.0;S0=K=100;r=0.09
0.2,-0.0300000000,0.9837175623,0.9139326462,0.6366928035,Delta_Asian=U-z0*Uz;z0=K/S0=1.0;S0=K=100;r=0.09
0.2,-0.0200000000,0.9745782807,0.9139309153,0.6366928035,Delta_Asian=U-z0*Uz;z0=K/S0=1.0;S0=K=100;r=0.09
0.2,-0.0100000000,0.9654389440,0.9139357619,0.6366928035,Delta_Asian=U-z0*Uz;z0=K/S0=1.0;S0=K=100;r=0.09
0.2,0.0000000000,0.9562995655,0.9139326548,0.6366928035,Delta_Asian=U-z0*Uz;z0=K/S0=1.0;S0=K=100;r=0.09
0.2,0.0100000000,0.9471602909,0.9139303957,0.6366928035,Delta_Asian=U-z0*Uz;z0=K/S0=1.0;S0=K=100;r=0.09
0.2,0.0200000000,0.9380209576,0.9139358039,0.6366928035,Delta_Asian=U-z0*Uz;z0=K/S0=1.0;S0=K=100;r=0.09
0.2,0.0300000000,0.9288815748,0.9139333482,0.6366928035,Delta_Asian=U-z0*Uz;z0=K/S0=1.0;S0=K=100;r=0.09
0.2,0.0400000000,0.9197422906,0.9139301311,0.6366928035,Delta_Asian=U-z0*Uz;z0=K/S0=1.0;S0=K=100;r=0.09
0.2,0.0500000000,0.9106029722,0.9139348722,0.6366928035,Delta_Asian=U-z0*Uz;z0=K/S0=1.0;S0=K=100;r=0.09
0.2,0.0600000000,0.9014635931,0.9139343541,0.6366928035,Delta_Asian=U-z0*Uz;z0=K/S0=1.0;S0=K=100;r=0.09
0.2,0.0700000000,0.8923242851,0.9139306487,0.6366928035,Delta_Asian=U-z0*Uz;z0=K/S0=1.0;S0=K=100;r=0.09
0.2,0.0800000000,0.8831849802,0.9139333436,0.6366928035,Delta_Asian=U-z0*Uz;z0=K/S0=1.0;S0=K=100;r=0.09
0.2,0.0900000000,0.8740456182,0.9139347492,0.6366928035,Delta_Asian=U-z0*Uz;z0=K/S0=1.0;S0=K=100;r=0.09
0.2,0.1000000000,0.8649062852,0.9139319684,0.6366928035,Delta_Asian=U-z0*Uz;z0=K/S0=1.0;S0=K=100;r=0.09
0.2,0.1100000000,0.8557669788,0.9139322545,0.6366928035,Delta_Asian=U-z0*Uz;z0=K/S0=1.0;S0=K=100;r=0.09
0.2,0.1200000000,0.8466276401,0.9139341039,0.6366928035,Delta_Asian=U-z0*Uz;z0=K/S0=1.0;S0=K=100;r=0.09
0.2,0.1300000000,0.8374882968,0.9139331877,0.6366928035,Delta_Asian=U-z0*Uz;z0=K/S0=1.0;S0=K=100;r=0.09
0.2,0.1400000000,0.8283489763,0.9139322792,0.6366928035,Delta_Asian=U-z0*Uz;z0=K/S0=1.0;S0=K=100;r=0.09
0.2,0.1500000000,0.8192096512,0.9139331503,0.6366928035,Delta_Asian=U-z0*Uz;z0=K/S0=1.0;S0=K=100;r=0.09
0.2,0.1600000000,0.8100703133,0.9139334810,0.6366928035,Delta_Asian=U-z0*Uz;z0=K/S0=1.0;S0=K=100;r=0.09
0.2,0.1700000000,0.8009309816,0.9139328747,0.6366928035,Delta_Asian=U-z0*Uz;z0=K/S0=1.0;S0=K=100;r=0.09
0.2,0.1800000000,0.7917916558,0.9139328004,0.6366928035,Delta_Asian=U-z0*Uz;z0=K/S0=1.0;S0=K=100;r=0.09
0.2,0.1900000000,0.7826523256,0.9139331610,0.6366928035,Delta_Asian=U-z0*Uz;z0=K/S0=1.0;S0=K=100;r=0.09
0.2,0.2000000000,0.7735129926,0.9139331554,0.6366928035,Delta_Asian=U-z0*Uz;z0=K/S0=1.0;S0=K=100;r=0.09
0.2,0.2100000000,0.7643736625,0.9139329588,0.6366928035,Delta_Asian=U-z0*Uz;z0=K/S0=1.0;S0=K=100;r=0.09
0.2,0.2200000000,0.7552343334,0.9139329749,0.6366928035,Delta_Asian=U-z0*Uz;z0=K/S0=1.0;S0=K=100;r=0.09
0.2,0.2300000000,0.7460950030,0.9139330770,0.6366928035,Delta_Asian=U-z0*Uz;z0=K/S0=1.0;S0=K=100;r=0.09
0.2,0.2400000000,0.7369556719,0.9139330681,0.6366928035,Delta_Asian=U-z0*Uz;z0=K/S0=1.0;S0=K=100;r=0.09
0.2,0.2500000000,0.7278163416,0.9139330168,0.6366928035,Delta_Asian=U-z0*Uz;z0=K/S0=1.0;S0=K=100;r=0.09
0.2,0.2600000000,0.7186770116,0.9139330185,0.6366928035,Delta_Asian=U-z0*Uz;z0=K/S0=1.0;S0=K=100;r=0.09
0.2,0.2700000000,0.7095376812,0.9139330434,0.6366928035,Delta_Asian=U-z0*Uz;z0=K/S0=1.0;S0=K=100;r=0.09
0.2,0.2800000000,0.7003983507,0.9139330452,0.6366928035,Delta_Asian=U-z0*Uz;z0=K/S0=1.0;S0=K=100;r=0.09
0.2,0.2900000000,0.6912590203,0.9139330339,0.6366928035,Delta_Asian=U-z0*Uz;z0=K/S0=1.0;S0=K=100;r=0.09
0.2,0.3000000000,0.6821196900,0.9139330312,0.6366928035,Delta_Asian=U-z0*Uz;z0=K/S0=1.0;S0=K=100;r=0.09
0.2,0.3100000000,0.6729803597,0.9139330359,0.6366928035,Delta_Asian=U-z0*Uz;z0=K/S0=1.0;S0=K=100;r=0.09
0.2,0.3200000000,0.6638410293,0.9139330380,0.6366928035,Delta_Asian=U-z0*Uz;z0=K/S0=1.0;S0=K=100;r=0.09
0.2,0.3300000000,0.6547016989,0.9139330365,0.6366928035,Delta_Asian=U-z0*Uz;z0=K/S0=1.0;S0=K=100;r=0.09
0.2,0.3400000000,0.6455623686,0.9139330351,0.6366928035,Delta_Asian=U-z0*Uz;z0=K/S0=1.0;S0=K=100;r=0.09
0.2,0.3500000000,0.6364230382,0.9139330355,0.6366928035,Delta_Asian=U-z0*Uz;z0=K/S0=1.0;S0=K=100;r=0.09
0.2,0.3600000000,0.6272837079,0.9139330361,0.6366928035,Delta_Asian=U-z0*Uz;z0=K/S0=1.0;S0=K=100;r=0.09
0.2,0.3700000000,0.6181443775,0.9139330362,0.6366928035,Delta_Asian=U-z0*Uz;z0=K/S0=1.0;S0=K=100;r=0.09
0.2,0.3800000000,0.6090050471,0.9139330359,0.6366928035,Delta_Asian=U-z0*Uz;z0=K/S0=1.0;S0=K=100;r=0.09
0.2,0.3900000000,0.5998657168,0.9139330358,0.6366928035,Delta_Asian=U-z0*Uz;z0=K/S0=1.0;S0=K=100;r=0.09
0.2,0.4000000000,0.5907263864,0.9139330359,0.6366928035,Delta_Asian=U-z0*Uz;z0=K/S0=1.0;S0=K=100;r=0.09
0.2,0.4100000000,0.5815870561,0.9139330360,0.6366928035,Delta_Asian=U-z0*Uz;z0=K/S0=1.0;S0=K=100;r=0.09
0.2,0.4200000000,0.5724477257,0.9139330360,0.6366928035,Delta_Asian=U-z0*Uz;z0=K/S0=1.0;S0=K=100;r=0.09
0.2,0.4300000000,0.5633083953,0.9139330359,0.6366928035,Delta_Asian=U-z0*Uz;z0=K/S0=1.0;S0=K=100;r=0.09
0.2,0.4400000000,0.5541690650,0.9139330359,0.6366928035,Delta_Asian=U-z0*Uz;z0=K/S0=1.0;S0=K=100;r=0.09
0.2,0.4500000000,0.5450297346,0.9139330359,0.6366928035,Delta_Asian=U-z0*Uz;z0=K/S0=1.0;S0=K=100;r=0.09
0.2,0.4600000000,0.5358904043,0.9139330359,0.6366928035,Delta_Asian=U-z0*Uz;z0=K/S0=1.0;S0=K=100;r=0.09
0.2,0.4700000000,0.5267510739,0.9139330359,0.6366928035,Delta_Asian=U-z0*Uz;z0=K/S0=1.0;S0=K=100;r=0.09
0.2,0.4800000000,0.5176117436,0.9139330359,0.6366928035,Delta_Asian=U-z0*Uz;z0=K/S0=1.0;S0=K=100;r=0.09
0.2,0.4900000000,0.5084724132,0.9139330359,0.6366928035,Delta_Asian=U-z0*Uz;z0=K/S0=1.0;S0=K=100;r=0.09
0.2,0.5000000000,0.4993330828,0.9139330359,0.6366928035,Delta_Asian=U-z0*Uz;z0=K/S0=1.0;S0=K=100;r=0.09
0.2,0.5100000000,0.4901937525,0.9139330359,0.6366928035,Delta_Asian=U-z0*Uz;z0=K/S0=1.0;S0=K=100;r=0.09
0.2,0.5200000000,0.4810544221,0.9139330359,0.6366928035,Delta_Asian=U-z0*Uz;z0=K/S0=1.0;S0=K=100;r=0.09
0.2,0.5300000000,0.4719150918,0.9139330358,0.6366928035,Delta_Asian=U-z0*Uz;z0=K/S0=1.0;S0=K=100;r=0.09
0.2,0.5400000000,0.4627757614,0.9139330354,0.6366928035,Delta_Asian=U-z0*Uz;z0=K/S0=1.0;S0=K=100;r=0.09
0.2,0.5500000000,0.4536364310,0.9139330341,0.6366928035,Delta_Asian=U-z0*Uz;z0=K/S0=1.0;S0=K=100;r=0.09
0.2,0.5600000000,0.4444971007,0.9139330301,0.6366928035,Delta_Asian=U-z0*Uz;z0=K/S0=1.0;S0=K=100;r=0.09
0.2,0.5700000000,0.4353577704,0.9139330189,0.6366928035,Delta_Asian=U-z0*Uz;z0=K/S0=1.0;S0=K=100;r=0.09
0.2,0.5800000000,0.4262184403,0.9139329890,0.6366928035,Delta_Asian=U-z0*Uz;z0=K/S0=1.0;S0=K=100;r=0.09
0.2,0.5900000000,0.4170791107,0.9139329143,0.6366928035,Delta_Asian=U-z0*Uz;z0=K/S0=1.0;S0=K=100;r=0.09
0.2,0.6000000000,0.4079397821,0.9139327377,0.6366928035,Delta_Asian=U-z0*Uz;z0=K/S0=1.0;S0=K=100;r=0.09
0.2,0.6100000000,0.3988004559,0.9139323412,0.6366928035,Delta_Asian=U-z0*Uz;z0=K/S0=1.0;S0=K=100;r=0.09
0.2,0.6200000000,0.3896611352,0.9139314923,0.6366928035,Delta_Asian=U-z0*Uz;z0=K/S0=1.0;S0=K=100;r=0.09
0.2,0.6300000000,0.3805218261,0.9139297546,0.6366928035,Delta_Asian=U-z0*Uz;z0=K/S0=1.0;S0=K=100;r=0.09
0.2,0.6400000000,0.3713825401,0.9139263424,0.6366928035,Delta_Asian=U-z0*Uz;z0=K/S0=1.0;S0=K=100;r=0.09
0.2,0.6500000000,0.3622432992,0.9139198991,0.6366928035,Delta_Asian=U-z0*Uz;z0=K/S0=1.0;S0=K=100;r=0.09
0.2,0.6600000000,0.3531041422,0.9139081695,0.6366928035,Delta_Asian=U-z0*Uz;z0=K/S0=1.0;S0=K=100;r=0.09
0.2,0.6700000000,0.3439651358,0.9138875392,0.6366928035,Delta_Asian=U-z0*Uz;z0=K/S0=1.0;S0=K=100;r=0.09
0.2,0.6800000000,0.3348263914,0.9138524127,0.6366928035,Delta_Asian=U-z0*Uz;z0=K/S0=1.0;S0=K=100;r=0.09
0.2,0.6900000000,0.3256880876,0.9137944064,0.6366928035,Delta_Asian=U-z0*Uz;z0=K/S0=1.0;S0=K=100;r=0.09
0.2,0.7000000000,0.3165505032,0.9137013486,0.6366928035,Delta_Asian=U-z0*Uz;z0=K/S0=1.0;S0=K=100;r=0.09
0.2,0.7100000000,0.3074140606,0.9135560892,0.6366928035,Delta_Asian=U-z0*Uz;z0=K/S0=1.0;S0=K=100;r=0.09
0.2,0.7200000000,0.2982793815,0.9133351498,0.6366928035,Delta_Asian=U-z0*Uz;z0=K/S0=1.0;S0=K=100;r=0.09
0.2,0.7300000000,0.2891473576,0.9130072678,0.6366928035,Delta_Asian=U-z0*Uz;z0=K/S0=1.0;S0=K=100;r=0.09
0.2,0.7400000000,0.2800192361,0.9125319171,0.6366928035,Delta_Asian=U-z0*Uz;z0=K/S0=1.0;S0=K=100;r=0.09
0.2,0.7500000000,0.2708967193,0.9118579127,0.6366928035,Delta_Asian=U-z0*Uz;z0=K/S0=1.0;S0=K=100;r=0.09
0.2,0.7600000000,0.2617820778,0.9109222278,0.6366928035,Delta_Asian=U-z0*Uz;z0=K/S0=1.0;S0=K=100;r=0.09
0.2,0.7700000000,0.2526782747,0.9096491637,0.6366928035,Delta_Asian=U-z0*Uz;z0=K/S0=1.0;S0=K=100;r=0.09
0.2,0.7800000000,0.2435890946,0.9079500102,0.6366928035,Delta_Asian=U-z0*Uz;z0=K/S0=1.0;S0=K=100;r=0.09
0.2,0.7900000000,0.2345192745,0.9057233248,0.6366928035,Delta_Asian=U-z0*Uz;z0=K/S0=1.0;S0=K=100;r=0.09
0.2,0.8000000000,0.2254746281,0.9028559263,0.6366928035,Delta_Asian=U-z0*Uz;z0=K/S0=1.0;S0=K=100;r=0.09
0.2,0.8100000000,0.2164621560,0.8992246632,0.6366928035,Delta_Asian=U-z0*Uz;z0=K/S0=1.0;S0=K=100;r=0.09
0.2,0.8200000000,0.2074901348,0.8946989639,0.6366928035,Delta_Asian=U-z0*Uz;z0=K/S0=1.0;S0=K=100;r=0.09
0.2,0.8300000000,0.1985681767,0.8891441225,0.6366928035,Delta_Asian=U-z0*Uz;z0=K/S0=1.0;S0=K=100;r=0.09
0.2,0.8400000000,0.1897072524,0.8824252190,0.6366928035,Delta_Asian=U-z0*Uz;z0=K/S0=1.0;S0=K=100;r=0.09
0.2,0.8500000000,0.1809196723,0.8744115169,0.6366928035,Delta_Asian=U-z0*Uz;z0=K/S0=1.0;S0=K=100;r=0.09
0.2,0.8600000000,0.1722190220,0.8649811451,0.6366928035,Delta_Asian=U-z0*Uz;z0=K/S0=1.0;S0=K=100;r=0.09
0.2,0.8700000000,0.1636200494,0.8540258356,0.6366928035,Delta_Asian=U-z0*Uz;z0=K/S0=1.0;S0=K=100;r=0.09
0.2,0.8800000000,0.1551385053,0.8414554799,0.6366928035,Delta_Asian=U-z0*Uz;z0=K/S0=1.0;S0=K=100;r=0.09
0.2,0.8900000000,0.1467909398,0.8272022665,0.6366928035,Delta_Asian=U-z0*Uz;z0=K/S0=1.0;S0=K=100;r=0.09
0.2,0.9000000000,0.1385944600,0.8112241840,0.6366928035,Delta_Asian=U-z0*Uz;z0=K/S0=1.0;S0=K=100;r=0.09
0.2,0.9100000000,0.1305664561,0.7935077071,0.6366928035,Delta_Asian=U-z0*Uz;z0=K/S0=1.0;S0=K=100;r=0.09
0.2,0.9200000000,0.1227243058,0.7740695289,0.6366928035,Delta_Asian=U-z0*Uz;z0=K/S0=1.0;S0=K=100;r=0.09
0.2,0.9300000000,0.1150850656,0.7529572556,0.6366928035,Delta_Asian=U-z0*Uz;z0=K/S0=1.0;S0=K=100;r=0.09
0.2,0.9400000000,0.1076651607,0.7302490372,0.6366928035,Delta_Asian=U-z0*Uz;z0=K/S0=1.0;S0=K=100;r=0.09
0.2,0.9500000000,0.1004800848,0.7060521629,0.6366928035,Delta_Asian=U-z0*Uz;z0=K/S0=1.0;S0=K=100;r=0.09
0.2,0.9600000000,0.0935441175,0.6805007010,0.6366928035,Delta_Asian=U-z0*Uz;z0=K/S0=1.0;S0=K=100;r=0.09
0.2,0.9700000000,0.0868700708,0.6537523084,0.6366928035,Delta_Asian=U-z0*Uz;z0=K/S0=1.0;S0=K=100;r=0.09
0.2,0.9800000000,0.0804690713,0.6259843657,0.6366928035,Delta_Asian=U-z0*Uz;z0=K/S0=1.0;S0=K=100;r=0.09
0.2,0.9900000000,0.0743503835,0.5973896200,0.6366928035,Delta_Asian=U-z0*Uz;z0=K/S0=1.0;S0=K=100;r=0.09
0.2,1.0000000000,0.0685212789,0.5681715246,0.6366928035,Delta_Asian=U-z0*Uz;z0=K/S0=1.0;S0=K=100;r=0.09
0.2,1.0100000000,0.0629869530,0.5385394680,0.6366928035,Delta_Asian=U-z0*Uz;z0=K/S0=1.0;S0=K=100;r=0.09
0.2,1.0200000000,0.0577504895,0.5087040722,0.6366928035,Delta_Asian=U-z0*Uz;z0=K/S0=1.0;S0=K=100;r=0.09
0.2,1.0300000000,0.0528128715,0.4788727238,0.6366928035,Delta_Asian=U-z0*Uz;z0=K/S0=1.0;S0=K=100;r=0.09
0.2,1.0400000000,0.0481730351,0.4492454749,0.6366928035,Delta_Asian=U-z0*Uz;z0=K/S0=1.0;S0=K=100;r=0.09
0.2,1.0500000000,0.0438279621,0.4200114245,0.6366928035,Delta_Asian=U-z0*Uz;z0=K/S0=1.0;S0=K=100;r=0.09
0.2,1.0600000000,0.0397728066,0.3913456590,0.6366928035,Delta_Asian=U-z0*Uz;z0=K/S0=1.0;S0=K=100;r=0.09
0.2,1.0700000000,0.0360010489,0.3634068000,0.6366928035,Delta_Asian=U-z0*Uz;z0=K/S0=1.0;S0=K=100;r=0.09
0.2,1.0800000000,0.0325046706,0.3363351790,0.6366928035,Delta_Asian=U-z0*Uz;z0=K/S0=1.0;S0=K=100;r=0.09
0.2,1.0900000000,0.0292743453,0.3102516328,0.6366928035,Delta_Asian=U-z0*Uz;z0=K/S0=1.0;S0=K=100;r=0.09
0.2,1.1000000000,0.0262996379,0.2852568897,0.6366928035,Delta_Asian=U-z0*Uz;z0=K/S0=1.0;S0=K=100;r=0.09
0.2,1.1100000000,0.0235692075,0.2614314993,0.6366928035,Delta_Asian=U-z0*Uz;z0=K/S0=1.0;S0=K=100;r=0.09
0.2,1.1200000000,0.0210710079,0.2388362454,0.6366928035,Delta_Asian=U-z0*Uz;z0=K/S0=1.0;S0=K=100;r=0.09
0.2,1.1300000000,0.0187924826,0.2175129721,0.6366928035,Delta_Asian=U-z0*Uz;z0=K/S0=1.0;S0=K=100;r=0.09
0.2,1.1400000000,0.0167207485,0.1974857482,0.6366928035,Delta_Asian=U-z0*Uz;z0=K/S0=1.0;S0=K=100;r=0.09
0.2,1.1500000000,0.0148427676,0.1787622938,0.6366928035,Delta_Asian=U-z0*Uz;z0=K/S0=1.0;S0=K=100;r=0.09
0.2,1.1600000000,0.0131455026,0.1613355962,0.6366928035,Delta_Asian=U-z0*Uz;z0=K/S0=1.0;S0=K=100;r=0.09
0.2,1.1700000000,0.0116160557,0.1451856446,0.6366928035,Delta_Asian=U-z0*Uz;z0=K/S0=1.0;S0=K=100;r=0.09
0.2,1.1800000000,0.0102417897,0.1302812222,0.6366928035,Delta_Asian=U-z0*Uz;z0=K/S0=1.0;S0=K=100;r=0.09
0.2,1.1900000000,0.0090104313,0.1165816997,0.6366928035,Delta_Asian=U-z0*Uz;z0=K/S0=1.0;S0=K=100;r=0.09
0.2,1.2000000000,0.0079101557,0.1040387839,0.6366928035,Delta_Asian=U-z0*Uz;z0=K/S0=1.0;S0=K=100;r=0.09
0.2,1.2100000000,0.0069296556,0.0925981846,0.6366928035,Delta_Asian=U-z0*Uz;z0=K/S0=1.0;S0=K=100;r=0.09
0.2,1.2200000000,0.0060581920,0.0822011691,0.6366928035,Delta_Asian=U-z0*Uz;z0=K/S0=1.0;S0=K=100;r=0.09
0.2,1.2300000000,0.0052856322,0.0727859842,0.6366928035,Delta_Asian=U-z0*Uz;z0=K/S0=1.0;S0=K=100;r=0.09
0.2,1.2400000000,0.0046024724,0.0642891317,0.6366928035,Delta_Asian=U-z0*Uz;z0=K/S0=1.0;S0=K=100;r=0.09
0.2,1.2500000000,0.0039998496,0.0566464905,0.6366928035,Delta_Asian=U-z0*Uz;z0=K/S0=1.0;S0=K=100;r=0.09
0.2,1.2600000000,0.0034695425,0.0497942832,0.6366928035,Delta_Asian=U-z0*Uz;z0=K/S0=1.0;S0=K=100;r=0.09
0.2,1.2700000000,0.0030039639,0.0436698900,0.6366928035,Delta_Asian=U-z0*Uz;z0=K/S0=1.0;S0=K=100;r=0.09
0.2,1.2800000000,0.0025961447,0.0382125177,0.6366928035,Delta_Asian=U-z0*Uz;z0=K/S0=1.0;S0=K=100;r=0.09
0.2,1.2900000000,0.0022397135,0.0333637319,0.6366928035,Delta_Asian=U-z0*Uz;z0=K/S0=1.0;S0=K=100;r=0.09
0.2,1.3000000000,0.0019288701,0.0290678643,0.6366928035,Delta_Asian=U-z0*Uz;z0=K/S0=1.0;S0=K=100;r=0.09
0.2,1.3100000000,0.0016583563,0.0252723072,0.6366928035,Delta_Asian=U-z0*Uz;z0=K/S0=1.0;S0=K=100;r=0.09
0.2,1.3200000000,0.0014234240,0.0219277097,0.6366928035,Delta_Asian=U-z0*Uz;z0=K/S0=1.0;S0=K=100;r=0.09
0.2,1.3300000000,0.0012198021,0.0189880866,0.6366928035,Delta_Asian=U-z0*Uz;z0=K/S0=1.0;S0=K=100;r=0.09
0.2,1.3400000000,0.0010436622,0.0164108548,0.6366928035,Delta_Asian=U-z0*Uz;z0=K/S0=1.0;S0=K=100;r=0.09
0.2,1.3500000000,0.0008915850,0.0141568087,0.6366928035,Delta_Asian=U-z0*Uz;z0=K/S0=1.0;S0=K=100;r=0.09
0.2,1.3600000000,0.0007605261,0.0121900463,0.6366928035,Delta_Asian=U-z0*Uz;z0=K/S0=1.0;S0=K=100;r=0.09
0.2,1.3700000000,0.0006477840,0.0104778553,0.6366928035,Delta_Asian=U-z0*Uz;z0=K/S0=1.0;S0=K=100;r=0.09
0.2,1.3800000000,0.0005509690,0.0089905713,0.6366928035,Delta_Asian=U-z0*Uz;z0=K/S0=1.0;S0=K=100;r=0.09
0.2,1.3900000000,0.0004679726,0.0077014123,0.6366928035,Delta_Asian=U-z0*Uz;z0=K/S0=1.0;S0=K=100;r=0.09
0.2,1.4000000000,0.0003969407,0.0065863011,0.6366928035,Delta_Asian=U-z0*Uz;z0=K/S0=1.0;S0=K=100;r=0.09
0.2,1.4100000000,0.0003362466,0.0056236773,0.6366928035,Delta_Asian=U-z0*Uz;z0=K/S0=1.0;S0=K=100;r=0.09
0.2,1.4200000000,0.0002844672,0.0047943071,0.6366928035,Delta_Asian=U-z0*Uz;z0=K/S0=1.0;S0=K=100;r=0.09
0.2,1.4300000000,0.0002403605,0.0040810938,0.6366928035,Delta_Asian=U-z0*Uz;z0=K/S0=1.0;S0=K=100;r=0.09
0.2,1.4400000000,0.0002028453,0.0034688919,0.6366928035,Delta_Asian=U-z0*Uz;z0=K/S0=1.0;S0=K=100;r=0.09
0.2,1.4500000000,0.0001709826,0.0029443282,0.6366928035,Delta_Asian=U-z0*Uz;z0=K/S0=1.0;S0=K=100;r=0.09
0.2,1.4600000000,0.0001439587,0.0024956305,0.6366928035,Delta_Asian=U-z0*Uz;z0=K/S0=1.0;S0=K=100;r=0.09
0.2,1.4700000000,0.0001210700,0.0021124670,0.6366928035,Delta_Asian=U-z0*Uz;z0=K/S0=1.0;S0=K=100;r=0.09
0.2,1.4800000000,0.0001017094,0.0017857955,0.6366928035,Delta_Asian=U-z0*Uz;z0=K/S0=1.0;S0=K=100;r=0.09
0.2,1.4900000000,0.0000853541,0.0015077238,0.6366928035,Delta_Asian=U-z0*Uz;z0=K/S0=1.0;S0=K=100;r=0.09
0.2,1.5000000000,0.0000715549,0.0012713817,0.6366928035,Delta_Asian=U-z0*Uz;z0=K/S0=1.0;S0=K=100;r=0.09
0.2,1.5100000000,0.0000599265,0.0010708031,0.6366928035,Delta_Asian=U-z0*Uz;z0=K/S0=1.0;S0=K=100;r=0.09
0.2,1.5200000000,0.0000501388,0.0009008194,0.6366928035,Delta_Asian=U-z0*Uz;z0=K/S0=1.0;S0=K=100;r=0.09
0.2,1.5300000000,0.0000419101,0.0007569637,0.6366928035,Delta_Asian=U-z0*Uz;z0=K/S0=1.0;S0=K=100;r=0.09
0.2,1.5400000000,0.0000349996,0.0006353834,0.6366928035,Delta_Asian=U-z0*Uz;z0=K/S0=1.0;S0=K=100;r=0.09
0.2,1.5500000000,0.0000292024,0.0005327630,0.6366928035,Delta_Asian=U-z0*Uz;z0=K/S0=1.0;S0=K=100;r=0.09
0.2,1.5600000000,0.0000243443,0.0004462553,0.6366928035,Delta_Asian=U-z0*Uz;z0=K/S0=1.0;S0=K=100;r=0.09
0.2,1.5700000000,0.0000202773,0.0003734194,0.6366928035,Delta_Asian=U-z0*Uz;z0=K/S0=1.0;S0=K=100;r=0.09
0.2,1.5800000000,0.0000168759,0.0003121675,0.6366928035,Delta_Asian=U-z0*Uz;z0=K/S0=1.0;S0=K=100;r=0.09
0.2,1.5900000000,0.0000140339,0.0002607165,0.6366928035,Delta_Asian=U-z0*Uz;z0=K/S0=1.0;S0=K=100;r=0.09
0.2,1.6000000000,0.0000116616,0.0002175462,0.6366928035,Delta_Asian=U-z0*Uz;z0=K/S0=1.0;S0=K=100;r=0.09
0.2,1.6100000000,0.0000096830,0.0001813630,0.6366928035,Delta_Asian=U-z0*Uz;z0=K/S0=1.0;S0=K=100;r=0.09
0.2,1.6200000000,0.0000080343,0.0001510677,0.6366928035,Delta_Asian=U-z0*Uz;z0=K/S0=1.0;S0=K=100;r=0.09
0.2,1.6300000000,0.0000066617,0.0001257281,0.6366928035,Delta_Asian=U-z0*Uz;z0=K/S0=1.0;S0=K=100;r=0.09
0.2,1.6400000000,0.0000055198,0.0001045541,0.6366928035,Delta_Asian=U-z0*Uz;z0=K/S0=1.0;S0=K=100;r=0.09
0.2,1.6500000000,0.0000045706,0.0000868779,0.6366928035,Delta_Asian=U-z0*Uz;z0=K/S0=1.0;S0=K=100;r=0.09
0.2,1.6600000000,0.0000037822,0.0000721353,0.6366928035,Delta_Asian=U-z0*Uz;z0=K/S0=1.0;S0=K=100;r=0.09
0.2,1.6700000000,0.0000031279,0.0000598503,0.6366928035,Delta_Asian=U-z0*Uz;z0=K/S0=1.0;S0=K=100;r=0.09
0.2,1.6800000000,0.0000025852,0.0000496221,0.6366928035,Delta_Asian=U-z0*Uz;z0=K/S0=1.0;S0=K=100;r=0.09
0.2,1.6900000000,0.0000021354,0.0000411135,0.6366928035,Delta_Asian=U-z0*Uz;z0=K/S0=1.0;S0=K=100;r=0.09
0.2,1.7000000000,0.0000017629,0.0000340411,0.6366928035,Delta_Asian=U-z0*Uz;z0=K/S0=1.0;S0=K=100;r=0.09
0.2,1.7100000000,0.0000014546,0.0000281671,0.6366928035,Delta_Asian=U-z0*Uz;z0=K/S0=1.0;S0=K=100;r=0.09
0.2,1.7200000000,0.0000011996,0.0000232920,0.6366928035,Delta_Asian=U-z0*Uz;z0=K/S0=1.0;S0=K=100;r=0.09
0.2,1.7300000000,0.0000009888,0.0000192491,0.6366928035,Delta_Asian=U-z0*Uz;z0=K/S0=1.0;S0=K=100;r=0.09
0.2,1.7400000000,0.0000008146,0.0000158986,0.6366928035,Delta_Asian=U-z0*Uz;z0=K/S0=1.0;S0=K=100;r=0.09
0.2,1.7500000000,0.0000006708,0.0000131239,0.6366928035,Delta_Asian=U-z0*Uz;z0=K/S0=1.0;S0=K=100;r=0.09
0.2,1.7600000000,0.0000005521,0.0000108275,0.6366928035,Delta_Asian=U-z0*Uz;z0=K/S0=1.0;S0=K=100;r=0.09
0.2,1.7700000000,0.0000004543,0.0000089282,0.6366928035,Delta_Asian=U-z0*Uz;z0=K/S0=1.0;S0=K=100;r=0.09
0.2,1.7800000000,0.0000003736,0.0000073584,0.6366928035,Delta_Asian=U-z0*Uz;z0=K/S0=1.0;S0=K=100;r=0.09
0.2,1.7900000000,0.0000003071,0.0000060615,0.6366928035,Delta_Asian=U-z0*Uz;z0=K/S0=1.0;S0=K=100;r=0.09
0.2,1.8000000000,0.0000002523,0.0000049909,0.6366928035,Delta_Asian=U-z0*Uz;z0=K/S0=1.0;S0=K=100;r=0.09
0.2,1.8100000000,0.0000002073,0.0000041075,0.6366928035,Delta_Asian=U-z0*Uz;z0=K/S0=1.0;S0=K=100;r=0.09
0.2,1.8200000000,0.0000001702,0.0000033790,0.6366928035,Delta_Asian=U-z0*Uz;z0=K/S0=1.0;S0=K=100;r=0.09
0.2,1.8300000000,0.0000001397,0.0000027786,0.6366928035,Delta_Asian=U-z0*Uz;z0=K/S0=1.0;S0=K=100;r=0.09
0.2,1.8400000000,0.0000001146,0.0000022840,0.6366928035,Delta_Asian=U-z0*Uz;z0=K/S0=1.0;S0=K=100;r=0.09
0.2,1.8500000000,0.0000000940,0.0000018769,0.6366928035,Delta_Asian=U-z0*Uz;z0=K/S0=1.0;S0=K=100;r=0.09
0.2,1.8600000000,0.0000000771,0.0000015419,0.6366928035,Delta_Asian=U-z0*Uz;z0=K/S0=1.0;S0=K=100;r=0.09
0.2,1.8700000000,0.0000000632,0.0000012665,0.6366928035,Delta_Asian=U-z0*Uz;z0=K/S0=1.0;S0=K=100;r=0.09
0.2,1.8800000000,0.0000000517,0.0000010404,0.6366928035,Delta_Asian=U-z0*Uz;z0=K/S0=1.0;S0=K=100;r=0.09
0.2,1.8900000000,0.0000000424,0.0000008549,0.6366928035,Delta_Asian=U-z0*Uz;z0=K/S0=1.0;S0=K=100;r=0.09
0.2,1.9000000000,0.0000000346,0.0000007031,0.6366928035,Delta_Asian=U-z0*Uz;z0=K/S0=1.0;S0=K=100;r=0.09
0.2,1.9100000000,0.0000000283,0.0000005793,0.6366928035,Delta_Asian=U-z0*Uz;z0=K/S0=1.0;S0=K=100;r=0.09
0.2,1.9200000000,0.0000000231,0.0000004790,0.6366928035,Delta_Asian=U-z0*Uz;z0=K/S0=1.0;S0=K=100;r=0.09
0.2,1.9300000000,0.0000000187,0.0000003985,0.6366928035,Delta_Asian=U-z0*Uz;z0=K/S0=1.0;S0=K=100;r=0.09
0.2,1.9400000000,0.0000000151,0.0000003351,0.6366928035,Delta_Asian=U-z0*Uz;z0=K/S0=1.0;S0=K=100;r=0.09
0.2,1.9500000000,0.0000000120,0.0000002868,0.6366928035,Delta_Asian=U-z0*Uz;z0=K/S0=1.0;S0=K=100;r=0.09
0.2,1.9600000000,0.0000000094,0.0000002526,0.6366928035,Delta_Asian=U-z0*Uz;z0=K/S0=1.0;S0=K=100;r=0.09
0.2,1.9700000000,0.0000000070,0.0000002320,0.6366928035,Delta_Asian=U-z0*Uz;z0=K/S0=1.0;S0=K=100;r=0.09
0.2,1.9800000000,0.0000000047,0.0000002258,0.6366928035,Delta_Asian=U-z0*Uz;z0=K/S0=1.0;S0=K=100;r=0.09
0.2,1.9900000000,0.0000000024,0.0000002356,0.6366928035,Delta_Asian=U-z0*Uz;z0=K/S0=1.0;S0=K=100;r=0.09
0.3,-1.9900000000,1.8251118290,0.0004767527,0.6008383658,Delta_Asian=U-z0*Uz;z0=K/S0=1.0;S0=K=100;r=0.09
0.3,-1.9800000000,1.8251046390,0.0009746465,0.6008383658,Delta_Asian=U-z0*Uz;z0=K/S0=1.0;S0=K=100;r=0.09
0.3,-1.9700000000,1.8250923360,0.0014998114,0.6008383658,Delta_Asian=U-z0*Uz;z0=K/S0=1.0;S0=K=100;r=0.09
0.3,-1.9600000000,1.8250746430,0.0020531777,0.6008383658,Delta_Asian=U-z0*Uz;z0=K/S0=1.0;S0=K=100;r=0.09
0.3,-1.9500000000,1.8250512720,0.0026356975,0.6008383658,Delta_Asian=U-z0*Uz;z0=K/S0=1.0;S0=K=100;r=0.09
0.3,-1.9400000000,1.8250219290,0.0032483445,0.6008383658,Delta_Asian=U-z0*Uz;z0=K/S0=1.0;S0=K=100;r=0.09
0.3,-1.9300000000,1.8249863050,0.0038921142,0.6008383658,Delta_Asian=U-z0*Uz;z0=K/S0=1.0;S0=K=100;r=0.09
0.3,-1.9200000000,1.8249440860,0.0045680244,0.6008383658,Delta_Asian=U-z0*Uz;z0=K/S0=1.0;S0=K=100;r=0.09
0.3,-1.9100000000,1.8248949450,0.0052771151,0.6008383658,Delta_Asian=U-z0*Uz;z0=K/S0=1.0;S0=K=100;r=0.09
0.3,-1.9000000000,1.8248385440,0.0060204487,0.6008383658,Delta_Asian=U-z0*Uz;z0=K/S0=1.0;S0=K=100;r=0.09
0.3,-1.8900000000,1.8247745360,0.0067991097,0.6008383658,Delta_Asian=U-z0*Uz;z0=K/S0=1.0;S0=K=100;r=0.09
0.3,-1.8800000000,1.8247025620,0.0076142054,0.6008383658,Delta_Asian=U-z0*Uz;z0=K/S0=1.0;S0=K=100;r=0.09
0.3,-1.8700000000,1.8246222520,0.0084668656,0.6008383658,Delta_Asian=U-z0*Uz;z0=K/S0=1.0;S0=K=100;r=0.09
0.3,-1.8600000000,1.8245332250,0.0093582426,0.6008383658,Delta_Asian=U-z0*Uz;z0=K/S0=1.0;S0=K=100;r=0.09
0.3,-1.8500000000,1.8244350870,0.0102895113,0.6008383658,Delta_Asian=U-z0*Uz;z0=K/S0=1.0;S0=K=100;r=0.09
0.3,-1.8400000000,1.8243274340,0.0112618692,0.6008383658,Delta_Asian=U-z0*Uz;z0=K/S0=1.0;S0=K=100;r=0.09
0.3,-1.8300000000,1.8242098500,0.0122765362,0.6008383658,Delta_Asian=U-z0*Uz;z0=K/S0=1.0;S0=K=100;r=0.09
0.3,-1.8200000000,1.8240819040,0.0133347546,0.6008383658,Delta_Asian=U-z0*Uz;z0=K/S0=1.0;S0=K=100;r=0.09
0.3,-1.8100000000,1.8239431540,0.0144377891,0.6008383658,Delta_Asian=U-z0*Uz;z0=K/S0=1.0;S0=K=100;r=0.09
0.3,-1.8000000000,1.8237931480,0.0155869264,0.6008383658,Delta_Asian=U-z0*Uz;z0=K/S0=1.0;S0=K=100;r=0.09
0.3,-1.7900000000,1.8236314160,0.0167834754,0.6008383658,Delta_Asian=U-z0*Uz;z0=K/S0=1.0;S0=K=100;r=0.09
0.3,-1.7800000000,1.8234574780,0.0180287664,0.6008383658,Delta_Asian=U-z0*Uz;z0=K/S0=1.0;S0=K=100;r=0.09
0.3,-1.7700000000,1.8232708410,0.0193241515,0.6008383658,Delta_Asian=U-z0*Uz;z0=K/S0=1.0;S0=K=100;r=0.09
0.3,-1.7600000000,1.8230709950,0.0206710038,0.6008383658,Delta_Asian=U-z0*Uz;z0=K/S0=1.0;S0=K=100;r=0.09
0.3,-1.7500000000,1.8228574210,0.0220707173,0.6008383658,Delta_Asian=U-z0*Uz;z0=K/S0=1.0;S0=K=100;r=0.09
0.3,-1.7400000000,1.8226295810,0.0235247065,0.6008383658,Delta_Asian=U-z0*Uz;z0=K/S0=1.0;S0=K=100;r=0.09
0.3,-1.7300000000,1.8223869260,0.0250344059,0.6008383658,Delta_Asian=U-z0*Uz;z0=K/S0=1.0;S0=K=100;r=0.09
0.3,-1.7200000000,1.8221288930,0.0266012696,0.6008383658,Delta_Asian=U-z0*Uz;z0=K/S0=1.0;S0=K=100;r=0.09
0.3,-1.7100000000,1.8218549010,0.0282267706,0.6008383658,Delta_Asian=U-z0*Uz;z0=K/S0=1.0;S0=K=100;r=0.09
0.3,-1.7000000000,1.8215643570,0.0299124005,0.6008383658,Delta_Asian=U-z0*Uz;z0=K/S0=1.0;S0=K=100;r=0.09
0.3,-1.6900000000,1.8212566530,0.0316596686,0.6008383658,Delta_Asian=U-z0*Uz;z0=K/S0=1.0;S0=K=100;r=0.09
0.3,-1.6800000000,1.8209311640,0.0334701014,0.6008383658,Delta_Asian=U-z0*Uz;z0=K/S0=1.0;S0=K=100;r=0.09
0.3,-1.6700000000,1.8205872510,0.0353452419,0.6008383658,Delta_Asian=U-z0*Uz;z0=K/S0=1.0;S0=K=100;r=0.09
0.3,-1.6600000000,1.8202242590,0.0372866484,0.6008383658,Delta_Asian=U-z0*Uz;z0=K/S0=1.0;S0=K=100;r=0.09
0.3,-1.6500000000,1.8198415180,0.0392958941,0.6008383658,Delta_Asian=U-z0*Uz;z0=K/S0=1.0;S0=K=100;r=0.09
0.3,-1.6400000000,1.8194383410,0.0413745659,0.6008383658,Delta_Asian=U-z0*Uz;z0=K/S0=1.0;S0=K=100;r=0.09
0.3,-1.6300000000,1.8190140270,0.0435242634,0.6008383658,Delta_Asian=U-z0*Uz;z0=K/S0=1.0;S0=K=100;r=0.09
0.3,-1.6200000000,1.8185678560,0.0457465980,0.6008383658,Delta_Asian=U-z0*Uz;z0=K/S0=1.0;S0=K=100;r=0.09
0.3,-1.6100000000,1.8180990950,0.0480431916,0.6008383658,Delta_Asian=U-z0*Uz;z0=K/S0=1.0;S0=K=100;r=0.09
0.3,-1.6000000000,1.8176069920,0.0504156753,0.6008383658,Delta_Asian=U-z0*Uz;z0=K/S0=1.0;S0=K=100;r=0.09
0.3,-1.5900000000,1.8170907810,0.0528656883,0.6008383658,Delta_Asian=U-z0*Uz;z0=K/S0=1.0;S0=K=100;r=0.09
0.3,-1.5800000000,1.8165496780,0.0553948766,0.6008383658,Delta_Asian=U-z0*Uz;z0=K/S0=1.0;S0=K=100;r=0.09
0.3,-1.5700000000,1.8159828840,0.0580048911,0.6008383658,Delta_Asian=U-z0*Uz;z0=K/S0=1.0;S0=K=100;r=0.09
0.3,-1.5600000000,1.8153895810,0.0606973866,0.6008383658,Delta_Asian=U-z0*Uz;z0=K/S0=1.0;S0=K=100;r=0.09
0.3,-1.5500000000,1.8147689360,0.0634740196,0.6008383658,Delta_Asian=U-z0*Uz;z0=K/S0=1.0;S0=K=100;r=0.09
0.3,-1.5400000000,1.8141201000,0.0663364472,0.6008383658,Delta_Asian=U-z0*Uz;z0=K/S0=1.0;S0=K=100;r=0.09
0.3,-1.5300000000,1.8134422070,0.0692863248,0.6008383658,Delta_Asian=U-z0*Uz;z0=K/S0=1.0;S0=K=100;r=0.09
0.3,-1.5200000000,1.8127343740,0.0723253045,0.6008383658,Delta_Asian=U-z0*Uz;z0=K/S0=1.0;S0=K=100;r=0.09
0.3,-1.5100000000,1.8119957010,0.0754550330,0.6008383658,Delta_Asian=U-z0*Uz;z0=K/S0=1.0;S0=K=100;r=0.09
0.3,-1.5000000000,1.8112252730,0.0786771494,0.6008383658,Delta_Asian=U-z0*Uz;z0=K/S0=1.0;S0=K=100;r=0.09
0.3,-1.4900000000,1.8104221580,0.0819932834,0.6008383658,Delta_Asian=U-z0*Uz;z0=K/S0=1.0;S0=K=100;r=0.09
0.3,-1.4800000000,1.8095854070,0.0854050524,0.6008383658,Delta_Asian=U-z0*Uz;z0=K/S0=1.0;S0=K=100;r=0.09
0.3,-1.4700000000,1.8087140570,0.0889140598,0.6008383658,Delta_Asian=U-z0*Uz;z0=K/S0=1.0;S0=K=100;r=0.09
0.3,-1.4600000000,1.8078071260,0.0925218918,0.6008383658,Delta_Asian=U-z0*Uz;z0=K/S0=1.0;S0=K=100;r=0.09
0.3,-1.4500000000,1.8068636190,0.0962301156,0.6008383658,Delta_Asian=U-z0*Uz;z0=K/S0=1.0;S0=K=100;r=0.09
0.3,-1.4400000000,1.8058825240,0.1000402761,0.6008383658,Delta_Asian=U-z0*Uz;z0=K/S0=1.0;S0=K=100;r=0.09
0.3,-1.4300000000,1.8048628140,0.1039538932,0.6008383658,Delta_Asian=U-z0*Uz;z0=K/S0=1.0;S0=K=100;r=0.09
0.3,-1.4200000000,1.8038034460,0.1079724591,0.6008383658,Delta_Asian=U-z0*Uz;z0=K/S0=1.0;S0=K=100;r=0.09
0.3,-1.4100000000,1.8027033640,0.1120974353,0.6008383658,Delta_Asian=U-z0*Uz;z0=K/S0=1.0;S0=K=100;r=0.09
0.3,-1.4000000000,1.8015614970,0.1163302490,0.6008383658,Delta_Asian=U-z0*Uz;z0=K/S0=1.0;S0=K=100;r=0.09
0.3,-1.3900000000,1.8003767590,0.1206722907,0.6008383658,Delta_Asian=U-z0*Uz;z0=K/S0=1.0;S0=K=100;r=0.09
0.3,-1.3800000000,1.7991480510,0.1251249100,0.6008383658,Delta_Asian=U-z0*Uz;z0=K/S0=1.0;S0=K=100;r=0.09
0.3,-1.3700000000,1.7978742610,0.1296894128,0.6008383658,Delta_Asian=U-z0*Uz;z0=K/S0=1.0;S0=K=100;r=0.09
0.3,-1.3600000000,1.7965542630,0.1343670573,0.6008383658,Delta_Asian=U-z0*Uz;z0=K/S0=1.0;S0=K=100;r=0.09
0.3,-1.3500000000,1.7951869200,0.1391590508,0.6008383658,Delta_Asian=U-z0*Uz;z0=K/S0=1.0;S0=K=100;r=0.09
0.3,-1.3400000000,1.7937710820,0.1440665455,0.6008383658,Delta_Asian=U-z0*Uz;z0=K/S0=1.0;S0=K=100;r=0.09
0.3,-1.3300000000,1.7923055890,0.1490906351,0.6008383658,Delta_Asian=U-z0*Uz;z0=K/S0=1.0;S0=K=100;r=0.09
0.3,-1.3200000000,1.7907892700,0.1542323503,0.6008383658,Delta_Asian=U-z0*Uz;z0=K/S0=1.0;S0=K=100;r=0.09
0.3,-1.3100000000,1.7892209420,0.1594926553,0.6008383658,Delta_Asian=U-z0*Uz;z0=K/S0=1.0;S0=K=100;r=0.09
0.3,-1.3000000000,1.7875994160,0.1648724434,0.6008383658,Delta_Asian=U-z0*Uz;z0=K/S0=1.0;S0=K=100;r=0.09
0.3,-1.2900000000,1.7859234930,0.1703725327,0.6008383658,Delta_Asian=U-z0*Uz;z0=K/S0=1.0;S0=K=100;r=0.09
0.3,-1.2800000000,1.7841919660,0.1759936620,0.6008383658,Delta_Asian=U-z0*Uz;z0=K/S0=1.0;S0=K=100;r=0.09
0.3,-1.2700000000,1.7824036200,0.1817364862,0.6008383658,Delta_Asian=U-z0*Uz;z0=K/S0=1.0;S0=K=100;r=0.09
0.3,-1.2600000000,1.7805572360,0.1876015721,0.6008383658,Delta_Asian=U-z0*Uz;z0=K/S0=1.0;S0=K=100;r=0.09
0.3,-1.2500000000,1.7786515890,0.1935893934,0.6008383658,Delta_Asian=U-z0*Uz;z0=K/S0=1.0;S0=K=100;r=0.09
0.3,-1.2400000000,1.7766854480,0.1997003267,0.6008383658,Delta_Asian=U-z0*Uz;z0=K/S0=1.0;S0=K=100;r=0.09
0.3,-1.2300000000,1.7746575820,0.2059346466,0.6008383658,Delta_Asian=U-z0*Uz;z0=K/S0=1.0;S0=K=100;r=0.09
0.3,-1.2200000000,1.7725667550,0.2122925206,0.6008383658,Delta_Asian=U-z0*Uz;z0=K/S0=1.0;S0=K=100;r=0.09
0.3,-1.2100000000,1.7704117320,0.2187740053,0.6008383658,Delta_Asian=U-z0*Uz;z0=K/S0=1.0;S0=K=100;r=0.09
0.3,-1.2000000000,1.7681912750,0.2253790405,0.6008383658,Delta_Asian=U-z0*Uz;z0=K/S0=1.0;S0=K=100;r=0.09
0.3,-1.1900000000,1.7659041510,0.2321074455,0.6008383658,Delta_Asian=U-z0*Uz;z0=K/S0=1.0;S0=K=100;r=0.09
0.3,-1.1800000000,1.7635491260,0.2389589134,0.6008383658,Delta_Asian=U-z0*Uz;z0=K/S0=1.0;S0=K=100;r=0.09
0.3,-1.1700000000,1.7611249730,0.2459330071,0.6008383658,Delta_Asian=U-z0*Uz;z0=K/S0=1.0;S0=K=100;r=0.09
0.3,-1.1600000000,1.7586304660,0.2530291540,0.6008383658,Delta_Asian=U-z0*Uz;z0=K/S0=1.0;S0=K=100;r=0.09
0.3,-1.1500000000,1.7560643890,0.2602466415,0.6008383658,Delta_Asian=U-z0*Uz;z0=K/S0=1.0;S0=K=100;r=0.09
0.3,-1.1400000000,1.7534255330,0.2675846121,0.6008383658,Delta_Asian=U-z0*Uz;z0=K/S0=1.0;S0=K=100;r=0.09
0.3,-1.1300000000,1.7507126970,0.2750420591,0.6008383658,Delta_Asian=U-z0*Uz;z0=K/S0=1.0;S0=K=100;r=0.09
0.3,-1.1200000000,1.7479246920,0.2826178217,0.6008383658,Delta_Asian=U-z0*Uz;z0=K/S0=1.0;S0=K=100;r=0.09
0.3,-1.1100000000,1.7450603410,0.2903105809,0.6008383658,Delta_Asian=U-z0*Uz;z0=K/S0=1.0;S0=K=100;r=0.09
0.3,-1.1000000000,1.7421184800,0.2981188548,0.6008383658,Delta_Asian=U-z0*Uz;z0=K/S0=1.0;S0=K=100;r=0.09
0.3,-1.0900000000,1.7390979640,0.3060409944,0.6008383658,Delta_Asian=U-z0*Uz;z0=K/S0=1.0;S0=K=100;r=0.09
0.3,-1.0800000000,1.7359976610,0.3140751798,0.6008383658,Delta_Asian=U-z0*Uz;z0=K/S0=1.0;S0=K=100;r=0.09
0.3,-1.0700000000,1.7328164600,0.3222194160,0.6008383658,Delta_Asian=U-z0*Uz;z0=K/S0=1.0;S0=K=100;r=0.09
0.3,-1.0600000000,1.7295532720,0.3304715294,0.6008383658,Delta_Asian=U-z0*Uz;z0=K/S0=1.0;S0=K=100;r=0.09
0.3,-1.0500000000,1.7262070300,0.3388291640,0.6008383658,Delta_Asian=U-z0*Uz;z0=K/S0=1.0;S0=K=100;r=0.09
0.3,-1.0400000000,1.7227766890,0.3472897784,0.6008383658,Delta_Asian=U-z0*Uz;z0=K/S0=1.0;S0=K=100;r=0.09
0.3,-1.0300000000,1.7192612340,0.3558506425,0.6008383658,Delta_Asian=U-z0*Uz;z0=K/S0=1.0;S0=K=100;r=0.09
0.3,-1.0200000000,1.7156596760,0.3645088350,0.6008383658,Delta_Asian=U-z0*Uz;z0=K/S0=1.0;S0=K=100;r=0.09
0.3,-1.0100000000,1.7119710570,0.3732612409,0.6008383658,Delta_Asian=U-z0*Uz;z0=K/S0=1.0;S0=K=100;r=0.09
0.3,-1.0000000000,1.7081944510,0.3821045492,0.6008383658,Delta_Asian=U-z0*Uz;z0=K/S0=1.0;S0=K=100;r=0.09
0.3,-0.9900000000,1.7043289660,0.3910352514,0.6008383658,Delta_Asian=U-z0*Uz;z0=K/S0=1.0;S0=K=100;r=0.09
0.3,-0.9800000000,1.7003737460,0.4000496400,0.6008383658,Delta_Asian=U-z0*Uz;z0=K/S0=1.0;S0=K=100;r=0.09
0.3,-0.9700000000,1.6963279730,0.4091438076,0.6008383658,Delta_Asian=U-z0*Uz;z0=K/S0=1.0;S0=K=100;r=0.09
0.3,-0.9600000000,1.6921908700,0.4183136462,0.6008383658,Delta_Asian=U-z0*Uz;z0=K/S0=1.0;S0=K=100;r=0.09
0.3,-0.9500000000,1.6879617010,0.4275548476,0.6008383658,Delta_Asian=U-z0*Uz;z0=K/S0=1.0;S0=K=100;r=0.09
0.3,-0.9400000000,1.6836397730,0.4368629033,0.6008383658,Delta_Asian=U-z0*Uz;z0=K/S0=1.0;S0=K=100;r=0.09
0.3,-0.9300000000,1.6792244420,0.4462331058,0.6008383658,Delta_Asian=U-z0*Uz;z0=K/S0=1.0;S0=K=100;r=0.09
0.3,-0.9200000000,1.6747151110,0.4556605501,0.6008383658,Delta_Asian=U-z0*Uz;z0=K/S0=1.0;S0=K=100;r=0.09
0.3,-0.9100000000,1.6701112310,0.4651401357,0.6008383658,Delta_Asian=U-z0*Uz;z0=K/S0=1.0;S0=K=100;r=0.09
0.3,-0.9000000000,1.6654123080,0.4746665696,0.6008383658,Delta_Asian=U-z0*Uz;z0=K/S0=1.0;S0=K=100;r=0.09
0.3,-0.8900000000,1.6606179000,0.4842343692,0.6008383658,Delta_Asian=U-z0*Uz;z0=K/S0=1.0;S0=K=100;r=0.09
0.3,-0.8800000000,1.6557276210,0.4938378666,0.6008383658,Delta_Asian=U-z0*Uz;z0=K/S0=1.0;S0=K=100;r=0.09
0.3,-0.8700000000,1.6507411430,0.5034712133,0.6008383658,Delta_Asian=U-z0*Uz;z0=K/S0=1.0;S0=K=100;r=0.09
0.3,-0.8600000000,1.6456581970,0.5131283854,0.6008383658,Delta_Asian=U-z0*Uz;z0=K/S0=1.0;S0=K=100;r=0.09
0.3,-0.8500000000,1.6404785750,0.5228031901,0.6008383658,Delta_Asian=U-z0*Uz;z0=K/S0=1.0;S0=K=100;r=0.09
0.3,-0.8400000000,1.6352021330,0.5324892722,0.6008383658,Delta_Asian=U-z0*Uz;z0=K/S0=1.0;S0=K=100;r=0.09
0.3,-0.8300000000,1.6298287900,0.5421801221,0.6008383658,Delta_Asian=U-z0*Uz;z0=K/S0=1.0;S0=K=100;r=0.09
0.3,-0.8200000000,1.6243585300,0.5518690840,0.6008383658,Delta_Asian=U-z0*Uz;z0=K/S0=1.0;S0=K=100;r=0.09
0.3,-0.8100000000,1.6187914080,0.5615493652,0.6008383658,Delta_Asian=U-z0*Uz;z0=K/S0=1.0;S0=K=100;r=0.09
0.3,-0.8000000000,1.6131275430,0.5712140465,0.6008383658,Delta_Asian=U-z0*Uz;z0=K/S0=1.0;S0=K=100;r=0.09
0.3,-0.7900000000,1.6073671270,0.5808560925,0.6008383658,Delta_Asian=U-z0*Uz;z0=K/S0=1.0;S0=K=100;r=0.09
0.3,-0.7800000000,1.6015104210,0.5904683639,0.6008383658,Delta_Asian=U-z0*Uz;z0=K/S0=1.0;S0=K=100;r=0.09
0.3,-0.7700000000,1.5955577600,0.6000436299,0.6008383658,Delta_Asian=U-z0*Uz;z0=K/S0=1.0;S0=K=100;r=0.09
0.3,-0.7600000000,1.5895095490,0.6095745812,0.6008383658,Delta_Asian=U-z0*Uz;z0=K/S0=1.0;S0=K=100;r=0.09
0.3,-0.7500000000,1.5833662680,0.6190538448,0.6008383658,Delta_Asian=U-z0*Uz;z0=K/S0=1.0;S0=K=100;r=0.09
0.3,-0.7400000000,1.5771284720,0.6284739988,0.6008383658,Delta_Asian=U-z0*Uz;z0=K/S0=1.0;S0=K=100;r=0.09
0.3,-0.7300000000,1.5707967880,0.6378275882,0.6008383658,Delta_Asian=U-z0*Uz;z0=K/S0=1.0;S0=K=100;r=0.09
0.3,-0.7200000000,1.5643719200,0.6471071414,0.6008383658,Delta_Asian=U-z0*Uz;z0=K/S0=1.0;S0=K=100;r=0.09
0.3,-0.7100000000,1.5578546450,0.6563051879,0.6008383658,Delta_Asian=U-z0*Uz;z0=K/S0=1.0;S0=K=100;r=0.09
0.3,-0.7000000000,1.5512458160,0.6654142759,0.6008383658,Delta_Asian=U-z0*Uz;z0=K/S0=1.0;S0=K=100;r=0.09
0.3,-0.6900000000,1.5445463600,0.6744269915,0.6008383658,Delta_Asian=U-z0*Uz;z0=K/S0=1.0;S0=K=100;r=0.09
0.3,-0.6800000000,1.5377572760,0.6833359780,0.6008383658,Delta_Asian=U-z0*Uz;z0=K/S0=1.0;S0=K=100;r=0.09
0.3,-0.6700000000,1.5308796400,0.6921339557,0.6008383658,Delta_Asian=U-z0*Uz;z0=K/S0=1.0;S0=K=100;r=0.09
0.3,-0.6600000000,1.5239145970,0.7008137424,0.6008383658,Delta_Asian=U-z0*Uz;z0=K/S0=1.0;S0=K=100;r=0.09
0.3,-0.6500000000,1.5168633650,0.7093682748,0.6008383658,Delta_Asian=U-z0*Uz;z0=K/S0=1.0;S0=K=100;r=0.09
0.3,-0.6400000000,1.5097272320,0.7177906292,0.6008383658,Delta_Asian=U-z0*Uz;z0=K/S0=1.0;S0=K=100;r=0.09
0.3,-0.6300000000,1.5025075530,0.7260740438,0.6008383658,Delta_Asian=U-z0*Uz;z0=K/S0=1.0;S0=K=100;r=0.09
0.3,-0.6200000000,1.4952057510,0.7342119402,0.6008383658,Delta_Asian=U-z0*Uz;z0=K/S0=1.0;S0=K=100;r=0.09
0.3,-0.6100000000,1.4878233140,0.7421979456,0.6008383658,Delta_Asian=U-z0*Uz;z0=K/S0=1.0;S0=K=100;r=0.09
0.3,-0.6000000000,1.4803617920,0.7500259148,0.6008383658,Delta_Asian=U-z0*Uz;z0=K/S0=1.0;S0=K=100;r=0.09
0.3,-0.5900000000,1.4728227960,0.7576899522,0.6008383658,Delta_Asian=U-z0*Uz;z0=K/S0=1.0;S0=K=100;r=0.09
0.3,-0.5800000000,1.4652079930,0.7651844337,0.6008383658,Delta_Asian=U-z0*Uz;z0=K/S0=1.0;S0=K=100;r=0.09
0.3,-0.5700000000,1.4575191070,0.7725040279,0.6008383658,Delta_Asian=U-z0*Uz;z0=K/S0=1.0;S0=K=100;r=0.09
0.3,-0.5600000000,1.4497579120,0.7796437175,0.6008383658,Delta_Asian=U-z0*Uz;z0=K/S0=1.0;S0=K=100;r=0.09
0.3,-0.5500000000,1.4419262330,0.7865988197,0.6008383658,Delta_Asian=U-z0*Uz;z0=K/S0=1.0;S0=K=100;r=0.09
0.3,-0.5400000000,1.4340259360,0.7933650055,0.6008383658,Delta_Asian=U-z0*Uz;z0=K/S0=1.0;S0=K=100;r=0.09
0.3,-0.5300000000,1.4260589330,0.7999383195,0.6008383658,Delta_Asian=U-z0*Uz;z0=K/S0=1.0;S0=K=100;r=0.09
0.3,-0.5200000000,1.4180271700,0.8063151970,0.6008383658,Delta_Asian=U-z0*Uz;z0=K/S0=1.0;S0=K=100;r=0.09
0.3,-0.5100000000,1.4099326290,0.8124924812,0.6008383658,Delta_Asian=U-z0*Uz;z0=K/S0=1.0;S0=K=100;r=0.09
0.3,-0.5000000000,1.4017773200,0.8184674387,0.6008383658,Delta_Asian=U-z0*Uz;z0=K/S0=1.0;S0=K=100;r=0.09
0.3,-0.4900000000,1.3935632800,0.8242377734,0.6008383658,Delta_Asian=U-z0*Uz;z0=K/S0=1.0;S0=K=100;r=0.09
0.3,-0.4800000000,1.3852925650,0.8298016391,0.6008383658,Delta_Asian=U-z0*Uz;z0=K/S0=1.0;S0=K=100;r=0.09
0.3,-0.4700000000,1.3769672470,0.8351576504,0.6008383658,Delta_Asian=U-z0*Uz;z0=K/S0=1.0;S0=K=100;r=0.09
0.3,-0.4600000000,1.3685894120,0.8403048912,0.6008383658,Delta_Asian=U-z0*Uz;z0=K/S0=1.0;S0=K=100;r=0.09
0.3,-0.4500000000,1.3601611490,0.8452429218,0.6008383658,Delta_Asian=U-z0*Uz;z0=K/S0=1.0;S0=K=100;r=0.09
0.3,-0.4400000000,1.3516845530,0.8499717838,0.6008383658,Delta_Asian=U-z0*Uz;z0=K/S0=1.0;S0=K=100;r=0.09
0.3,-0.4300000000,1.3431617140,0.8544920025,0.6008383658,Delta_Asian=U-z0*Uz;z0=K/S0=1.0;S0=K=100;r=0.09
0.3,-0.4200000000,1.3345947130,0.8588045867,0.6008383658,Delta_Asian=U-z0*Uz;z0=K/S0=1.0;S0=K=100;r=0.09
0.3,-0.4100000000,1.3259856220,0.8629110271,0.6008383658,Delta_Asian=U-z0*Uz;z0=K/S0=1.0;S0=K=100;r=0.09
0.3,-0.4000000000,1.3173364930,0.8668132908,0.6008383658,Delta_Asian=U-z0*Uz;z0=K/S0=1.0;S0=K=100;r=0.09
0.3,-0.3900000000,1.3086493560,0.8705138143,0.6008383658,Delta_Asian=U-z0*Uz;z0=K/S0=1.0;S0=K=100;r=0.09
0.3,-0.3800000000,1.2999262160,0.8740154933,0.6008383658,Delta_Asian=U-z0*Uz;z0=K/S0=1.0;S0=K=100;r=0.09
0.3,-0.3700000000,1.2911690460,0.8773216700,0.6008383658,Delta_Asian=U-z0*Uz;z0=K/S0=1.0;S0=K=100;r=0.09
0.3,-0.3600000000,1.2823797830,0.8804361176,0.6008383658,Delta_Asian=U-z0*Uz;z0=K/S0=1.0;S0=K=100;r=0.09
0.3,-0.3500000000,1.2735603240,0.8833630228,0.6008383658,Delta_Asian=U-z0*Uz;z0=K/S0=1.0;S0=K=100;r=0.09
0.3,-0.3400000000,1.2647125220,0.8861069645,0.6008383658,Delta_Asian=U-z0*Uz;z0=K/S0=1.0;S0=K=100;r=0.09
0.3,-0.3300000000,1.2558381840,0.8886728914,0.6008383658,Delta_Asian=U-z0*Uz;z0=K/S0=1.0;S0=K=100;r=0.09
0.3,-0.3200000000,1.2469390650,0.8910660961,0.6008383658,Delta_Asian=U-z0*Uz;z0=K/S0=1.0;S0=K=100;r=0.09
0.3,-0.3100000000,1.2380168630,0.8932921875,0.6008383658,Delta_Asian=U-z0*Uz;z0=K/S0=1.0;S0=K=100;r=0.09
0.3,-0.3000000000,1.2290732210,0.8953570610,0.6008383658,Delta_Asian=U-z0*Uz;z0=K/S0=1.0;S0=K=100;r=0.09
0.3,-0.2900000000,1.2201097210,0.8972668668,0.6008383658,Delta_Asian=U-z0*Uz;z0=K/S0=1.0;S0=K=100;r=0.09
0.3,-0.2800000000,1.2111278830,0.8990279764,0.6008383658,Delta_Asian=U-z0*Uz;z0=K/S0=1.0;S0=K=100;r=0.09
0.3,-0.2700000000,1.2021291620,0.9006469477,0.6008383658,Delta_Asian=U-z0*Uz;z0=K/S0=1.0;S0=K=100;r=0.09
0.3,-0.2600000000,1.1931149450,0.9021304891,0.6008383658,Delta_Asian=U-z0*Uz;z0=K/S0=1.0;S0=K=100;r=0.09
0.3,-0.2500000000,1.1840865520,0.9034854224,0.6008383658,Delta_Asian=U-z0*Uz;z0=K/S0=1.0;S0=K=100;r=0.09
0.3,-0.2400000000,1.1750452360,0.9047186456,0.6008383658,Delta_Asian=U-z0*Uz;z0=K/S0=1.0;S0=K=100;r=0.09
0.3,-0.2300000000,1.1659921790,0.9058370954,0.6008383658,Delta_Asian=U-z0*Uz;z0=K/S0=1.0;S0=K=100;r=0.09
0.3,-0.2200000000,1.1569284940,0.9068477090,0.6008383658,Delta_Asian=U-z0*Uz;z0=K/S0=1.0;S0=K=100;r=0.09
0.3,-0.2100000000,1.1478552250,0.9077573880,0.6008383658,Delta_Asian=U-z0*Uz;z0=K/S0=1.0;S0=K=100;r=0.09
0.3,-0.2000000000,1.1387733460,0.9085729621,0.6008383658,Delta_Asian=U-z0*Uz;z0=K/S0=1.0;S0=K=100;r=0.09
0.3,-0.1900000000,1.1296837660,0.9093011528,0.6008383658,Delta_Asian=U-z0*Uz;z0=K/S0=1.0;S0=K=100;r=0.09
0.3,-0.1800000000,1.1205873230,0.9099485440,0.6008383658,Delta_Asian=U-z0*Uz;z0=K/S0=1.0;S0=K=100;r=0.09
0.3,-0.1700000000,1.1114847950,0.9105215450,0.6008383658,Delta_Asian=U-z0*Uz;z0=K/S0=1.0;S0=K=100;r=0.09
0.3,-0.1600000000,1.1023768920,0.9110263640,0.6008383658,Delta_Asian=U-z0*Uz;z0=K/S0=1.0;S0=K=100;r=0.09
0.3,-0.1500000000,1.0932642680,0.9114689995,0.6008383658,Delta_Asian=U-z0*Uz;z0=K/S0=1.0;S0=K=100;r=0.09
0.3,-0.1400000000,1.0841475120,0.9118551416,0.6008383658,Delta_Asian=U-z0*Uz;z0=K/S0=1.0;S0=K=100;r=0.09
0.3,-0.1300000000,1.0750271650,0.9121903324,0.6008383658,Delta_Asian=U-z0*Uz;z0=K/S0=1.0;S0=K=100;r=0.09
0.3,-0.1200000000,1.0659037060,0.9124796587,0.6008383658,Delta_Asian=U-z0*Uz;z0=K/S0=1.0;S0=K=100;r=0.09
0.3,-0.1100000000,1.0567775720,0.9127279807,0.6008383658,Delta_Asian=U-z0*Uz;z0=K/S0=1.0;S0=K=100;r=0.09
0.3,-0.1000000000,1.0476491460,0.9129401434,0.6008383658,Delta_Asian=U-z0*Uz;z0=K/S0=1.0;S0=K=100;r=0.09
0.3,-0.0900000000,1.0385187690,0.9131197456,0.6008383658,Delta_Asian=U-z0*Uz;z0=K/S0=1.0;S0=K=100;r=0.09
0.3,-0.0800000000,1.0293867510,0.9132714459,0.6008383658,Delta_Asian=U-z0*Uz;z0=K/S0=1.0;S0=K=100;r=0.09
0.3,-0.0700000000,1.0202533400,0.9133987501,0.6008383658,Delta_Asian=U-z0*Uz;z0=K/S0=1.0;S0=K=100;r=0.09
0.3,-0.0600000000,1.0111187760,0.9135036221,0.6008383658,Delta_Asian=U-z0*Uz;z0=K/S0=1.0;S0=K=100;r=0.09
0.3,-0.0500000000,1.0019832670,0.9135915476,0.6008383658,Delta_Asian=U-z0*Uz;z0=K/S0=1.0;S0=K=100;r=0.09
0.3,-0.0400000000,0.9928469453,0.9136633312,0.6008383658,Delta_Asian=U-z0*Uz;z0=K/S0=1.0;S0=K=100;r=0.09
0.3,-0.0300000000,0.9837100007,0.9137202036,0.6008383658,Delta_Asian=U-z0*Uz;z0=K/S0=1.0;S0=K=100;r=0.09
0.3,-0.0200000000,0.9745725413,0.9137686496,0.6008383658,Delta_Asian=U-z0*Uz;z0=K/S0=1.0;S0=K=100;r=0.09
0.3,-0.0100000000,0.9654346277,0.9138063668,0.6008383658,Delta_Asian=U-z0*Uz;z0=K/S0=1.0;S0=K=100;r=0.09
0.3,0.0000000000,0.9562964139,0.9138344391,0.6008383658,Delta_Asian=U-z0*Uz;z0=K/S0=1.0;S0=K=100;r=0.09
0.3,0.0100000000,0.9471579389,0.9138597248,0.6008383658,Delta_Asian=U-z0*Uz;z0=K/S0=1.0;S0=K=100;r=0.09
0.3,0.0200000000,0.9380192194,0.9138784079,0.6008383658,Delta_Asian=U-z0*Uz;z0=K/S0=1.0;S0=K=100;r=0.09
0.3,0.0300000000,0.9288803708,0.9138905764,0.6008383658,Delta_Asian=U-z0*Uz;z0=K/S0=1.0;S0=K=100;r=0.09
0.3,0.0400000000,0.9197414079,0.9139026350,0.6008383658,Delta_Asian=U-z0*Uz;z0=K/S0=1.0;S0=K=100;r=0.09
0.3,0.0500000000,0.9106023181,0.9139118015,0.6008383658,Delta_Asian=U-z0*Uz;z0=K/S0=1.0;S0=K=100;r=0.09
0.3,0.0600000000,0.9014631719,0.9139164052,0.6008383658,Delta_Asian=U-z0*Uz;z0=K/S0=1.0;S0=K=100;r=0.09
0.3,0.0700000000,0.8923239900,0.9139210784,0.6008383658,Delta_Asian=U-z0*Uz;z0=K/S0=1.0;S0=K=100;r=0.09
0.3,0.0800000000,0.8831847503,0.9139255372,0.6008383658,Delta_Asian=U-z0*Uz;z0=K/S0=1.0;S0=K=100;r=0.09
0.3,0.0900000000,0.8740454792,0.9139274586,0.6008383658,Delta_Asian=U-z0*Uz;z0=K/S0=1.0;S0=K=100;r=0.09
0.3,0.1000000000,0.8649062011,0.9139286539,0.6008383658,Delta_Asian=U-z0*Uz;z0=K/S0=1.0;S0=K=100;r=0.09
0.3,0.1100000000,0.8557669061,0.9139303806,0.6008383658,Delta_Asian=U-z0*Uz;z0=K/S0=1.0;S0=K=100;r=0.09
0.3,0.1200000000,0.8466275935,0.9139314724,0.6008383658,Delta_Asian=U-z0*Uz;z0=K/S0=1.0;S0=K=100;r=0.09
0.3,0.1300000000,0.8374882767,0.9139317529,0.6008383658,Delta_Asian=U-z0*Uz;z0=K/S0=1.0;S0=K=100;r=0.09
0.3,0.1400000000,0.8283489585,0.9139320844,0.6008383658,Delta_Asian=U-z0*Uz;z0=K/S0=1.0;S0=K=100;r=0.09
0.3,0.1500000000,0.8192096350,0.9139325440,0.6008383658,Delta_Asian=U-z0*Uz;z0=K/S0=1.0;S0=K=100;r=0.09
0.3,0.1600000000,0.8100703076,0.9139327663,0.6008383658,Delta_Asian=U-z0*Uz;z0=K/S0=1.0;S0=K=100;r=0.09
0.3,0.1700000000,0.8009309797,0.9139327993,0.6008383658,Delta_Asian=U-z0*Uz;z0=K/S0=1.0;S0=K=100;r=0.09
0.3,0.1800000000,0.7917916516,0.9139328582,0.6008383658,Delta_Asian=U-z0*Uz;z0=K/S0=1.0;S0=K=100;r=0.09
0.3,0.1900000000,0.7826523225,0.9139329513,0.6008383658,Delta_Asian=U-z0*Uz;z0=K/S0=1.0;S0=K=100;r=0.09
0.3,0.2000000000,0.7735129926,0.9139329998,0.6008383658,Delta_Asian=U-z0*Uz;z0=K/S0=1.0;S0=K=100;r=0.09
0.3,0.2100000000,0.7643736625,0.9139330048,0.6008383658,Delta_Asian=U-z0*Uz;z0=K/S0=1.0;S0=K=100;r=0.09
0.3,0.2200000000,0.7552343325,0.9139330079,0.6008383658,Delta_Asian=U-z0*Uz;z0=K/S0=1.0;S0=K=100;r=0.09
0.3,0.2300000000,0.7460950023,0.9139330205,0.6008383658,Delta_Asian=U-z0*Uz;z0=K/S0=1.0;S0=K=100;r=0.09
0.3,0.2400000000,0.7369556721,0.9139330310,0.6008383658,Delta_Asian=U-z0*Uz;z0=K/S0=1.0;S0=K=100;r=0.09
0.3,0.2500000000,0.7278163417,0.9139330337,0.6008383658,Delta_Asian=U-z0*Uz;z0=K/S0=1.0;S0=K=100;r=0.09
0.3,0.2600000000,0.7186770114,0.9139330331,0.6008383658,Delta_Asian=U-z0*Uz;z0=K/S0=1.0;S0=K=100;r=0.09
0.3,0.2700000000,0.7095376811,0.9139330334,0.6008383658,Delta_Asian=U-z0*Uz;z0=K/S0=1.0;S0=K=100;r=0.09
0.3,0.2800000000,0.7003983507,0.9139330347,0.6008383658,Delta_Asian=U-z0*Uz;z0=K/S0=1.0;S0=K=100;r=0.09
0.3,0.2900000000,0.6912590204,0.9139330357,0.6008383658,Delta_Asian=U-z0*Uz;z0=K/S0=1.0;S0=K=100;r=0.09
0.3,0.3000000000,0.6821196900,0.9139330359,0.6008383658,Delta_Asian=U-z0*Uz;z0=K/S0=1.0;S0=K=100;r=0.09
0.3,0.3100000000,0.6729803597,0.9139330358,0.6008383658,Delta_Asian=U-z0*Uz;z0=K/S0=1.0;S0=K=100;r=0.09
0.3,0.3200000000,0.6638410293,0.9139330357,0.6008383658,Delta_Asian=U-z0*Uz;z0=K/S0=1.0;S0=K=100;r=0.09
0.3,0.3300000000,0.6547016989,0.9139330358,0.6008383658,Delta_Asian=U-z0*Uz;z0=K/S0=1.0;S0=K=100;r=0.09
0.3,0.3400000000,0.6455623686,0.9139330359,0.6008383658,Delta_Asian=U-z0*Uz;z0=K/S0=1.0;S0=K=100;r=0.09
0.3,0.3500000000,0.6364230382,0.9139330359,0.6008383658,Delta_Asian=U-z0*Uz;z0=K/S0=1.0;S0=K=100;r=0.09
0.3,0.3600000000,0.6272837079,0.9139330359,0.6008383658,Delta_Asian=U-z0*Uz;z0=K/S0=1.0;S0=K=100;r=0.09
0.3,0.3700000000,0.6181443775,0.9139330359,0.6008383658,Delta_Asian=U-z0*Uz;z0=K/S0=1.0;S0=K=100;r=0.09
0.3,0.3800000000,0.6090050471,0.9139330359,0.6008383658,Delta_Asian=U-z0*Uz;z0=K/S0=1.0;S0=K=100;r=0.09
0.3,0.3900000000,0.5998657168,0.9139330358,0.6008383658,Delta_Asian=U-z0*Uz;z0=K/S0=1.0;S0=K=100;r=0.09
0.3,0.4000000000,0.5907263864,0.9139330355,0.6008383658,Delta_Asian=U-z0*Uz;z0=K/S0=1.0;S0=K=100;r=0.09
0.3,0.4100000000,0.5815870561,0.9139330345,0.6008383658,Delta_Asian=U-z0*Uz;z0=K/S0=1.0;S0=K=100;r=0.09
0.3,0.4200000000,0.5724477257,0.9139330317,0.6008383658,Delta_Asian=U-z0*Uz;z0=K/S0=1.0;S0=K=100;r=0.09
0.3,0.4300000000,0.5633083954,0.9139330239,0.6008383658,Delta_Asian=U-z0*Uz;z0=K/S0=1.0;S0=K=100;r=0.09
0.3,0.4400000000,0.5541690653,0.9139330041,0.6008383658,Delta_Asian=U-z0*Uz;z0=K/S0=1.0;S0=K=100;r=0.09
0.3,0.4500000000,0.5450297354,0.9139329570,0.6008383658,Delta_Asian=U-z0*Uz;z0=K/S0=1.0;S0=K=100;r=0.09
0.3,0.4600000000,0.5358904061,0.9139328510,0.6008383658,Delta_Asian=U-z0*Uz;z0=K/S0=1.0;S0=K=100;r=0.09
0.3,0.4700000000,0.5267510783,0.9139326245,0.6008383658,Delta_Asian=U-z0*Uz;z0=K/S0=1.0;S0=K=100;r=0.09
0.3,0.4800000000,0.5176117536,0.9139321624,0.6008383658,Delta_Asian=U-z0*Uz;z0=K/S0=1.0;S0=K=100;r=0.09
0.3,0.4900000000,0.5084724351,0.9139312605,0.6008383658,Delta_Asian=U-z0*Uz;z0=K/S0=1.0;S0=K=100;r=0.09
0.3,0.5000000000,0.4993331284,0.9139295694,0.6008383658,Delta_Asian=U-z0*Uz;z0=K/S0=1.0;S0=K=100;r=0.09
0.3,0.5100000000,0.4901938437,0.9139265143,0.6008383658,Delta_Asian=U-z0*Uz;z0=K/S0=1.0;S0=K=100;r=0.09
0.3,0.5200000000,0.4810545981,0.9139211833,0.6008383658,Delta_Asian=U-z0*Uz;z0=K/S0=1.0;S0=K=100;r=0.09
0.3,0.5300000000,0.4719154200,0.9139121761,0.6008383658,Delta_Asian=U-z0*Uz;z0=K/S0=1.0;S0=K=100;r=0.09
0.3,0.5400000000,0.4627763546,0.9138974091,0.6008383658,Delta_Asian=U-z0*Uz;z0=K/S0=1.0;S0=K=100;r=0.09
0.3,0.5500000000,0.4536374719,0.9138738710,0.6008383658,Delta_Asian=U-z0*Uz;z0=K/S0=1.0;S0=K=100;r=0.09
0.3,0.5600000000,0.4444988772,0.9138373281,0.6008383658,Delta_Asian=U-z0*Uz;z0=K/S0=1.0;S0=K=100;r=0.09
0.3,0.5700000000,0.4353607253,0.9137819818,0.6008383658,Delta_Asian=U-z0*Uz;z0=K/S0=1.0;S0=K=100;r=0.09
0.3,0.5800000000,0.4262232376,0.9137000825,0.6008383658,Delta_Asian=U-z0*Uz;z0=K/S0=1.0;S0=K=100;r=0.09
0.3,0.5900000000,0.4170867236,0.9135815137,0.6008383658,Delta_Asian=U-z0*Uz;z0=K/S0=1.0;S0=K=100;r=0.09
0.3,0.6000000000,0.4079516073,0.9134133594,0.6008383658,Delta_Asian=U-z0*Uz;z0=K/S0=1.0;S0=K=100;r=0.09
0.3,0.6100000000,0.3988184565,0.9131794763,0.6008383658,Delta_Asian=U-z0*Uz;z0=K/S0=1.0;S0=K=100;r=0.09
0.3,0.6200000000,0.3896880178,0.9128600940,0.6008383658,Delta_Asian=U-z0*Uz;z0=K/S0=1.0;S0=K=100;r=0.09
0.3,0.6300000000,0.3805612546,0.9124314690,0.6008383658,Delta_Asian=U-z0*Uz;z0=K/S0=1.0;S0=K=100;r=0.09
0.3,0.6400000000,0.3714393884,0.9118656185,0.6008383658,Delta_Asian=U-z0*Uz;z0=K/S0=1.0;S0=K=100;r=0.09
0.3,0.6500000000,0.3623239422,0.9111301597,0.6008383658,Delta_Asian=U-z0*Uz;z0=K/S0=1.0;S0=K=100;r=0.09
0.3,0.6600000000,0.3532167852,0.9101882783,0.6008383658,Delta_Asian=U-z0*Uz;z0=K/S0=1.0;S0=K=100;r=0.09
0.3,0.6700000000,0.3441201766,0.9089988418,0.6008383658,Delta_Asian=U-z0*Uz;z0=K/S0=1.0;S0=K=100;r=0.09
0.3,0.6800000000,0.3350368083,0.9075166723,0.6008383658,Delta_Asian=U-z0*Uz;z0=K/S0=1.0;S0=K=100;r=0.09
0.3,0.6900000000,0.3259698432,0.9056929828,0.6008383658,Delta_Asian=U-z0*Uz;z0=K/S0=1.0;S0=K=100;r=0.09
0.3,0.7000000000,0.3169229487,0.9034759749,0.6008383658,Delta_Asian=U-z0*Uz;z0=K/S0=1.0;S0=K=100;r=0.09
0.3,0.7100000000,0.3079003237,0.9008115873,0.6008383658,Delta_Asian=U-z0*Uz;z0=K/S0=1.0;S0=K=100;r=0.09
0.3,0.7200000000,0.2989067169,0.8976443802,0.6008383658,Delta_Asian=U-z0*Uz;z0=K/S0=1.0;S0=K=100;r=0.09
0.3,0.7300000000,0.2899474361,0.8939185281,0.6008383658,Delta_Asian=U-z0*Uz;z0=K/S0=1.0;S0=K=100;r=0.09
0.3,0.7400000000,0.2810283464,0.8895788955,0.6008383658,Delta_Asian=U-z0*Uz;z0=K/S0=1.0;S0=K=100;r=0.09
0.3,0.7500000000,0.2721558582,0.8845721605,0.6008383658,Delta_Asian=U-z0*Uz;z0=K/S0=1.0;S0=K=100;r=0.09
0.3,0.7600000000,0.2633369032,0.8788479513,0.6008383658,Delta_Asian=U-z0*Uz;z0=K/S0=1.0;S0=K=100;r=0.09
0.3,0.7700000000,0.2545788992,0.8723599613,0.6008383658,Delta_Asian=U-z0*Uz;z0=K/S0=1.0;S0=K=100;r=0.09
0.3,0.7800000000,0.2458897039,0.8650670056,0.6008383658,Delta_Asian=U-z0*Uz;z0=K/S0=1.0;S0=K=100;r=0.09
0.3,0.7900000000,0.2372775590,0.8569339894,0.6008383658,Delta_Asian=U-z0*Uz;z0=K/S0=1.0;S0=K=100;r=0.09
0.3,0.8000000000,0.2287510242,0.8479327576,0.6008383658,Delta_Asian=U-z0*Uz;z0=K/S0=1.0;S0=K=100;r=0.09
0.3,0.8100000000,0.2203189039,0.8380428042,0.6008383658,Delta_Asian=U-z0*Uz;z0=K/S0=1.0;S0=K=100;r=0.09
0.3,0.8200000000,0.2119901681,0.8272518212,0.6008383658,Delta_Asian=U-z0*Uz;z0=K/S0=1.0;S0=K=100;r=0.09
0.3,0.8300000000,0.2037738675,0.8155560771,0.6008383658,Delta_Asian=U-z0*Uz;z0=K/S0=1.0;S0=K=100;r=0.09
0.3,0.8400000000,0.1956790465,0.8029606168,0.6008383658,Delta_Asian=U-z0*Uz;z0=K/S0=1.0;S0=K=100;r=0.09
0.3,0.8500000000,0.1877146551,0.7894792849,0.6008383658,Delta_Asian=U-z0*Uz;z0=K/S0=1.0;S0=K=100;r=0.09
0.3,0.8600000000,0.1798894608,0.7751345754,0.6008383658,Delta_Asian=U-z0*Uz;z0=K/S0=1.0;S0=K=100;r=0.09
0.3,0.8700000000,0.1722119636,0.7599573192,0.6008383658,Delta_Asian=U-z0*Uz;z0=K/S0=1.0;S0=K=100;r=0.09
0.3,0.8800000000,0.1646903145,0.7439862238,0.6008383658,Delta_Asian=U-z0*Uz;z0=K/S0=1.0;S0=K=100;r=0.09
0.3,0.8900000000,0.1573322391,0.7272672816,0.6008383658,Delta_Asian=U-z0*Uz;z0=K/S0=1.0;S0=K=100;r=0.09
0.3,0.9000000000,0.1501449688,0.7098530679,0.6008383658,Delta_Asian=U-z0*Uz;z0=K/S0=1.0;S0=K=100;r=0.09
0.3,0.9100000000,0.1431351778,0.6918019495,0.6008383658,Delta_Asian=U-z0*Uz;z0=K/S0=1.0;S0=K=100;r=0.09
0.3,0.9200000000,0.1363089298,0.6731772264,0.6008383658,Delta_Asian=U-z0*Uz;z0=K/S0=1.0;S0=K=100;r=0.09
0.3,0.9300000000,0.1296716333,0.6540462295,0.6008383658,Delta_Asian=U-z0*Uz;z0=K/S0=1.0;S0=K=100;r=0.09
0.3,0.9400000000,0.1232280052,0.6344793943,0.6008383658,Delta_Asian=U-z0*Uz;z0=K/S0=1.0;S0=K=100;r=0.09
0.3,0.9500000000,0.1169820454,0.6145493333,0.6008383658,Delta_Asian=U-z0*Uz;z0=K/S0=1.0;S0=K=100;r=0.09
0.3,0.9600000000,0.1109370186,0.5943299234,0.6008383658,Delta_Asian=U-z0*Uz;z0=K/S0=1.0;S0=K=100;r=0.09
0.3,0.9700000000,0.1050954469,0.5738954269,0.6008383658,Delta_Asian=U-z0*Uz;z0=K/S0=1.0;S0=K=100;r=0.09
0.3,0.9800000000,0.0994591100,0.5533196589,0.6008383658,Delta_Asian=U-z0*Uz;z0=K/S0=1.0;S0=K=100;r=0.09
0.3,0.9900000000,0.0940290537,0.5326752139,0.6008383658,Delta_Asian=U-z0*Uz;z0=K/S0=1.0;S0=K=100;r=0.09
0.3,1.0000000000,0.0888056058,0.5120327600,0.6008383658,Delta_Asian=U-z0*Uz;z0=K/S0=1.0;S0=K=100;r=0.09
0.3,1.0100000000,0.0837883985,0.4914604093,0.6008383658,Delta_Asian=U-z0*Uz;z0=K/S0=1.0;S0=K=100;r=0.09
0.3,1.0200000000,0.0789763976,0.4710231670,0.6008383658,Delta_Asian=U-z0*Uz;z0=K/S0=1.0;S0=K=100;r=0.09
0.3,1.0300000000,0.0743679352,0.4507824633,0.6008383658,Delta_Asian=U-z0*Uz;z0=K/S0=1.0;S0=K=100;r=0.09
0.3,1.0400000000,0.0699607483,0.4307957679,0.6008383658,Delta_Asian=U-z0*Uz;z0=K/S0=1.0;S0=K=100;r=0.09
0.3,1.0500000000,0.0657520198,0.4111162861,0.6008383658,Delta_Asian=U-z0*Uz;z0=K/S0=1.0;S0=K=100;r=0.09
0.3,1.0600000000,0.0617384226,0.3917927330,0.6008383658,Delta_Asian=U-z0*Uz;z0=K/S0=1.0;S0=K=100;r=0.09
0.3,1.0700000000,0.0579161652,0.3728691829,0.6008383658,Delta_Asian=U-z0*Uz;z0=K/S0=1.0;S0=K=100;r=0.09
0.3,1.0800000000,0.0542810389,0.3543849886,0.6008383658,Delta_Asian=U-z0*Uz;z0=K/S0=1.0;S0=K=100;r=0.09
0.3,1.0900000000,0.0508284654,0.3363747644,0.6008383658,Delta_Asian=U-z0*Uz;z0=K/S0=1.0;S0=K=100;r=0.09
0.3,1.1000000000,0.0475535436,0.3188684266,0.6008383658,Delta_Asian=U-z0*Uz;z0=K/S0=1.0;S0=K=100;r=0.09
0.3,1.1100000000,0.0444510969,0.3018912862,0.6008383658,Delta_Asian=U-z0*Uz;z0=K/S0=1.0;S0=K=100;r=0.09
0.3,1.1200000000,0.0415157179,0.2854641850,0.6008383658,Delta_Asian=U-z0*Uz;z0=K/S0=1.0;S0=K=100;r=0.09
0.3,1.1300000000,0.0387418132,0.2696036702,0.6008383658,Delta_Asian=U-z0*Uz;z0=K/S0=1.0;S0=K=100;r=0.09
0.3,1.1400000000,0.0361236445,0.2543222001,0.6008383658,Delta_Asian=U-z0*Uz;z0=K/S0=1.0;S0=K=100;r=0.09
0.3,1.1500000000,0.0336553692,0.2396283749,0.6008383658,Delta_Asian=U-z0*Uz;z0=K/S0=1.0;S0=K=100;r=0.09
0.3,1.1600000000,0.0313310770,0.2255271866,0.6008383658,Delta_Asian=U-z0*Uz;z0=K/S0=1.0;S0=K=100;r=0.09
0.3,1.1700000000,0.0291448254,0.2120202827,0.6008383658,Delta_Asian=U-z0*Uz;z0=K/S0=1.0;S0=K=100;r=0.09
0.3,1.1800000000,0.0270906714,0.1991062380,0.6008383658,Delta_Asian=U-z0*Uz;z0=K/S0=1.0;S0=K=100;r=0.09
0.3,1.1900000000,0.0251627007,0.1867808316,0.6008383658,Delta_Asian=U-z0*Uz;z0=K/S0=1.0;S0=K=100;r=0.09
0.3,1.2000000000,0.0233550547,0.1750373226,0.6008383658,Delta_Asian=U-z0*Uz;z0=K/S0=1.0;S0=K=100;r=0.09
0.3,1.2100000000,0.0216619542,0.1638667238,0.6008383658,Delta_Asian=U-z0*Uz;z0=K/S0=1.0;S0=K=100;r=0.09
0.3,1.2200000000,0.0200777203,0.1532580677,0.6008383658,Delta_Asian=U-z0*Uz;z0=K/S0=1.0;S0=K=100;r=0.09
0.3,1.2300000000,0.0185967929,0.1431986652,0.6008383658,Delta_Asian=U-z0*Uz;z0=K/S0=1.0;S0=K=100;r=0.09
0.3,1.2400000000,0.0172137470,0.1336743515,0.6008383658,Delta_Asian=U-z0*Uz;z0=K/S0=1.0;S0=K=100;r=0.09
0.3,1.2500000000,0.0159233058,0.1246697214,0.6008383658,Delta_Asian=U-z0*Uz;z0=K/S0=1.0;S0=K=100;r=0.09
0.3,1.2600000000,0.0147203525,0.1161683491,0.6008383658,Delta_Asian=U-z0*Uz;z0=K/S0=1.0;S0=K=100;r=0.09
0.3,1.2700000000,0.0135999388,0.1081529945,0.6008383658,Delta_Asian=U-z0*Uz;z0=K/S0=1.0;S0=K=100;r=0.09
0.3,1.2800000000,0.0125572926,0.1006057939,0.6008383658,Delta_Asian=U-z0*Uz;z0=K/S0=1.0;S0=K=100;r=0.09
0.3,1.2900000000,0.0115878230,0.0935084351,0.6008383658,Delta_Asian=U-z0*Uz;z0=K/S0=1.0;S0=K=100;r=0.09
0.3,1.3000000000,0.0106871239,0.0868423175,0.6008383658,Delta_Asian=U-z0*Uz;z0=K/S0=1.0;S0=K=100;r=0.09
0.3,1.3100000000,0.0098509766,0.0805886962,0.6008383658,Delta_Asian=U-z0*Uz;z0=K/S0=1.0;S0=K=100;r=0.09
0.3,1.3200000000,0.0090753500,0.0747288117,0.6008383658,Delta_Asian=U-z0*Uz;z0=K/S0=1.0;S0=K=100;r=0.09
0.3,1.3300000000,0.0083564004,0.0692440051,0.6008383658,Delta_Asian=U-z0*Uz;z0=K/S0=1.0;S0=K=100;r=0.09
0.3,1.3400000000,0.0076904699,0.0641158191,0.6008383658,Delta_Asian=U-z0*Uz;z0=K/S0=1.0;S0=K=100;r=0.09
0.3,1.3500000000,0.0070740840,0.0593260861,0.6008383658,Delta_Asian=U-z0*Uz;z0=K/S0=1.0;S0=K=100;r=0.09
0.3,1.3600000000,0.0065039482,0.0548570041,0.6008383658,Delta_Asian=U-z0*Uz;z0=K/S0=1.0;S0=K=100;r=0.09
0.3,1.3700000000,0.0059769439,0.0506912008,0.6008383658,Delta_Asian=U-z0*Uz;z0=K/S0=1.0;S0=K=100;r=0.09
0.3,1.3800000000,0.0054901242,0.0468117871,0.6008383658,Delta_Asian=U-z0*Uz;z0=K/S0=1.0;S0=K=100;r=0.09
0.3,1.3900000000,0.0050407082,0.0432024007,0.6008383658,Delta_Asian=U-z0*Uz;z0=K/S0=1.0;S0=K=100;r=0.09
0.3,1.4000000000,0.0046260762,0.0398472406,0.6008383658,Delta_Asian=U-z0*Uz;z0=K/S0=1.0;S0=K=100;r=0.09
0.3,1.4100000000,0.0042437634,0.0367310936,0.6008383658,Delta_Asian=U-z0*Uz;z0=K/S0=1.0;S0=K=100;r=0.09
0.3,1.4200000000,0.0038914543,0.0338393533,0.6008383658,Delta_Asian=U-z0*Uz;z0=K/S0=1.0;S0=K=100;r=0.09
0.3,1.4300000000,0.0035669763,0.0311580327,0.6008383658,Delta_Asian=U-z0*Uz;z0=K/S0=1.0;S0=K=100;r=0.09
0.3,1.4400000000,0.0032682936,0.0286737704,0.6008383658,Delta_Asian=U-z0*Uz;z0=K/S0=1.0;S0=K=100;r=0.09
0.3,1.4500000000,0.0029935009,0.0263738323,0.6008383658,Delta_Asian=U-z0*Uz;z0=K/S0=1.0;S0=K=100;r=0.09
0.3,1.4600000000,0.0027408170,0.0242461083,0.6008383658,Delta_Asian=U-z0*Uz;z0=K/S0=1.0;S0=K=100;r=0.09
0.3,1.4700000000,0.0025085787,0.0222791057,0.6008383658,Delta_Asian=U-z0*Uz;z0=K/S0=1.0;S0=K=100;r=0.09
0.3,1.4800000000,0.0022952349,0.0204619383,0.6008383658,Delta_Asian=U-z0*Uz;z0=K/S0=1.0;S0=K=100;r=0.09
0.3,1.4900000000,0.0020993400,0.0187843139,0.6008383658,Delta_Asian=U-z0*Uz;z0=K/S0=1.0;S0=K=100;r=0.09
0.3,1.5000000000,0.0019195486,0.0172365184,0.6008383658,Delta_Asian=U-z0*Uz;z0=K/S0=1.0;S0=K=100;r=0.09
0.3,1.5100000000,0.0017546096,0.0158093991,0.6008383658,Delta_Asian=U-z0*Uz;z0=K/S0=1.0;S0=K=100;r=0.09
0.3,1.5200000000,0.0016033606,0.0144943451,0.6008383658,Delta_Asian=U-z0*Uz;z0=K/S0=1.0;S0=K=100;r=0.09
0.3,1.5300000000,0.0014647227,0.0132832679,0.6008383658,Delta_Asian=U-z0*Uz;z0=K/S0=1.0;S0=K=100;r=0.09
0.3,1.5400000000,0.0013376952,0.0121685805,0.6008383658,Delta_Asian=U-z0*Uz;z0=K/S0=1.0;S0=K=100;r=0.09
0.3,1.5500000000,0.0012213511,0.0111431759,0.6008383658,Delta_Asian=U-z0*Uz;z0=K/S0=1.0;S0=K=100;r=0.09
0.3,1.5600000000,0.0011148317,0.0102004058,0.6008383658,Delta_Asian=U-z0*Uz;z0=K/S0=1.0;S0=K=100;r=0.09
0.3,1.5700000000,0.0010173430,0.0093340582,0.6008383658,Delta_Asian=U-z0*Uz;z0=K/S0=1.0;S0=K=100;r=0.09
0.3,1.5800000000,0.0009281506,0.0085383361,0.6008383658,Delta_Asian=U-z0*Uz;z0=K/S0=1.0;S0=K=100;r=0.09
0.3,1.5900000000,0.0008465762,0.0078078362,0.6008383658,Delta_Asian=U-z0*Uz;z0=K/S0=1.0;S0=K=100;r=0.09
0.3,1.6000000000,0.0007719938,0.0071375271,0.6008383658,Delta_Asian=U-z0*Uz;z0=K/S0=1.0;S0=K=100;r=0.09
0.3,1.6100000000,0.0007038257,0.0065227293,0.6008383658,Delta_Asian=U-z0*Uz;z0=K/S0=1.0;S0=K=100;r=0.09
0.3,1.6200000000,0.0006415393,0.0059590946,0.6008383658,Delta_Asian=U-z0*Uz;z0=K/S0=1.0;S0=K=100;r=0.09
0.3,1.6300000000,0.0005846438,0.0054425871,0.6008383658,Delta_Asian=U-z0*Uz;z0=K/S0=1.0;S0=K=100;r=0.09
0.3,1.6400000000,0.0005326875,0.0049694638,0.6008383658,Delta_Asian=U-z0*Uz;z0=K/S0=1.0;S0=K=100;r=0.09
0.3,1.6500000000,0.0004852545,0.0045362571,0.6008383658,Delta_Asian=U-z0*Uz;z0=K/S0=1.0;S0=K=100;r=0.09
0.3,1.6600000000,0.0004419624,0.0041397572,0.6008383658,Delta_Asian=U-z0*Uz;z0=K/S0=1.0;S0=K=100;r=0.09
0.3,1.6700000000,0.0004024594,0.0037769957,0.6008383658,Delta_Asian=U-z0*Uz;z0=K/S0=1.0;S0=K=100;r=0.09
0.3,1.6800000000,0.0003664225,0.0034452297,0.6008383658,Delta_Asian=U-z0*Uz;z0=K/S0=1.0;S0=K=100;r=0.09
0.3,1.6900000000,0.0003335548,0.0031419273,0.6008383658,Delta_Asian=U-z0*Uz;z0=K/S0=1.0;S0=K=100;r=0.09
0.3,1.7000000000,0.0003035839,0.0028647530,0.6008383658,Delta_Asian=U-z0*Uz;z0=K/S0=1.0;S0=K=100;r=0.09
0.3,1.7100000000,0.0002762597,0.0026115548,0.6008383658,Delta_Asian=U-z0*Uz;z0=K/S0=1.0;S0=K=100;r=0.09
0.3,1.7200000000,0.0002513528,0.0023803514,0.6008383658,Delta_Asian=U-z0*Uz;z0=K/S0=1.0;S0=K=100;r=0.09
0.3,1.7300000000,0.0002286527,0.0021693208,0.6008383658,Delta_Asian=U-z0*Uz;z0=K/S0=1.0;S0=K=100;r=0.09
0.3,1.7400000000,0.0002079664,0.0019767890,0.6008383658,Delta_Asian=U-z0*Uz;z0=K/S0=1.0;S0=K=100;r=0.09
0.3,1.7500000000,0.0001891169,0.0018012200,0.6008383658,Delta_Asian=U-z0*Uz;z0=K/S0=1.0;S0=K=100;r=0.09
0.3,1.7600000000,0.0001719420,0.0016412064,0.6008383658,Delta_Asian=U-z0*Uz;z0=K/S0=1.0;S0=K=100;r=0.09
0.3,1.7700000000,0.0001562928,0.0014954603,0.6008383658,Delta_Asian=U-z0*Uz;z0=K/S0=1.0;S0=K=100;r=0.09
0.3,1.7800000000,0.0001420328,0.0013628054,0.6008383658,Delta_Asian=U-z0*Uz;z0=K/S0=1.0;S0=K=100;r=0.09
0.3,1.7900000000,0.0001290367,0.0012421701,0.6008383658,Delta_Asian=U-z0*Uz;z0=K/S0=1.0;S0=K=100;r=0.09
0.3,1.8000000000,0.0001171894,0.0011325799,0.6008383658,Delta_Asian=U-z0*Uz;z0=K/S0=1.0;S0=K=100;r=0.09
0.3,1.8100000000,0.0001063851,0.0010331521,0.6008383658,Delta_Asian=U-z0*Uz;z0=K/S0=1.0;S0=K=100;r=0.09
0.3,1.8200000000,0.0000965264,0.0009430902,0.6008383658,Delta_Asian=U-z0*Uz;z0=K/S0=1.0;S0=K=100;r=0.09
0.3,1.8300000000,0.0000875233,0.0008616790,0.6008383658,Delta_Asian=U-z0*Uz;z0=K/S0=1.0;S0=K=100;r=0.09
0.3,1.8400000000,0.0000792928,0.0007882806,0.6008383658,Delta_Asian=U-z0*Uz;z0=K/S0=1.0;S0=K=100;r=0.09
0.3,1.8500000000,0.0000717577,0.0007223311,0.6008383658,Delta_Asian=U-z0*Uz;z0=K/S0=1.0;S0=K=100;r=0.09
0.3,1.8600000000,0.0000648462,0.0006633377,0.6008383658,Delta_Asian=U-z0*Uz;z0=K/S0=1.0;S0=K=100;r=0.09
0.3,1.8700000000,0.0000584909,0.0006108765,0.6008383658,Delta_Asian=U-z0*Uz;z0=K/S0=1.0;S0=K=100;r=0.09
0.3,1.8800000000,0.0000526286,0.0005645912,0.6008383658,Delta_Asian=U-z0*Uz;z0=K/S0=1.0;S0=K=100;r=0.09
0.3,1.8900000000,0.0000471991,0.0005241922,0.6008383658,Delta_Asian=U-z0*Uz;z0=K/S0=1.0;S0=K=100;r=0.09
0.3,1.9000000000,0.0000421448,0.0004894565,0.6008383658,Delta_Asian=U-z0*Uz;z0=K/S0=1.0;S0=K=100;r=0.09
0.3,1.9100000000,0.0000374100,0.0004602288,0.6008383658,Delta_Asian=U-z0*Uz;z0=K/S0=1.0;S0=K=100;r=0.09
0.3,1.9200000000,0.0000329402,0.0004364226,0.6008383658,Delta_Asian=U-z0*Uz;z0=K/S0=1.0;S0=K=100;r=0.09
0.3,1.9300000000,0.0000286815,0.0004180227,0.6008383658,Delta_Asian=U-z0*Uz;z0=K/S0=1.0;S0=K=100;r=0.09
0.3,1.9400000000,0.0000245797,0.0004050887,0.6008383658,Delta_Asian=U-z0*Uz;z0=K/S0=1.0;S0=K=100;r=0.09
0.3,1.9500000000,0.0000205797,0.0003977590,0.6008383658,Delta_Asian=U-z0*Uz;z0=K/S0=1.0;S0=K=100;r=0.09
0.3,1.9600000000,0.0000166246,0.0003962559,0.6008383658,Delta_Asian=U-z0*Uz;z0=K/S0=1.0;S0=K=100;r=0.09
0.3,1.9700000000,0.0000126546,0.0004008925,0.6008383658,Delta_Asian=U-z0*Uz;z0=K/S0=1.0;S0=K=100;r=0.09
0.3,1.9800000000,0.0000086067,0.0004120798,0.6008383658,Delta_Asian=U-z0*Uz;z0=K/S0=1.0;S0=K=100;r=0.09
0.3,1.9900000000,0.0000044130,0.0004303360,0.6008383658,Delta_Asian=U-z0*Uz;z0=K/S0=1.0;S0=K=100;r=0.09
